subscription_id,user_id,payment_date,amount,subscription_type,payment_status
S000001,U000001,2025-01-02,34.84,Monthly,Success
S000002,U000001,2025-01-30,36.48,Monthly,Success
S000003,U000001,2025-03-02,36.26,Monthly,Success
S000004,U000001,2025-04-02,34.0,Monthly,Success
S000005,U000001,2025-04-30,36.37,Monthly,Success
S000006,U000001,2025-06-01,36.42,Monthly,Success
S000007,U000001,2025-07-01,33.56,Monthly,Success
S000008,U000001,2025-07-29,35.93,Monthly,Success
S000009,U000004,2025-05-29,35.87,Monthly,Success
S000010,U000004,2025-06-28,33.93,Monthly,Success
S000011,U000004,2025-07-30,34.82,Monthly,Success
S000012,U000004,2025-08-27,35.74,Monthly,Success
S000013,U000004,2025-09-27,33.52,Monthly,Success
S000014,U000004,2025-10-27,36.1,Monthly,Success
S000015,U000004,2025-11-26,34.12,Monthly,Success
S000016,U000005,2024-07-03,33.76,Monthly,Success
S000017,U000005,2024-08-02,36.35,Monthly,Success
S000018,U000005,2024-08-31,35.85,Monthly,Success
S000019,U000005,2024-10-01,34.26,Monthly,Success
S000020,U000005,2024-10-30,36.64,Monthly,Success
S000021,U000007,2024-03-18,12.04,Monthly,Success
S000022,U000007,2024-04-18,11.89,Monthly,Success
S000023,U000008,2025-10-26,33.9,Monthly,Success
S000024,U000008,2025-11-24,34.45,Monthly,Success
S000025,U000009,2025-06-05,116.16,Annual,Success
S000026,U000010,2025-08-03,36.15,Monthly,Success
S000027,U000010,2025-09-02,36.51,Monthly,Success
S000028,U000011,2024-02-03,1016.02,Annual,Success
S000029,U000012,2025-12-19,34.95,Monthly,Success
S000030,U000017,2024-11-12,334.71,Annual,Success
S000031,U000019,2025-02-10,99.35,Monthly,Success
S000032,U000019,2025-03-12,95.81,Monthly,Success
S000033,U000019,2025-04-12,95.95,Monthly,Success
S000034,U000021,2025-06-06,33.5,Monthly,Success
S000035,U000021,2025-07-07,34.42,Monthly,Success
S000036,U000021,2025-08-05,33.83,Monthly,Success
S000037,U000021,2025-09-03,36.02,Monthly,Failed
S000038,U000024,2024-12-26,36.21,Monthly,Success
S000039,U000024,2025-01-25,34.13,Monthly,Success
S000040,U000024,2025-02-23,35.4,Monthly,Success
S000041,U000024,2025-03-26,35.01,Monthly,Success
S000042,U000024,2025-04-24,33.32,Monthly,Success
S000043,U000024,2025-05-26,35.2,Monthly,Success
S000044,U000024,2025-06-23,35.23,Monthly,Success
S000045,U000024,2025-07-24,34.87,Monthly,Success
S000046,U000027,2024-08-17,121.7,Annual,Success
S000047,U000029,2025-05-31,352.67,Annual,Success
S000048,U000030,2024-03-09,986.79,Annual,Success
S000049,U000030,2025-03-08,1019.08,Annual,Success
S000050,U000032,2024-07-15,117.03,Annual,Success
S000051,U000033,2024-03-27,338.65,Annual,Success
S000052,U000034,2025-12-06,1036.52,Annual,Failed
S000053,U000035,2025-12-20,1038.91,Annual,Success
S000054,U000041,2024-05-28,36.3,Monthly,Success
S000055,U000041,2024-06-28,33.73,Monthly,Success
S000056,U000041,2024-07-27,33.82,Monthly,Success
S000057,U000041,2024-08-26,36.7,Monthly,Success
S000058,U000041,2024-09-26,34.58,Monthly,Success
S000059,U000041,2024-10-25,36.12,Monthly,Success
S000060,U000041,2024-11-25,36.48,Monthly,Success
S000061,U000042,2025-03-26,125.05,Annual,Success
S000062,U000045,2024-10-07,119.22,Annual,Success
S000063,U000049,2025-04-28,962.62,Annual,Success
S000064,U000051,2025-12-18,361.62,Annual,Success
S000065,U000053,2025-12-03,12.53,Monthly,Failed
S000066,U000054,2025-11-09,36.18,Monthly,Success
S000067,U000058,2024-08-10,960.03,Annual,Success
S000068,U000061,2025-01-10,11.51,Monthly,Success
S000069,U000064,2024-12-19,11.82,Monthly,Success
S000070,U000064,2025-01-17,11.93,Monthly,Success
S000071,U000064,2025-02-18,12.58,Monthly,Success
S000072,U000065,2024-10-20,33.37,Monthly,Success
S000073,U000065,2024-11-20,34.64,Monthly,Success
S000074,U000065,2024-12-21,34.09,Monthly,Success
S000075,U000065,2025-01-20,34.04,Monthly,Success
S000076,U000065,2025-02-19,34.14,Monthly,Success
S000077,U000065,2025-03-20,34.45,Monthly,Success
S000078,U000065,2025-04-20,34.82,Monthly,Success
S000079,U000065,2025-05-19,34.12,Monthly,Success
S000080,U000067,2024-06-16,36.25,Monthly,Success
S000081,U000067,2024-07-17,36.3,Monthly,Success
S000082,U000067,2024-08-15,34.41,Monthly,Success
S000083,U000067,2024-09-16,35.15,Monthly,Success
S000084,U000067,2024-10-15,33.92,Monthly,Success
S000085,U000067,2024-11-14,34.83,Monthly,Success
S000086,U000067,2024-12-14,35.48,Monthly,Success
S000087,U000067,2025-01-14,34.83,Monthly,Success
S000088,U000067,2025-02-11,35.19,Monthly,Success
S000089,U000067,2025-03-14,34.73,Monthly,Success
S000090,U000067,2025-04-13,36.1,Monthly,Success
S000091,U000067,2025-05-12,36.5,Monthly,Success
S000092,U000067,2025-06-12,36.36,Monthly,Success
S000093,U000067,2025-07-12,33.94,Monthly,Success
S000094,U000067,2025-08-11,34.97,Monthly,Success
S000095,U000067,2025-09-09,36.31,Monthly,Success
S000096,U000068,2025-09-21,35.01,Monthly,Success
S000097,U000069,2024-04-09,960.68,Annual,Success
S000098,U000069,2025-04-08,1003.58,Annual,Success
S000099,U000072,2024-08-11,33.96,Monthly,Success
S000100,U000072,2024-09-09,35.89,Monthly,Success
S000101,U000072,2024-10-11,33.57,Monthly,Success
S000102,U000075,2025-07-31,968.15,Annual,Success
S000103,U000079,2024-12-25,983.65,Annual,Success
S000104,U000081,2025-10-25,11.63,Monthly,Success
S000105,U000081,2025-11-24,12.44,Monthly,Success
S000106,U000082,2025-06-13,35.56,Monthly,Success
S000107,U000082,2025-07-12,35.25,Monthly,Success
S000108,U000082,2025-08-13,36.68,Monthly,Success
S000109,U000082,2025-09-10,35.95,Monthly,Success
S000110,U000082,2025-10-10,34.72,Monthly,Success
S000111,U000082,2025-11-11,34.41,Monthly,Success
S000112,U000086,2024-11-30,117.98,Annual,Success
S000113,U000088,2025-06-21,945.23,Annual,Success
S000114,U000089,2025-11-05,12.32,Monthly,Success
S000115,U000090,2025-03-09,12.57,Monthly,Success
S000116,U000090,2025-04-09,12.46,Monthly,Success
S000117,U000090,2025-05-09,12.42,Monthly,Success
S000118,U000090,2025-06-07,11.65,Monthly,Success
S000119,U000090,2025-07-09,11.85,Monthly,Success
S000120,U000090,2025-08-06,11.75,Monthly,Success
S000121,U000090,2025-09-07,11.99,Monthly,Success
S000122,U000090,2025-10-06,11.5,Monthly,Success
S000123,U000092,2025-08-05,11.97,Monthly,Success
S000124,U000092,2025-09-03,12.34,Monthly,Success
S000125,U000092,2025-10-05,11.97,Monthly,Success
S000126,U000095,2025-09-07,34.54,Monthly,Success
S000127,U000096,2025-03-24,12.16,Monthly,Success
S000128,U000096,2025-04-22,11.69,Monthly,Success
S000129,U000096,2025-05-23,12.1,Monthly,Success
S000130,U000096,2025-06-23,12.13,Monthly,Success
S000131,U000096,2025-07-22,11.87,Monthly,Success
S000132,U000097,2025-04-11,11.44,Monthly,Success
S000133,U000097,2025-05-12,12.5,Monthly,Success
S000134,U000097,2025-06-10,12.54,Monthly,Success
S000135,U000097,2025-07-12,12.07,Monthly,Success
S000136,U000097,2025-08-09,11.84,Monthly,Success
S000137,U000097,2025-09-09,11.49,Monthly,Success
S000138,U000097,2025-10-09,11.47,Monthly,Success
S000139,U000099,2024-02-10,119.93,Annual,Success
S000140,U000102,2025-06-22,12.17,Monthly,Success
S000141,U000102,2025-07-21,12.5,Monthly,Success
S000142,U000102,2025-08-20,12.46,Monthly,Success
S000143,U000102,2025-09-19,11.74,Monthly,Success
S000144,U000104,2025-04-02,34.3,Monthly,Success
S000145,U000104,2025-05-02,36.31,Monthly,Success
S000146,U000104,2025-06-02,36.19,Monthly,Success
S000147,U000104,2025-07-01,34.91,Monthly,Success
S000148,U000104,2025-08-02,34.04,Monthly,Success
S000149,U000104,2025-08-31,33.7,Monthly,Success
S000150,U000104,2025-10-01,35.79,Monthly,Success
S000151,U000108,2025-08-27,11.81,Monthly,Success
S000152,U000108,2025-09-26,12.12,Monthly,Success
S000153,U000108,2025-10-28,11.45,Monthly,Success
S000154,U000109,2024-09-08,336.2,Annual,Success
S000155,U000112,2024-07-10,1002.88,Annual,Success
S000156,U000112,2025-07-07,1037.96,Annual,Success
S000157,U000113,2025-11-29,12.32,Monthly,Success
S000158,U000114,2025-09-27,333.84,Annual,Success
S000159,U000115,2025-06-20,335.23,Annual,Success
S000160,U000116,2025-10-30,99.23,Monthly,Success
S000161,U000117,2025-09-22,34.45,Monthly,Success
S000162,U000119,2025-11-08,996.53,Annual,Success
S000163,U000120,2025-04-26,355.17,Annual,Failed
S000164,U000121,2025-09-24,12.53,Monthly,Success
S000165,U000123,2024-11-20,971.45,Annual,Success
S000166,U000124,2024-05-15,12.01,Monthly,Success
S000167,U000125,2024-09-07,35.25,Monthly,Success
S000168,U000125,2024-10-05,35.45,Monthly,Success
S000169,U000125,2024-11-06,33.39,Monthly,Success
S000170,U000125,2024-12-05,35.6,Monthly,Success
S000171,U000125,2025-01-03,36.58,Monthly,Success
S000172,U000125,2025-02-03,34.0,Monthly,Success
S000173,U000125,2025-03-04,33.3,Monthly,Success
S000174,U000125,2025-04-04,33.62,Monthly,Success
S000175,U000125,2025-05-04,33.62,Monthly,Success
S000176,U000125,2025-06-03,35.32,Monthly,Success
S000177,U000125,2025-07-02,35.58,Monthly,Success
S000178,U000125,2025-08-03,34.34,Monthly,Failed
S000179,U000125,2025-09-02,33.87,Monthly,Success
S000180,U000125,2025-10-01,33.93,Monthly,Success
S000181,U000125,2025-10-30,34.0,Monthly,Success
S000182,U000125,2025-11-29,35.15,Monthly,Success
S000183,U000128,2025-10-24,95.38,Monthly,Success
S000184,U000128,2025-11-22,100.05,Monthly,Success
S000185,U000131,2025-02-05,364.19,Annual,Success
S000186,U000133,2024-05-27,116.74,Annual,Success
S000187,U000133,2025-05-29,118.25,Annual,Success
S000188,U000139,2024-12-23,12.31,Monthly,Success
S000189,U000139,2025-01-23,12.48,Monthly,Success
S000190,U000139,2025-02-23,12.03,Monthly,Success
S000191,U000139,2025-03-24,11.67,Monthly,Success
S000192,U000139,2025-04-22,12.38,Monthly,Success
S000193,U000140,2025-12-18,11.65,Monthly,Success
S000194,U000144,2024-11-06,337.72,Annual,Success
S000195,U000145,2024-10-24,103.81,Monthly,Success
S000196,U000145,2024-11-23,97.47,Monthly,Success
S000197,U000145,2024-12-23,94.58,Monthly,Success
S000198,U000145,2025-01-23,97.72,Monthly,Success
S000199,U000145,2025-02-22,100.04,Monthly,Success
S000200,U000145,2025-03-22,96.66,Monthly,Success
S000201,U000145,2025-04-21,95.66,Monthly,Success
S000202,U000145,2025-05-21,100.27,Monthly,Success
S000203,U000145,2025-06-21,103.52,Monthly,Success
S000204,U000145,2025-07-22,94.69,Monthly,Success
S000205,U000145,2025-08-21,99.99,Monthly,Success
S000206,U000148,2025-03-30,34.51,Monthly,Success
S000207,U000148,2025-04-30,35.28,Monthly,Success
S000208,U000148,2025-05-28,35.81,Monthly,Success
S000209,U000148,2025-06-27,33.38,Monthly,Success
S000210,U000148,2025-07-28,35.49,Monthly,Success
S000211,U000148,2025-08-26,34.08,Monthly,Success
S000212,U000148,2025-09-26,35.95,Monthly,Success
S000213,U000149,2024-03-10,12.47,Monthly,Success
S000214,U000149,2024-04-09,12.45,Monthly,Success
S000215,U000149,2024-05-08,11.71,Monthly,Success
S000216,U000151,2025-11-18,34.63,Monthly,Success
S000217,U000152,2024-09-16,345.22,Annual,Success
S000218,U000152,2025-09-21,343.04,Annual,Success
S000219,U000153,2024-06-26,984.46,Annual,Success
S000220,U000155,2025-12-25,979.9,Annual,Success
S000221,U000156,2024-09-23,122.14,Annual,Success
S000222,U000156,2025-09-19,118.32,Annual,Success
S000223,U000158,2025-08-30,12.28,Monthly,Success
S000224,U000158,2025-10-01,12.51,Monthly,Success
S000225,U000158,2025-10-31,11.68,Monthly,Success
S000226,U000159,2024-09-16,12.52,Monthly,Success
S000227,U000159,2024-10-15,11.4,Monthly,Success
S000228,U000159,2024-11-13,12.51,Monthly,Success
S000229,U000160,2025-08-12,12.49,Monthly,Success
S000230,U000160,2025-09-13,11.96,Monthly,Success
S000231,U000160,2025-10-11,12.52,Monthly,Success
S000232,U000166,2025-10-15,1010.65,Annual,Success
S000233,U000170,2025-05-24,11.47,Monthly,Success
S000234,U000170,2025-06-25,12.27,Monthly,Success
S000235,U000170,2025-07-25,12.56,Monthly,Success
S000236,U000170,2025-08-23,12.52,Monthly,Success
S000237,U000170,2025-09-22,12.42,Monthly,Success
S000238,U000170,2025-10-22,11.88,Monthly,Success
S000239,U000172,2024-01-25,12.27,Monthly,Success
S000240,U000172,2024-02-25,11.48,Monthly,Success
S000241,U000172,2024-03-25,11.5,Monthly,Success
S000242,U000172,2024-04-23,12.01,Monthly,Success
S000243,U000176,2024-07-19,11.74,Monthly,Success
S000244,U000179,2025-12-05,345.56,Annual,Success
S000245,U000181,2024-12-07,34.05,Monthly,Success
S000246,U000181,2025-01-05,36.29,Monthly,Success
S000247,U000181,2025-02-06,36.3,Monthly,Success
S000248,U000181,2025-03-07,35.66,Monthly,Success
S000249,U000181,2025-04-06,33.67,Monthly,Success
S000250,U000184,2025-10-31,11.47,Monthly,Success
S000251,U000185,2024-10-07,362.48,Annual,Success
S000252,U000187,2025-10-02,11.57,Monthly,Success
S000253,U000187,2025-11-01,11.95,Monthly,Success
S000254,U000189,2025-04-16,98.22,Monthly,Success
S000255,U000189,2025-05-16,99.95,Monthly,Success
S000256,U000189,2025-06-16,96.52,Monthly,Success
S000257,U000189,2025-07-15,97.71,Monthly,Success
S000258,U000190,2024-09-18,12.45,Monthly,Success
S000259,U000190,2024-10-18,11.91,Monthly,Success
S000260,U000190,2024-11-17,11.6,Monthly,Success
S000261,U000196,2024-12-13,11.89,Monthly,Success
S000262,U000196,2025-01-11,12.53,Monthly,Success
S000263,U000196,2025-02-11,11.93,Monthly,Success
S000264,U000198,2025-11-10,11.54,Monthly,Success
S000265,U000199,2025-11-05,11.69,Monthly,Success
S000266,U000204,2025-11-13,12.14,Monthly,Success
S000267,U000209,2024-01-08,11.92,Monthly,Success
S000268,U000209,2024-02-09,11.63,Monthly,Success
S000269,U000209,2024-03-08,11.78,Monthly,Success
S000270,U000209,2024-04-09,11.49,Monthly,Success
S000271,U000209,2024-05-09,11.44,Monthly,Success
S000272,U000209,2024-06-07,11.68,Monthly,Success
S000273,U000209,2024-07-06,12.51,Monthly,Success
S000274,U000209,2024-08-07,12.3,Monthly,Success
S000275,U000210,2024-07-06,122.04,Annual,Success
S000276,U000210,2025-07-11,122.34,Annual,Success
S000277,U000214,2024-09-02,334.5,Annual,Success
S000278,U000215,2025-08-05,34.26,Monthly,Success
S000279,U000215,2025-09-03,35.8,Monthly,Success
S000280,U000216,2024-09-16,1015.69,Annual,Success
S000281,U000218,2025-08-24,33.58,Monthly,Success
S000282,U000218,2025-09-23,33.32,Monthly,Success
S000283,U000219,2025-06-30,358.6,Annual,Success
S000284,U000220,2025-10-16,100.97,Monthly,Success
S000285,U000222,2025-05-12,36.62,Monthly,Success
S000286,U000222,2025-06-11,33.46,Monthly,Success
S000287,U000222,2025-07-09,36.56,Monthly,Success
S000288,U000222,2025-08-10,35.53,Monthly,Success
S000289,U000222,2025-09-08,34.05,Monthly,Success
S000290,U000226,2024-09-20,12.57,Monthly,Success
S000291,U000226,2024-10-20,11.53,Monthly,Success
S000292,U000226,2024-11-19,12.2,Monthly,Success
S000293,U000226,2024-12-19,12.28,Monthly,Success
S000294,U000226,2025-01-19,11.83,Monthly,Success
S000295,U000226,2025-02-16,12.38,Monthly,Success
S000296,U000226,2025-03-19,11.42,Monthly,Failed
S000297,U000226,2025-04-19,11.94,Monthly,Success
S000298,U000226,2025-05-18,12.2,Monthly,Success
S000299,U000227,2025-12-21,342.89,Annual,Success
S000300,U000234,2025-03-22,336.26,Annual,Success
S000301,U000236,2025-08-09,11.56,Monthly,Success
S000302,U000237,2024-10-25,967.34,Annual,Success
S000303,U000238,2024-02-05,1033.62,Annual,Success
S000304,U000239,2025-06-27,124.6,Annual,Success
S000305,U000241,2025-12-04,35.79,Monthly,Success
S000306,U000243,2025-11-19,34.2,Monthly,Success
S000307,U000244,2025-01-01,350.66,Annual,Success
S000308,U000244,2025-12-29,357.61,Annual,Success
S000309,U000245,2024-01-24,333.61,Annual,Success
S000310,U000245,2025-01-21,356.05,Annual,Success
S000311,U000247,2025-02-08,12.43,Monthly,Success
S000312,U000247,2025-03-11,12.44,Monthly,Success
S000313,U000248,2025-12-20,346.94,Annual,Success
S000314,U000249,2025-12-16,35.87,Monthly,Success
S000315,U000251,2024-11-02,359.38,Annual,Success
S000316,U000254,2024-11-22,115.28,Annual,Success
S000317,U000257,2025-12-03,358.38,Annual,Success
S000318,U000260,2024-05-01,33.67,Monthly,Success
S000319,U000260,2024-05-31,34.15,Monthly,Success
S000320,U000260,2024-07-02,35.13,Monthly,Success
S000321,U000260,2024-08-01,35.03,Monthly,Success
S000322,U000260,2024-08-30,33.39,Monthly,Success
S000323,U000260,2024-09-30,34.74,Monthly,Success
S000324,U000260,2024-10-28,34.32,Monthly,Success
S000325,U000260,2024-11-29,34.22,Monthly,Success
S000326,U000260,2024-12-28,34.07,Monthly,Success
S000327,U000261,2025-06-10,1009.48,Annual,Success
S000328,U000262,2025-12-29,12.59,Monthly,Success
S000329,U000265,2025-10-31,114.81,Annual,Success
S000330,U000267,2025-07-25,11.76,Monthly,Success
S000331,U000267,2025-08-26,12.37,Monthly,Success
S000332,U000267,2025-09-24,11.96,Monthly,Success
S000333,U000267,2025-10-25,12.24,Monthly,Failed
S000334,U000267,2025-11-23,12.01,Monthly,Success
S000335,U000268,2025-07-28,33.92,Monthly,Success
S000336,U000268,2025-08-28,35.04,Monthly,Success
S000337,U000268,2025-09-27,36.59,Monthly,Success
S000338,U000268,2025-10-28,34.75,Monthly,Success
S000339,U000268,2025-11-27,35.45,Monthly,Success
S000340,U000271,2025-09-26,34.27,Monthly,Success
S000341,U000271,2025-10-26,33.84,Monthly,Success
S000342,U000272,2025-09-28,12.13,Monthly,Success
S000343,U000272,2025-10-27,11.72,Monthly,Success
S000344,U000274,2025-11-18,34.28,Monthly,Success
S000345,U000275,2025-04-10,962.44,Annual,Success
S000346,U000276,2025-03-30,12.44,Monthly,Success
S000347,U000278,2025-07-02,1006.55,Annual,Success
S000348,U000279,2025-07-30,11.77,Monthly,Success
S000349,U000279,2025-08-28,11.6,Monthly,Success
S000350,U000279,2025-09-26,12.57,Monthly,Success
S000351,U000281,2025-11-07,12.21,Monthly,Success
S000352,U000282,2024-12-06,11.81,Monthly,Success
S000353,U000283,2025-01-02,36.58,Monthly,Success
S000354,U000283,2025-02-02,35.25,Monthly,Success
S000355,U000283,2025-03-02,36.45,Monthly,Success
S000356,U000283,2025-04-03,35.68,Monthly,Failed
S000357,U000283,2025-05-03,33.47,Monthly,Success
S000358,U000283,2025-05-31,35.88,Monthly,Success
S000359,U000284,2024-04-30,123.01,Annual,Success
S000360,U000285,2025-05-17,34.61,Monthly,Success
S000361,U000285,2025-06-17,34.34,Monthly,Success
S000362,U000285,2025-07-16,36.05,Monthly,Success
S000363,U000285,2025-08-15,34.94,Monthly,Success
S000364,U000285,2025-09-13,33.92,Monthly,Success
S000365,U000285,2025-10-15,34.68,Monthly,Success
S000366,U000286,2024-02-21,35.71,Monthly,Refunded
S000367,U000286,2024-03-20,34.22,Monthly,Success
S000368,U000286,2024-04-19,33.97,Monthly,Success
S000369,U000286,2024-05-20,34.31,Monthly,Success
S000370,U000286,2024-06-18,34.55,Monthly,Success
S000371,U000286,2024-07-18,34.79,Monthly,Success
S000372,U000286,2024-08-18,34.1,Monthly,Success
S000373,U000286,2024-09-16,34.37,Monthly,Success
S000374,U000286,2024-10-18,34.74,Monthly,Success
S000375,U000287,2025-03-07,366.07,Annual,Success
S000376,U000288,2025-04-26,11.85,Monthly,Success
S000377,U000288,2025-05-25,12.33,Monthly,Success
S000378,U000288,2025-06-23,12.28,Monthly,Success
S000379,U000288,2025-07-23,12.13,Monthly,Success
S000380,U000288,2025-08-22,12.38,Monthly,Success
S000381,U000288,2025-09-21,11.5,Monthly,Success
S000382,U000288,2025-10-21,12.01,Monthly,Success
S000383,U000289,2024-10-27,351.54,Annual,Success
S000384,U000292,2024-02-26,954.94,Annual,Success
S000385,U000297,2025-09-04,346.84,Annual,Success
S000386,U000298,2024-08-27,34.22,Monthly,Success
S000387,U000300,2024-04-20,34.95,Monthly,Success
S000388,U000300,2024-05-19,33.9,Monthly,Success
S000389,U000300,2024-06-19,36.69,Monthly,Success
S000390,U000300,2024-07-19,36.36,Monthly,Success
S000391,U000300,2024-08-17,36.41,Monthly,Success
S000392,U000300,2024-09-16,34.63,Monthly,Success
S000393,U000300,2024-10-17,35.91,Monthly,Success
S000394,U000300,2024-11-16,36.13,Monthly,Success
S000395,U000300,2024-12-15,35.97,Monthly,Success
S000396,U000300,2025-01-13,34.63,Monthly,Success
S000397,U000302,2025-04-18,11.5,Monthly,Success
S000398,U000302,2025-05-17,12.07,Monthly,Success
S000399,U000304,2025-06-21,11.68,Monthly,Success
S000400,U000304,2025-07-21,11.6,Monthly,Success
S000401,U000304,2025-08-21,12.29,Monthly,Success
S000402,U000307,2025-04-09,362.28,Annual,Success
S000403,U000309,2025-09-20,33.26,Monthly,Success
S000404,U000309,2025-10-20,34.62,Monthly,Success
S000405,U000309,2025-11-17,33.44,Monthly,Success
S000406,U000310,2024-10-14,34.72,Monthly,Success
S000407,U000310,2024-11-11,35.83,Monthly,Success
S000408,U000310,2024-12-13,34.34,Monthly,Success
S000409,U000310,2025-01-11,33.63,Monthly,Success
S000410,U000310,2025-02-10,35.55,Monthly,Failed
S000411,U000310,2025-03-11,36.5,Monthly,Success
S000412,U000310,2025-04-12,35.14,Monthly,Success
S000413,U000310,2025-05-11,36.58,Monthly,Success
S000414,U000310,2025-06-10,36.5,Monthly,Success
S000415,U000310,2025-07-11,35.84,Monthly,Success
S000416,U000310,2025-08-10,33.45,Monthly,Success
S000417,U000310,2025-09-08,34.79,Monthly,Success
S000418,U000310,2025-10-09,33.5,Monthly,Success
S000419,U000312,2024-04-11,11.67,Monthly,Success
S000420,U000312,2024-05-12,11.82,Monthly,Success
S000421,U000312,2024-06-10,12.38,Monthly,Success
S000422,U000312,2024-07-10,12.15,Monthly,Success
S000423,U000312,2024-08-09,11.72,Monthly,Success
S000424,U000312,2024-09-07,12.13,Monthly,Success
S000425,U000315,2025-10-11,33.58,Monthly,Success
S000426,U000315,2025-11-08,33.7,Monthly,Success
S000427,U000317,2025-01-25,34.4,Monthly,Success
S000428,U000317,2025-02-25,34.07,Monthly,Success
S000429,U000317,2025-03-26,33.86,Monthly,Success
S000430,U000317,2025-04-27,36.29,Monthly,Success
S000431,U000317,2025-05-27,35.11,Monthly,Success
S000432,U000318,2024-07-23,118.88,Annual,Success
S000433,U000319,2024-07-03,35.87,Monthly,Success
S000434,U000319,2024-08-03,34.39,Monthly,Success
S000435,U000319,2024-09-02,35.62,Monthly,Failed
S000436,U000319,2024-10-02,35.55,Monthly,Success
S000437,U000319,2024-10-30,34.07,Monthly,Failed
S000438,U000319,2024-11-29,33.53,Monthly,Success
S000439,U000319,2024-12-29,35.17,Monthly,Success
S000440,U000319,2025-01-28,36.5,Monthly,Success
S000441,U000319,2025-02-27,36.43,Monthly,Success
S000442,U000319,2025-03-29,36.6,Monthly,Success
S000443,U000319,2025-04-29,33.42,Monthly,Success
S000444,U000319,2025-05-30,33.39,Monthly,Success
S000445,U000319,2025-06-27,35.94,Monthly,Success
S000446,U000319,2025-07-27,34.99,Monthly,Success
S000447,U000319,2025-08-28,35.93,Monthly,Success
S000448,U000319,2025-09-26,35.48,Monthly,Success
S000449,U000321,2025-04-29,12.22,Monthly,Success
S000450,U000321,2025-05-28,12.4,Monthly,Success
S000451,U000321,2025-06-27,11.5,Monthly,Success
S000452,U000321,2025-07-27,11.52,Monthly,Success
S000453,U000321,2025-08-28,12.52,Monthly,Success
S000454,U000321,2025-09-27,12.1,Monthly,Success
S000455,U000322,2025-08-07,959.74,Annual,Success
S000456,U000324,2024-10-20,334.69,Annual,Success
S000457,U000326,2025-08-18,11.57,Monthly,Success
S000458,U000327,2025-05-05,118.64,Annual,Success
S000459,U000328,2025-06-06,11.69,Monthly,Success
S000460,U000328,2025-07-06,12.56,Monthly,Success
S000461,U000328,2025-08-05,12.38,Monthly,Success
S000462,U000330,2024-09-28,1026.04,Annual,Success
S000463,U000331,2024-12-18,11.52,Monthly,Success
S000464,U000331,2025-01-18,11.8,Monthly,Success
S000465,U000331,2025-02-16,12.43,Monthly,Success
S000466,U000331,2025-03-18,11.5,Monthly,Success
S000467,U000331,2025-04-18,12.59,Monthly,Success
S000468,U000331,2025-05-18,12.04,Monthly,Success
S000469,U000331,2025-06-17,12.28,Monthly,Success
S000470,U000331,2025-07-17,12.07,Monthly,Success
S000471,U000334,2024-05-24,11.57,Monthly,Success
S000472,U000334,2024-06-21,11.89,Monthly,Success
S000473,U000334,2024-07-22,11.77,Monthly,Success
S000474,U000334,2024-08-22,12.35,Monthly,Success
S000475,U000334,2024-09-21,12.06,Monthly,Success
S000476,U000334,2024-10-21,12.18,Monthly,Success
S000477,U000334,2024-11-20,11.86,Monthly,Success
S000478,U000335,2024-03-06,964.78,Annual,Success
S000479,U000335,2025-03-09,950.18,Annual,Success
S000480,U000336,2024-03-01,961.8,Annual,Success
S000481,U000336,2025-02-26,976.38,Annual,Success
S000482,U000337,2025-10-20,349.5,Annual,Success
S000483,U000339,2025-03-12,102.42,Monthly,Success
S000484,U000339,2025-04-10,97.5,Monthly,Success
S000485,U000339,2025-05-10,100.45,Monthly,Success
S000486,U000340,2024-05-03,367.26,Annual,Success
S000487,U000340,2025-05-07,352.07,Annual,Success
S000488,U000350,2025-06-20,120.49,Annual,Success
S000489,U000352,2025-10-22,98.38,Monthly,Success
S000490,U000353,2025-07-03,335.07,Annual,Failed
S000491,U000354,2024-07-08,34.46,Monthly,Success
S000492,U000354,2024-08-08,36.45,Monthly,Success
S000493,U000354,2024-09-06,34.44,Monthly,Refunded
S000494,U000354,2024-10-07,34.07,Monthly,Success
S000495,U000354,2024-11-05,36.15,Monthly,Success
S000496,U000354,2024-12-05,34.23,Monthly,Success
S000497,U000354,2025-01-04,35.49,Monthly,Success
S000498,U000354,2025-02-04,35.5,Monthly,Success
S000499,U000354,2025-03-06,36.56,Monthly,Success
S000500,U000355,2024-04-01,12.04,Monthly,Success
S000501,U000355,2024-05-02,12.56,Monthly,Success
S000502,U000355,2024-05-31,11.78,Monthly,Success
S000503,U000355,2024-07-02,12.3,Monthly,Success
S000504,U000355,2024-07-30,12.5,Monthly,Success
S000505,U000355,2024-08-29,11.83,Monthly,Success
S000506,U000359,2025-12-04,33.8,Monthly,Success
S000507,U000361,2025-01-11,12.14,Monthly,Failed
S000508,U000361,2025-02-10,11.43,Monthly,Success
S000509,U000361,2025-03-13,12.36,Monthly,Success
S000510,U000361,2025-04-11,11.78,Monthly,Success
S000511,U000361,2025-05-12,11.53,Monthly,Success
S000512,U000361,2025-06-11,12.35,Monthly,Success
S000513,U000361,2025-07-10,12.04,Monthly,Success
S000514,U000362,2025-06-30,359.52,Annual,Success
S000515,U000363,2025-03-02,95.95,Monthly,Success
S000516,U000363,2025-03-30,102.47,Monthly,Success
S000517,U000363,2025-05-01,96.41,Monthly,Success
S000518,U000364,2025-04-26,34.24,Monthly,Success
S000519,U000364,2025-05-26,34.46,Monthly,Success
S000520,U000364,2025-06-25,36.67,Monthly,Success
S000521,U000365,2025-12-03,33.44,Monthly,Success
S000522,U000367,2025-12-17,121.26,Annual,Success
S000523,U000369,2024-08-09,967.23,Annual,Success
S000524,U000372,2024-01-28,953.05,Annual,Success
S000525,U000373,2024-04-29,11.41,Monthly,Success
S000526,U000373,2024-05-30,11.49,Monthly,Success
S000527,U000373,2024-06-28,11.95,Monthly,Success
S000528,U000373,2024-07-29,12.52,Monthly,Success
S000529,U000373,2024-08-26,11.99,Monthly,Success
S000530,U000374,2025-07-17,34.79,Monthly,Success
S000531,U000374,2025-08-18,35.18,Monthly,Success
S000532,U000374,2025-09-16,34.61,Monthly,Success
S000533,U000374,2025-10-15,35.09,Monthly,Success
S000534,U000375,2024-04-04,34.84,Monthly,Success
S000535,U000376,2024-11-22,352.07,Annual,Success
S000536,U000376,2025-11-24,365.67,Annual,Success
S000537,U000379,2025-09-28,1011.44,Annual,Success
S000538,U000380,2024-10-25,995.94,Annual,Success
S000539,U000381,2024-05-26,11.42,Monthly,Success
S000540,U000381,2024-06-25,12.43,Monthly,Success
S000541,U000381,2024-07-24,12.26,Monthly,Success
S000542,U000381,2024-08-24,12.6,Monthly,Success
S000543,U000381,2024-09-23,11.44,Monthly,Success
S000544,U000381,2024-10-23,11.59,Monthly,Success
S000545,U000384,2025-10-31,33.64,Monthly,Success
S000546,U000387,2024-10-22,12.31,Monthly,Success
S000547,U000387,2024-11-21,11.89,Monthly,Success
S000548,U000387,2024-12-21,11.52,Monthly,Success
S000549,U000387,2025-01-19,12.45,Monthly,Success
S000550,U000387,2025-02-19,11.75,Monthly,Success
S000551,U000387,2025-03-21,11.73,Monthly,Success
S000552,U000387,2025-04-20,12.32,Monthly,Success
S000553,U000387,2025-05-19,12.29,Monthly,Success
S000554,U000389,2025-08-29,1013.68,Annual,Success
S000555,U000392,2025-01-29,121.62,Annual,Success
S000556,U000393,2024-12-30,12.12,Monthly,Failed
S000557,U000393,2025-01-28,12.48,Monthly,Success
S000558,U000393,2025-02-27,11.57,Monthly,Success
S000559,U000397,2025-10-26,970.91,Annual,Success
S000560,U000399,2025-08-26,1034.26,Annual,Success
S000561,U000400,2025-08-29,11.56,Monthly,Success
S000562,U000400,2025-09-28,11.99,Monthly,Success
S000563,U000400,2025-10-27,11.47,Monthly,Success
S000564,U000400,2025-11-26,12.27,Monthly,Success
S000565,U000407,2025-01-12,353.62,Annual,Success
S000566,U000408,2024-01-17,11.89,Monthly,Success
S000567,U000408,2024-02-16,11.65,Monthly,Success
S000568,U000408,2024-03-17,11.69,Monthly,Success
S000569,U000410,2024-05-01,115.99,Annual,Success
S000570,U000411,2024-11-20,36.33,Monthly,Success
S000571,U000411,2024-12-20,35.11,Monthly,Success
S000572,U000411,2025-01-20,34.54,Monthly,Success
S000573,U000411,2025-02-18,35.21,Monthly,Success
S000574,U000411,2025-03-19,34.66,Monthly,Success
S000575,U000411,2025-04-20,34.81,Monthly,Success
S000576,U000413,2025-12-10,342.8,Annual,Success
S000577,U000414,2025-05-13,12.32,Monthly,Success
S000578,U000414,2025-06-14,11.44,Monthly,Success
S000579,U000414,2025-07-12,11.9,Monthly,Success
S000580,U000415,2025-06-23,969.54,Annual,Success
S000581,U000417,2024-10-31,974.95,Annual,Success
S000582,U000418,2024-11-29,355.14,Annual,Success
S000583,U000418,2025-11-27,334.69,Annual,Success
S000584,U000419,2025-07-12,12.22,Monthly,Success
S000585,U000419,2025-08-10,12.57,Monthly,Success
S000586,U000419,2025-09-09,12.59,Monthly,Success
S000587,U000419,2025-10-09,12.35,Monthly,Success
S000588,U000422,2025-09-19,1017.82,Annual,Success
S000589,U000427,2025-02-16,36.36,Monthly,Success
S000590,U000427,2025-03-19,36.51,Monthly,Success
S000591,U000427,2025-04-19,35.8,Monthly,Success
S000592,U000427,2025-05-17,33.53,Monthly,Success
S000593,U000427,2025-06-16,34.24,Monthly,Success
S000594,U000427,2025-07-18,33.26,Monthly,Success
S000595,U000427,2025-08-16,34.48,Monthly,Success
S000596,U000427,2025-09-16,36.68,Monthly,Success
S000597,U000427,2025-10-16,35.87,Monthly,Success
S000598,U000427,2025-11-13,34.39,Monthly,Success
S000599,U000428,2025-11-06,117.94,Annual,Success
S000600,U000429,2024-12-13,12.46,Monthly,Success
S000601,U000429,2025-01-14,12.47,Monthly,Success
S000602,U000429,2025-02-11,11.95,Monthly,Failed
S000603,U000429,2025-03-13,11.46,Monthly,Success
S000604,U000429,2025-04-13,11.72,Monthly,Success
S000605,U000429,2025-05-13,11.77,Monthly,Success
S000606,U000431,2024-06-19,12.11,Monthly,Success
S000607,U000431,2024-07-18,12.24,Monthly,Success
S000608,U000431,2024-08-19,12.41,Monthly,Success
S000609,U000431,2024-09-17,12.58,Monthly,Success
S000610,U000431,2024-10-16,12.56,Monthly,Success
S000611,U000431,2024-11-15,12.37,Monthly,Success
S000612,U000431,2024-12-15,12.17,Monthly,Success
S000613,U000431,2025-01-16,11.96,Monthly,Success
S000614,U000431,2025-02-13,11.49,Monthly,Success
S000615,U000431,2025-03-16,11.91,Monthly,Success
S000616,U000431,2025-04-15,12.42,Monthly,Success
S000617,U000431,2025-05-14,11.51,Monthly,Success
S000618,U000431,2025-06-15,12.38,Monthly,Success
S000619,U000431,2025-07-15,12.29,Monthly,Success
S000620,U000432,2025-08-31,12.4,Monthly,Success
S000621,U000432,2025-09-30,12.15,Monthly,Success
S000622,U000436,2025-07-29,99.64,Monthly,Success
S000623,U000436,2025-08-27,96.26,Monthly,Success
S000624,U000436,2025-09-26,95.76,Monthly,Success
S000625,U000436,2025-10-27,99.82,Monthly,Success
S000626,U000437,2024-04-07,353.51,Annual,Success
S000627,U000438,2025-10-06,964.01,Annual,Success
S000628,U000440,2024-04-14,36.11,Monthly,Success
S000629,U000440,2024-05-15,33.72,Monthly,Success
S000630,U000440,2024-06-14,36.1,Monthly,Success
S000631,U000440,2024-07-13,36.19,Monthly,Success
S000632,U000440,2024-08-13,35.57,Monthly,Success
S000633,U000440,2024-09-11,36.3,Monthly,Success
S000634,U000441,2024-04-19,12.54,Monthly,Success
S000635,U000441,2024-05-19,12.05,Monthly,Success
S000636,U000441,2024-06-17,12.3,Monthly,Success
S000637,U000442,2025-12-27,12.47,Monthly,Success
S000638,U000444,2024-12-28,34.66,Monthly,Success
S000639,U000444,2025-01-29,35.13,Monthly,Success
S000640,U000444,2025-02-27,33.36,Monthly,Success
S000641,U000444,2025-03-29,36.56,Monthly,Success
S000642,U000444,2025-04-29,36.0,Monthly,Success
S000643,U000444,2025-05-27,35.23,Monthly,Success
S000644,U000444,2025-06-26,34.66,Monthly,Success
S000645,U000444,2025-07-28,33.32,Monthly,Success
S000646,U000444,2025-08-27,36.05,Monthly,Success
S000647,U000445,2025-09-29,951.59,Annual,Success
S000648,U000448,2025-08-28,12.55,Monthly,Success
S000649,U000449,2025-01-01,973.02,Annual,Success
S000650,U000450,2024-04-17,12.0,Monthly,Success
S000651,U000450,2024-05-17,11.56,Monthly,Success
S000652,U000450,2024-06-16,12.3,Monthly,Success
S000653,U000454,2025-11-15,34.37,Monthly,Failed
S000654,U000455,2024-05-18,11.71,Monthly,Success
S000655,U000455,2024-06-18,11.65,Monthly,Success
S000656,U000455,2024-07-17,11.65,Monthly,Success
S000657,U000455,2024-08-17,12.19,Monthly,Success
S000658,U000456,2025-03-24,11.54,Monthly,Success
S000659,U000456,2025-04-22,12.12,Monthly,Success
S000660,U000456,2025-05-22,11.48,Monthly,Success
S000661,U000456,2025-06-23,12.39,Monthly,Success
S000662,U000456,2025-07-22,12.45,Monthly,Success
S000663,U000456,2025-08-21,11.96,Monthly,Success
S000664,U000456,2025-09-21,12.57,Monthly,Success
S000665,U000456,2025-10-19,12.51,Monthly,Success
S000666,U000458,2025-03-10,948.36,Annual,Success
S000667,U000460,2024-05-28,1024.83,Annual,Success
S000668,U000461,2024-05-25,11.75,Monthly,Success
S000669,U000461,2024-06-23,12.41,Monthly,Success
S000670,U000461,2024-07-24,11.79,Monthly,Success
S000671,U000461,2024-08-22,12.28,Monthly,Success
S000672,U000461,2024-09-22,12.53,Monthly,Success
S000673,U000461,2024-10-20,11.55,Monthly,Success
S000674,U000461,2024-11-21,12.02,Monthly,Success
S000675,U000461,2024-12-20,11.4,Monthly,Success
S000676,U000461,2025-01-19,12.24,Monthly,Success
S000677,U000461,2025-02-19,11.59,Monthly,Success
S000678,U000461,2025-03-20,11.93,Monthly,Success
S000679,U000461,2025-04-19,12.23,Monthly,Success
S000680,U000462,2025-06-30,361.96,Annual,Success
S000681,U000463,2025-08-22,116.77,Annual,Success
S000682,U000465,2025-12-19,365.5,Annual,Success
S000683,U000467,2024-10-24,34.18,Monthly,Success
S000684,U000467,2024-11-23,33.27,Monthly,Success
S000685,U000467,2024-12-25,33.87,Monthly,Success
S000686,U000467,2025-01-24,34.4,Monthly,Success
S000687,U000467,2025-02-22,33.73,Monthly,Success
S000688,U000468,2025-10-29,1025.33,Annual,Success
S000689,U000471,2024-01-19,12.09,Monthly,Success
S000690,U000471,2024-02-17,12.0,Monthly,Success
S000691,U000472,2025-12-19,12.19,Monthly,Success
S000692,U000473,2024-02-29,12.46,Monthly,Success
S000693,U000473,2024-03-31,11.55,Monthly,Success
S000694,U000474,2025-11-08,11.72,Monthly,Success
S000695,U000475,2025-04-16,35.12,Monthly,Failed
S000696,U000475,2025-05-16,36.71,Monthly,Success
S000697,U000475,2025-06-13,34.27,Monthly,Success
S000698,U000475,2025-07-14,35.71,Monthly,Success
S000699,U000479,2025-12-21,367.45,Annual,Success
S000700,U000481,2025-06-17,12.14,Monthly,Success
S000701,U000481,2025-07-18,11.65,Monthly,Success
S000702,U000481,2025-08-16,12.04,Monthly,Success
S000703,U000481,2025-09-15,11.46,Monthly,Success
S000704,U000482,2025-07-26,11.58,Monthly,Success
S000705,U000482,2025-08-26,12.22,Monthly,Success
S000706,U000483,2025-02-27,123.5,Annual,Success
S000707,U000485,2025-05-24,352.33,Annual,Failed
S000708,U000486,2025-11-16,350.12,Annual,Success
S000709,U000487,2024-03-03,101.67,Monthly,Success
S000710,U000487,2024-04-01,94.6,Monthly,Success
S000711,U000487,2024-05-03,96.58,Monthly,Success
S000712,U000487,2024-05-31,97.39,Monthly,Success
S000713,U000487,2024-07-01,103.54,Monthly,Refunded
S000714,U000487,2024-07-30,94.32,Monthly,Failed
S000715,U000487,2024-08-31,98.78,Monthly,Success
S000716,U000487,2024-09-30,100.4,Monthly,Refunded
S000717,U000487,2024-10-28,99.63,Monthly,Success
S000718,U000487,2024-11-29,101.42,Monthly,Success
S000719,U000487,2024-12-29,97.35,Monthly,Success
S000720,U000487,2025-01-26,99.34,Monthly,Success
S000721,U000487,2025-02-26,99.51,Monthly,Success
S000722,U000487,2025-03-27,96.91,Monthly,Success
S000723,U000487,2025-04-26,101.36,Monthly,Success
S000724,U000488,2024-10-20,36.4,Monthly,Failed
S000725,U000488,2024-11-19,34.91,Monthly,Success
S000726,U000488,2024-12-19,36.48,Monthly,Success
S000727,U000489,2025-12-08,11.69,Monthly,Success
S000728,U000490,2025-11-13,1034.09,Annual,Success
S000729,U000491,2025-02-26,12.48,Monthly,Success
S000730,U000491,2025-03-30,12.19,Monthly,Success
S000731,U000493,2024-10-19,100.18,Monthly,Success
S000732,U000493,2024-11-18,98.02,Monthly,Success
S000733,U000493,2024-12-18,99.41,Monthly,Success
S000734,U000493,2025-01-17,98.67,Monthly,Success
S000735,U000493,2025-02-14,99.63,Monthly,Success
S000736,U000493,2025-03-18,100.79,Monthly,Success
S000737,U000493,2025-04-17,97.21,Monthly,Success
S000738,U000493,2025-05-17,94.41,Monthly,Failed
S000739,U000493,2025-06-16,95.4,Monthly,Success
S000740,U000493,2025-07-15,98.42,Monthly,Success
S000741,U000493,2025-08-13,95.67,Monthly,Failed
S000742,U000494,2024-08-01,355.95,Annual,Success
S000743,U000495,2025-03-06,116.69,Annual,Success
S000744,U000496,2024-12-15,352.85,Annual,Success
S000745,U000497,2025-05-20,102.12,Monthly,Success
S000746,U000497,2025-06-19,98.01,Monthly,Success
S000747,U000497,2025-07-18,100.55,Monthly,Success
S000748,U000498,2024-04-13,985.94,Annual,Success
S000749,U000499,2025-12-19,976.79,Annual,Success
S000750,U000504,2025-09-29,103.15,Monthly,Success
S000751,U000507,2025-11-19,11.6,Monthly,Success
S000752,U000508,2025-10-08,350.9,Annual,Success
S000753,U000513,2025-11-28,355.46,Annual,Success
S000754,U000514,2025-10-26,36.0,Monthly,Success
S000755,U000514,2025-11-26,35.14,Monthly,Success
S000756,U000515,2024-03-04,11.72,Monthly,Success
S000757,U000515,2024-04-02,11.48,Monthly,Success
S000758,U000515,2024-05-03,12.02,Monthly,Success
S000759,U000515,2024-05-31,11.44,Monthly,Success
S000760,U000515,2024-07-01,12.31,Monthly,Success
S000761,U000516,2024-02-07,33.48,Monthly,Success
S000762,U000516,2024-03-07,36.71,Monthly,Success
S000763,U000516,2024-04-06,34.83,Monthly,Success
S000764,U000516,2024-05-07,33.7,Monthly,Success
S000765,U000516,2024-06-05,34.13,Monthly,Success
S000766,U000516,2024-07-06,36.06,Monthly,Success
S000767,U000516,2024-08-06,35.23,Monthly,Success
S000768,U000516,2024-09-05,34.09,Monthly,Success
S000769,U000518,2025-09-27,366.68,Annual,Success
S000770,U000521,2025-05-28,11.87,Monthly,Success
S000771,U000521,2025-06-26,11.98,Monthly,Success
S000772,U000521,2025-07-26,11.7,Monthly,Success
S000773,U000521,2025-08-24,12.56,Monthly,Success
S000774,U000521,2025-09-23,11.72,Monthly,Success
S000775,U000521,2025-10-24,11.46,Monthly,Success
S000776,U000521,2025-11-24,11.63,Monthly,Success
S000777,U000524,2025-10-19,117.52,Annual,Success
S000778,U000525,2025-10-12,12.6,Monthly,Success
S000779,U000527,2025-01-29,12.44,Monthly,Failed
S000780,U000527,2025-03-02,12.02,Monthly,Success
S000781,U000527,2025-03-30,12.38,Monthly,Success
S000782,U000527,2025-05-01,11.91,Monthly,Success
S000783,U000528,2024-10-16,11.67,Monthly,Success
S000784,U000528,2024-11-15,11.78,Monthly,Success
S000785,U000529,2024-03-16,114.6,Annual,Success
S000786,U000529,2025-03-15,116.27,Annual,Failed
S000787,U000530,2025-10-24,35.17,Monthly,Success
S000788,U000530,2025-11-23,36.04,Monthly,Success
S000789,U000532,2025-12-31,11.73,Monthly,Success
S000790,U000533,2025-12-31,954.59,Annual,Success
S000791,U000534,2025-05-06,117.14,Annual,Success
S000792,U000535,2025-09-08,354.42,Annual,Success
S000793,U000538,2024-09-22,34.28,Monthly,Success
S000794,U000538,2024-10-23,35.4,Monthly,Success
S000795,U000538,2024-11-22,36.05,Monthly,Success
S000796,U000538,2024-12-23,34.16,Monthly,Success
S000797,U000538,2025-01-22,36.68,Monthly,Success
S000798,U000538,2025-02-19,34.91,Monthly,Success
S000799,U000538,2025-03-23,34.48,Monthly,Failed
S000800,U000539,2025-02-24,35.71,Monthly,Success
S000801,U000539,2025-03-26,34.58,Monthly,Success
S000802,U000539,2025-04-23,36.18,Monthly,Success
S000803,U000539,2025-05-23,36.71,Monthly,Success
S000804,U000539,2025-06-22,35.51,Monthly,Success
S000805,U000539,2025-07-24,33.86,Monthly,Success
S000806,U000539,2025-08-23,34.38,Monthly,Success
S000807,U000539,2025-09-21,35.99,Monthly,Success
S000808,U000539,2025-10-21,35.41,Monthly,Success
S000809,U000541,2025-12-11,36.47,Monthly,Success
S000810,U000543,2024-09-06,12.56,Monthly,Success
S000811,U000543,2024-10-06,11.41,Monthly,Success
S000812,U000543,2024-11-05,11.91,Monthly,Success
S000813,U000543,2024-12-06,11.73,Monthly,Success
S000814,U000544,2025-07-13,35.3,Monthly,Success
S000815,U000544,2025-08-11,34.41,Monthly,Success
S000816,U000544,2025-09-09,34.28,Monthly,Success
S000817,U000544,2025-10-11,34.49,Monthly,Failed
S000818,U000544,2025-11-10,35.15,Monthly,Success
S000819,U000545,2025-06-10,339.5,Annual,Success
S000820,U000546,2024-12-22,356.84,Annual,Failed
S000821,U000546,2025-12-24,347.48,Annual,Success
S000822,U000547,2024-05-22,334.04,Annual,Success
S000823,U000549,2025-04-12,34.68,Monthly,Success
S000824,U000549,2025-05-11,34.93,Monthly,Success
S000825,U000549,2025-06-11,36.15,Monthly,Success
S000826,U000549,2025-07-09,34.36,Monthly,Success
S000827,U000553,2025-05-04,340.58,Annual,Success
S000828,U000554,2025-05-07,11.69,Monthly,Success
S000829,U000554,2025-06-05,12.57,Monthly,Success
S000830,U000554,2025-07-04,11.58,Monthly,Success
S000831,U000555,2025-11-01,35.54,Monthly,Success
S000832,U000556,2025-01-23,34.33,Monthly,Success
S000833,U000556,2025-02-22,36.13,Monthly,Success
S000834,U000556,2025-03-23,33.62,Monthly,Success
S000835,U000558,2024-02-09,12.46,Monthly,Success
S000836,U000558,2024-03-10,11.48,Monthly,Success
S000837,U000558,2024-04-10,11.93,Monthly,Success
S000838,U000558,2024-05-09,12.09,Monthly,Success
S000839,U000558,2024-06-08,11.57,Monthly,Success
S000840,U000558,2024-07-09,12.5,Monthly,Success
S000841,U000558,2024-08-09,12.33,Monthly,Success
S000842,U000558,2024-09-07,12.35,Monthly,Success
S000843,U000558,2024-10-08,12.37,Monthly,Success
S000844,U000560,2025-06-12,11.77,Monthly,Success
S000845,U000561,2025-08-01,363.13,Annual,Success
S000846,U000562,2024-08-23,11.76,Monthly,Success
S000847,U000562,2024-09-23,12.35,Monthly,Success
S000848,U000562,2024-10-23,11.64,Monthly,Success
S000849,U000562,2024-11-23,11.89,Monthly,Success
S000850,U000562,2024-12-22,11.83,Monthly,Success
S000851,U000562,2025-01-20,11.76,Monthly,Success
S000852,U000562,2025-02-21,12.37,Monthly,Success
S000853,U000562,2025-03-21,11.81,Monthly,Failed
S000854,U000562,2025-04-22,12.55,Monthly,Success
S000855,U000562,2025-05-22,11.87,Monthly,Success
S000856,U000563,2024-06-12,12.45,Monthly,Success
S000857,U000563,2024-07-13,11.42,Monthly,Success
S000858,U000564,2024-01-24,357.21,Annual,Success
S000859,U000564,2025-01-24,349.21,Annual,Success
S000860,U000566,2025-05-24,119.86,Annual,Success
S000861,U000572,2025-09-11,1005.55,Annual,Success
S000862,U000573,2025-01-17,11.6,Monthly,Success
S000863,U000573,2025-02-15,12.52,Monthly,Success
S000864,U000573,2025-03-18,12.09,Monthly,Success
S000865,U000573,2025-04-17,12.55,Monthly,Success
S000866,U000574,2025-06-17,355.18,Annual,Success
S000867,U000578,2025-11-26,12.23,Monthly,Success
S000868,U000581,2025-02-28,12.08,Monthly,Success
S000869,U000581,2025-03-31,12.43,Monthly,Success
S000870,U000581,2025-05-01,12.31,Monthly,Failed
S000871,U000582,2025-12-22,12.55,Monthly,Success
S000872,U000584,2024-11-28,11.71,Monthly,Success
S000873,U000584,2024-12-28,11.8,Monthly,Success
S000874,U000586,2024-09-18,11.96,Monthly,Success
S000875,U000586,2024-10-16,11.61,Monthly,Success
S000876,U000586,2024-11-16,12.44,Monthly,Success
S000877,U000586,2024-12-15,12.46,Monthly,Success
S000878,U000586,2025-01-14,11.4,Monthly,Success
S000879,U000588,2024-06-04,11.89,Monthly,Success
S000880,U000588,2024-07-05,11.47,Monthly,Success
S000881,U000588,2024-08-05,12.46,Monthly,Success
S000882,U000588,2024-09-04,11.59,Monthly,Success
S000883,U000588,2024-10-03,12.18,Monthly,Success
S000884,U000588,2024-11-02,11.82,Monthly,Success
S000885,U000588,2024-12-03,11.83,Monthly,Success
S000886,U000588,2025-01-02,12.56,Monthly,Success
S000887,U000590,2024-06-29,100.63,Monthly,Success
S000888,U000590,2024-07-29,98.4,Monthly,Success
S000889,U000590,2024-08-28,99.69,Monthly,Success
S000890,U000590,2024-09-26,101.57,Monthly,Success
S000891,U000590,2024-10-27,94.62,Monthly,Success
S000892,U000590,2024-11-26,100.53,Monthly,Success
S000893,U000590,2024-12-25,102.2,Monthly,Success
S000894,U000591,2024-06-15,11.51,Monthly,Success
S000895,U000591,2024-07-16,11.98,Monthly,Success
S000896,U000591,2024-08-15,11.53,Monthly,Success
S000897,U000591,2024-09-13,11.61,Monthly,Success
S000898,U000591,2024-10-14,12.16,Monthly,Success
S000899,U000591,2024-11-13,12.15,Monthly,Success
S000900,U000591,2024-12-13,12.57,Monthly,Success
S000901,U000591,2025-01-10,12.23,Monthly,Success
S000902,U000592,2025-06-25,101.92,Monthly,Success
S000903,U000592,2025-07-25,99.12,Monthly,Success
S000904,U000593,2024-07-28,12.27,Monthly,Success
S000905,U000593,2024-08-27,11.77,Monthly,Success
S000906,U000593,2024-09-25,11.65,Monthly,Success
S000907,U000593,2024-10-25,11.79,Monthly,Success
S000908,U000593,2024-11-25,11.45,Monthly,Success
S000909,U000597,2025-07-10,35.88,Monthly,Success
S000910,U000597,2025-08-07,34.71,Monthly,Success
S000911,U000597,2025-09-08,35.68,Monthly,Success
S000912,U000597,2025-10-06,35.15,Monthly,Success
S000913,U000597,2025-11-06,36.41,Monthly,Success
S000914,U000598,2024-07-21,339.51,Annual,Success
S000915,U000599,2024-08-04,35.4,Monthly,Success
S000916,U000599,2024-09-05,34.06,Monthly,Success
S000917,U000599,2024-10-03,33.56,Monthly,Failed
S000918,U000599,2024-11-04,35.56,Monthly,Success
S000919,U000599,2024-12-02,34.98,Monthly,Success
S000920,U000599,2025-01-01,36.61,Monthly,Success
S000921,U000599,2025-01-31,35.57,Monthly,Success
S000922,U000599,2025-03-04,35.37,Monthly,Success
S000923,U000599,2025-04-02,36.04,Monthly,Success
S000924,U000599,2025-05-01,34.59,Monthly,Success
S000925,U000599,2025-06-01,36.03,Monthly,Failed
S000926,U000599,2025-07-02,36.14,Monthly,Success
S000927,U000599,2025-07-30,34.47,Monthly,Success
S000928,U000599,2025-08-31,34.17,Monthly,Success
S000929,U000599,2025-09-28,34.48,Monthly,Success
S000930,U000599,2025-10-30,35.31,Monthly,Success
S000931,U000600,2024-02-25,12.08,Monthly,Success
S000932,U000601,2024-07-15,11.91,Monthly,Success
S000933,U000601,2024-08-15,11.78,Monthly,Success
S000934,U000601,2024-09-12,12.32,Monthly,Success
S000935,U000601,2024-10-13,12.33,Monthly,Success
S000936,U000601,2024-11-13,12.3,Monthly,Success
S000937,U000601,2024-12-11,12.47,Monthly,Success
S000938,U000601,2025-01-10,11.65,Monthly,Success
S000939,U000601,2025-02-09,12.21,Monthly,Success
S000940,U000601,2025-03-11,11.76,Monthly,Success
S000941,U000602,2024-10-18,95.38,Monthly,Success
S000942,U000604,2024-04-24,33.69,Monthly,Failed
S000943,U000604,2024-05-23,35.11,Monthly,Success
S000944,U000604,2024-06-23,33.41,Monthly,Success
S000945,U000605,2024-05-26,11.51,Monthly,Failed
S000946,U000605,2024-06-26,12.11,Monthly,Success
S000947,U000605,2024-07-27,12.49,Monthly,Success
S000948,U000606,2025-03-02,35.5,Monthly,Success
S000949,U000606,2025-04-02,33.9,Monthly,Success
S000950,U000606,2025-05-02,36.38,Monthly,Success
S000951,U000607,2024-08-18,33.25,Monthly,Success
S000952,U000607,2024-09-18,36.33,Monthly,Success
S000953,U000607,2024-10-17,33.43,Monthly,Success
S000954,U000607,2024-11-17,34.05,Monthly,Success
S000955,U000607,2024-12-16,36.61,Monthly,Success
S000956,U000607,2025-01-15,33.59,Monthly,Success
S000957,U000607,2025-02-13,35.23,Monthly,Success
S000958,U000607,2025-03-17,34.38,Monthly,Success
S000959,U000607,2025-04-15,35.48,Monthly,Success
S000960,U000607,2025-05-16,36.58,Monthly,Success
S000961,U000608,2024-12-23,992.71,Annual,Success
S000962,U000609,2025-03-30,11.53,Monthly,Success
S000963,U000609,2025-04-29,11.46,Monthly,Success
S000964,U000612,2025-09-22,12.15,Monthly,Success
S000965,U000613,2025-06-17,33.56,Monthly,Success
S000966,U000617,2024-03-22,961.47,Annual,Success
S000967,U000619,2025-09-28,115.74,Annual,Success
S000968,U000622,2024-08-21,1034.37,Annual,Success
S000969,U000627,2025-03-04,11.67,Monthly,Success
S000970,U000627,2025-04-03,11.56,Monthly,Success
S000971,U000627,2025-05-02,11.98,Monthly,Success
S000972,U000627,2025-06-02,12.57,Monthly,Success
S000973,U000629,2024-02-25,357.79,Annual,Success
S000974,U000631,2025-08-05,11.56,Monthly,Success
S000975,U000632,2025-11-10,35.72,Monthly,Success
S000976,U000633,2025-04-04,36.62,Monthly,Success
S000977,U000633,2025-05-04,36.0,Monthly,Success
S000978,U000633,2025-06-05,34.99,Monthly,Success
S000979,U000633,2025-07-05,33.9,Monthly,Success
S000980,U000634,2025-04-17,1032.48,Annual,Success
S000981,U000637,2025-04-23,115.82,Annual,Success
S000982,U000642,2024-11-21,12.25,Monthly,Success
S000983,U000642,2024-12-22,12.43,Monthly,Success
S000984,U000645,2024-05-28,11.63,Monthly,Success
S000985,U000645,2024-06-26,12.35,Monthly,Success
S000986,U000645,2024-07-25,12.21,Monthly,Success
S000987,U000645,2024-08-24,11.8,Monthly,Success
S000988,U000647,2025-05-27,94.69,Monthly,Success
S000989,U000649,2025-09-15,349.9,Annual,Success
S000990,U000652,2025-04-20,12.11,Monthly,Success
S000991,U000652,2025-05-22,12.23,Monthly,Success
S000992,U000652,2025-06-19,12.41,Monthly,Success
S000993,U000652,2025-07-21,11.6,Monthly,Success
S000994,U000652,2025-08-20,12.56,Monthly,Success
S000995,U000652,2025-09-19,12.41,Monthly,Success
S000996,U000652,2025-10-19,12.07,Monthly,Success
S000997,U000653,2025-05-23,12.26,Monthly,Success
S000998,U000653,2025-06-20,12.42,Monthly,Success
S000999,U000653,2025-07-22,12.28,Monthly,Success
S001000,U000654,2025-08-28,337.59,Annual,Success
S001001,U000660,2025-05-15,119.5,Annual,Success
S001002,U000661,2024-12-18,98.87,Monthly,Success
S001003,U000661,2025-01-16,97.96,Monthly,Success
S001004,U000661,2025-02-16,101.91,Monthly,Success
S001005,U000661,2025-03-17,94.99,Monthly,Success
S001006,U000661,2025-04-16,102.45,Monthly,Success
S001007,U000661,2025-05-18,100.76,Monthly,Success
S001008,U000661,2025-06-17,94.19,Monthly,Success
S001009,U000661,2025-07-16,94.33,Monthly,Success
S001010,U000661,2025-08-16,99.96,Monthly,Success
S001011,U000661,2025-09-15,99.78,Monthly,Success
S001012,U000663,2025-06-05,114.76,Annual,Success
S001013,U000664,2024-09-18,123.93,Annual,Success
S001014,U000665,2024-05-10,117.24,Annual,Success
S001015,U000667,2024-09-22,12.07,Monthly,Success
S001016,U000667,2024-10-22,12.1,Monthly,Success
S001017,U000667,2024-11-22,12.41,Monthly,Success
S001018,U000667,2024-12-20,12.09,Monthly,Success
S001019,U000668,2024-07-08,33.32,Monthly,Success
S001020,U000668,2024-08-06,36.48,Monthly,Success
S001021,U000668,2024-09-05,34.77,Monthly,Success
S001022,U000668,2024-10-05,36.19,Monthly,Success
S001023,U000668,2024-11-03,33.35,Monthly,Success
S001024,U000668,2024-12-03,35.54,Monthly,Success
S001025,U000671,2024-07-23,990.4,Annual,Success
S001026,U000672,2025-11-10,33.69,Monthly,Success
S001027,U000675,2025-01-26,11.55,Monthly,Success
S001028,U000675,2025-02-27,11.68,Monthly,Success
S001029,U000675,2025-03-29,12.05,Monthly,Success
S001030,U000675,2025-04-26,12.04,Monthly,Success
S001031,U000675,2025-05-26,11.8,Monthly,Success
S001032,U000675,2025-06-27,12.05,Monthly,Success
S001033,U000675,2025-07-25,11.45,Monthly,Success
S001034,U000677,2024-05-18,12.47,Monthly,Success
S001035,U000677,2024-06-16,12.58,Monthly,Success
S001036,U000677,2024-07-16,11.5,Monthly,Success
S001037,U000677,2024-08-16,12.23,Monthly,Success
S001038,U000677,2024-09-16,12.35,Monthly,Success
S001039,U000677,2024-10-15,12.59,Monthly,Success
S001040,U000677,2024-11-14,12.08,Monthly,Success
S001041,U000677,2024-12-15,11.51,Monthly,Success
S001042,U000679,2025-12-19,12.33,Monthly,Success
S001043,U000680,2025-10-26,11.92,Monthly,Failed
S001044,U000680,2025-11-24,11.47,Monthly,Success
S001045,U000681,2025-10-01,33.67,Monthly,Success
S001046,U000681,2025-10-31,33.74,Monthly,Success
S001047,U000683,2024-07-17,35.47,Monthly,Success
S001048,U000683,2024-08-14,34.33,Monthly,Success
S001049,U000683,2024-09-13,36.41,Monthly,Success
S001050,U000683,2024-10-15,35.98,Monthly,Success
S001051,U000683,2024-11-12,35.48,Monthly,Success
S001052,U000683,2024-12-14,34.88,Monthly,Success
S001053,U000683,2025-01-13,36.09,Monthly,Success
S001054,U000683,2025-02-11,33.76,Monthly,Success
S001055,U000683,2025-03-12,34.22,Monthly,Success
S001056,U000683,2025-04-13,34.09,Monthly,Success
S001057,U000683,2025-05-12,36.18,Monthly,Success
S001058,U000686,2025-05-03,99.11,Monthly,Success
S001059,U000686,2025-06-02,101.26,Monthly,Success
S001060,U000686,2025-07-04,102.13,Monthly,Success
S001061,U000687,2025-05-13,11.42,Monthly,Success
S001062,U000687,2025-06-11,11.74,Monthly,Success
S001063,U000687,2025-07-13,12.54,Monthly,Success
S001064,U000690,2024-07-31,12.02,Monthly,Success
S001065,U000690,2024-08-30,12.02,Monthly,Success
S001066,U000690,2024-09-30,11.75,Monthly,Success
S001067,U000690,2024-10-30,12.47,Monthly,Success
S001068,U000690,2024-11-29,12.1,Monthly,Success
S001069,U000690,2024-12-28,12.16,Monthly,Success
S001070,U000690,2025-01-27,12.31,Monthly,Success
S001071,U000691,2024-11-23,35.74,Monthly,Success
S001072,U000691,2024-12-24,35.81,Monthly,Success
S001073,U000691,2025-01-23,35.15,Monthly,Success
S001074,U000691,2025-02-21,36.33,Monthly,Success
S001075,U000691,2025-03-24,36.56,Monthly,Success
S001076,U000691,2025-04-24,34.87,Monthly,Success
S001077,U000691,2025-05-22,34.75,Monthly,Success
S001078,U000691,2025-06-22,36.42,Monthly,Success
S001079,U000691,2025-07-22,34.41,Monthly,Success
S001080,U000691,2025-08-21,35.31,Monthly,Success
S001081,U000691,2025-09-20,34.08,Monthly,Success
S001082,U000691,2025-10-20,34.95,Monthly,Success
S001083,U000692,2025-02-07,103.75,Monthly,Success
S001084,U000692,2025-03-08,102.51,Monthly,Success
S001085,U000692,2025-04-06,103.49,Monthly,Success
S001086,U000692,2025-05-06,94.88,Monthly,Success
S001087,U000692,2025-06-06,96.88,Monthly,Success
S001088,U000692,2025-07-07,97.26,Monthly,Success
S001089,U000692,2025-08-05,100.37,Monthly,Success
S001090,U000692,2025-09-04,100.53,Monthly,Success
S001091,U000692,2025-10-04,100.88,Monthly,Success
S001092,U000692,2025-11-03,96.96,Monthly,Success
S001093,U000693,2025-04-03,34.45,Monthly,Success
S001094,U000693,2025-05-03,33.92,Monthly,Success
S001095,U000693,2025-05-31,33.87,Monthly,Success
S001096,U000693,2025-06-30,35.02,Monthly,Success
S001097,U000693,2025-07-31,36.55,Monthly,Refunded
S001098,U000693,2025-08-30,34.36,Monthly,Failed
S001099,U000693,2025-09-29,35.02,Monthly,Success
S001100,U000694,2024-09-22,345.76,Annual,Success
S001101,U000695,2024-05-20,342.77,Annual,Success
S001102,U000696,2025-06-08,971.15,Annual,Success
S001103,U000698,2025-05-20,99.71,Monthly,Success
S001104,U000698,2025-06-18,101.71,Monthly,Success
S001105,U000698,2025-07-17,102.89,Monthly,Success
S001106,U000698,2025-08-17,98.35,Monthly,Success
S001107,U000698,2025-09-17,98.8,Monthly,Success
S001108,U000698,2025-10-17,98.31,Monthly,Success
S001109,U000698,2025-11-16,103.2,Monthly,Success
S001110,U000700,2025-03-17,36.53,Monthly,Success
S001111,U000700,2025-04-16,35.83,Monthly,Success
S001112,U000702,2024-03-10,120.0,Annual,Success
S001113,U000703,2024-12-05,33.5,Monthly,Success
S001114,U000703,2025-01-02,35.06,Monthly,Success
S001115,U000703,2025-02-02,35.39,Monthly,Success
S001116,U000703,2025-03-05,34.16,Monthly,Success
S001117,U000703,2025-04-03,35.51,Monthly,Success
S001118,U000703,2025-05-03,36.72,Monthly,Success
S001119,U000703,2025-06-02,35.95,Monthly,Success
S001120,U000703,2025-07-02,35.03,Monthly,Success
S001121,U000703,2025-08-01,36.68,Monthly,Success
S001122,U000703,2025-09-01,34.91,Monthly,Success
S001123,U000704,2024-06-12,1006.23,Annual,Success
S001124,U000705,2024-03-24,36.5,Monthly,Success
S001125,U000705,2024-04-23,36.63,Monthly,Success
S001126,U000705,2024-05-23,35.59,Monthly,Success
S001127,U000705,2024-06-22,33.32,Monthly,Success
S001128,U000705,2024-07-22,34.98,Monthly,Success
S001129,U000705,2024-08-23,36.67,Monthly,Success
S001130,U000705,2024-09-22,33.45,Monthly,Success
S001131,U000705,2024-10-21,35.99,Monthly,Success
S001132,U000705,2024-11-19,35.91,Monthly,Failed
S001133,U000705,2024-12-19,33.75,Monthly,Success
S001134,U000705,2025-01-18,33.41,Monthly,Success
S001135,U000705,2025-02-17,36.39,Monthly,Success
S001136,U000705,2025-03-19,35.03,Monthly,Failed
S001137,U000705,2025-04-19,33.75,Monthly,Success
S001138,U000705,2025-05-18,33.46,Monthly,Success
S001139,U000705,2025-06-17,35.88,Monthly,Success
S001140,U000712,2025-06-01,119.76,Annual,Success
S001141,U000713,2025-03-09,35.45,Monthly,Success
S001142,U000713,2025-04-08,36.1,Monthly,Failed
S001143,U000713,2025-05-10,35.09,Monthly,Success
S001144,U000713,2025-06-09,34.97,Monthly,Success
S001145,U000713,2025-07-08,34.75,Monthly,Success
S001146,U000713,2025-08-08,33.98,Monthly,Success
S001147,U000714,2025-01-29,1039.44,Annual,Success
S001148,U000720,2025-08-13,12.0,Monthly,Success
S001149,U000720,2025-09-13,11.45,Monthly,Success
S001150,U000721,2025-12-01,11.79,Monthly,Success
S001151,U000723,2024-03-28,11.73,Monthly,Success
S001152,U000723,2024-04-28,11.96,Monthly,Success
S001153,U000723,2024-05-28,12.48,Monthly,Success
S001154,U000723,2024-06-25,12.15,Monthly,Success
S001155,U000725,2025-05-15,12.02,Monthly,Success
S001156,U000725,2025-06-14,11.42,Monthly,Success
S001157,U000725,2025-07-13,11.87,Monthly,Failed
S001158,U000725,2025-08-13,12.5,Monthly,Success
S001159,U000725,2025-09-12,12.2,Monthly,Success
S001160,U000726,2025-10-14,36.49,Monthly,Success
S001161,U000726,2025-11-13,36.44,Monthly,Success
S001162,U000735,2024-12-20,11.43,Monthly,Success
S001163,U000735,2025-01-18,12.32,Monthly,Success
S001164,U000735,2025-02-19,11.52,Monthly,Success
S001165,U000735,2025-03-20,12.51,Monthly,Success
S001166,U000735,2025-04-18,12.16,Monthly,Success
S001167,U000735,2025-05-18,11.83,Monthly,Success
S001168,U000735,2025-06-18,11.7,Monthly,Success
S001169,U000735,2025-07-19,11.76,Monthly,Success
S001170,U000735,2025-08-17,11.46,Monthly,Success
S001171,U000737,2025-01-13,11.47,Monthly,Success
S001172,U000737,2025-02-12,11.75,Monthly,Success
S001173,U000737,2025-03-14,11.71,Monthly,Success
S001174,U000737,2025-04-15,12.2,Monthly,Success
S001175,U000737,2025-05-13,11.76,Monthly,Success
S001176,U000737,2025-06-13,11.73,Monthly,Success
S001177,U000740,2025-01-02,34.74,Monthly,Success
S001178,U000740,2025-02-01,35.19,Monthly,Success
S001179,U000740,2025-03-05,35.46,Monthly,Failed
S001180,U000740,2025-04-02,34.38,Monthly,Success
S001181,U000740,2025-05-02,36.27,Monthly,Success
S001182,U000740,2025-06-03,34.09,Monthly,Success
S001183,U000740,2025-07-03,35.31,Monthly,Success
S001184,U000740,2025-08-01,34.02,Monthly,Success
S001185,U000740,2025-08-31,36.68,Monthly,Success
S001186,U000741,2025-03-05,337.45,Annual,Success
S001187,U000743,2025-08-23,363.33,Annual,Success
S001188,U000745,2024-09-11,12.11,Monthly,Success
S001189,U000745,2024-10-10,11.98,Monthly,Success
S001190,U000745,2024-11-08,11.93,Monthly,Success
S001191,U000745,2024-12-10,11.79,Monthly,Success
S001192,U000745,2025-01-09,12.12,Monthly,Success
S001193,U000745,2025-02-06,12.22,Monthly,Success
S001194,U000747,2025-01-11,990.42,Annual,Success
S001195,U000751,2024-05-23,358.51,Annual,Success
S001196,U000752,2025-12-04,11.78,Monthly,Success
S001197,U000753,2025-06-16,334.44,Annual,Success
S001198,U000754,2024-12-01,367.06,Annual,Success
S001199,U000755,2024-06-17,994.36,Annual,Success
S001200,U000755,2025-06-18,948.86,Annual,Success
S001201,U000756,2025-09-19,12.24,Monthly,Success
S001202,U000756,2025-10-17,11.93,Monthly,Success
S001203,U000757,2025-06-12,34.05,Monthly,Failed
S001204,U000757,2025-07-12,36.74,Monthly,Success
S001205,U000758,2025-04-20,96.2,Monthly,Success
S001206,U000758,2025-05-20,102.42,Monthly,Success
S001207,U000758,2025-06-17,99.01,Monthly,Success
S001208,U000758,2025-07-18,97.01,Monthly,Success
S001209,U000758,2025-08-18,101.11,Monthly,Success
S001210,U000758,2025-09-17,103.64,Monthly,Success
S001211,U000760,2025-09-15,11.51,Monthly,Success
S001212,U000761,2024-06-28,12.38,Monthly,Success
S001213,U000761,2024-07-28,11.87,Monthly,Success
S001214,U000761,2024-08-27,11.57,Monthly,Success
S001215,U000762,2024-11-17,1001.43,Annual,Success
S001216,U000763,2024-09-23,12.01,Monthly,Success
S001217,U000763,2024-10-24,12.18,Monthly,Success
S001218,U000763,2024-11-24,12.07,Monthly,Success
S001219,U000764,2025-08-24,991.62,Annual,Success
S001220,U000765,2024-02-16,345.59,Annual,Success
S001221,U000766,2025-05-12,12.54,Monthly,Success
S001222,U000766,2025-06-12,11.85,Monthly,Success
S001223,U000766,2025-07-12,11.77,Monthly,Success
S001224,U000766,2025-08-11,11.57,Monthly,Success
S001225,U000766,2025-09-10,11.85,Monthly,Success
S001226,U000769,2024-12-12,117.84,Annual,Success
S001227,U000770,2025-10-02,11.81,Monthly,Success
S001228,U000770,2025-11-02,11.75,Monthly,Success
S001229,U000770,2025-12-02,12.07,Monthly,Success
S001230,U000771,2024-05-21,120.26,Annual,Success
S001231,U000773,2024-06-08,943.94,Annual,Success
S001232,U000774,2025-01-21,124.83,Annual,Success
S001233,U000775,2025-09-19,34.32,Monthly,Success
S001234,U000776,2024-06-25,999.55,Annual,Success
S001235,U000777,2024-09-06,119.32,Annual,Success
S001236,U000777,2025-09-07,119.74,Annual,Success
S001237,U000779,2025-08-08,11.77,Monthly,Success
S001238,U000779,2025-09-07,11.75,Monthly,Success
S001239,U000779,2025-10-07,12.18,Monthly,Refunded
S001240,U000779,2025-11-06,12.11,Monthly,Success
S001241,U000780,2025-06-23,33.52,Monthly,Success
S001242,U000780,2025-07-25,34.08,Monthly,Success
S001243,U000780,2025-08-23,35.53,Monthly,Success
S001244,U000780,2025-09-21,34.12,Monthly,Success
S001245,U000788,2025-01-25,966.85,Annual,Success
S001246,U000789,2025-03-03,12.35,Monthly,Success
S001247,U000789,2025-04-03,11.85,Monthly,Success
S001248,U000789,2025-05-02,12.47,Monthly,Success
S001249,U000790,2025-12-08,98.29,Monthly,Success
S001250,U000791,2024-07-04,341.48,Annual,Success
S001251,U000792,2025-05-23,12.49,Monthly,Success
S001252,U000792,2025-06-20,12.26,Monthly,Success
S001253,U000792,2025-07-20,11.84,Monthly,Success
S001254,U000792,2025-08-19,11.84,Monthly,Success
S001255,U000795,2024-01-31,336.68,Annual,Success
S001256,U000796,2025-10-30,118.99,Annual,Success
S001257,U000799,2025-07-25,12.06,Monthly,Success
S001258,U000799,2025-08-25,11.91,Monthly,Success
S001259,U000799,2025-09-23,12.08,Monthly,Success
S001260,U000799,2025-10-23,11.46,Monthly,Success
S001261,U000802,2024-06-30,348.3,Annual,Success
S001262,U000803,2025-05-17,12.26,Monthly,Success
S001263,U000804,2025-06-08,122.15,Annual,Success
S001264,U000805,2025-02-05,12.57,Monthly,Success
S001265,U000805,2025-03-08,12.11,Monthly,Success
S001266,U000806,2025-08-19,123.08,Annual,Success
S001267,U000807,2025-12-01,12.49,Monthly,Success
S001268,U000810,2024-05-20,33.76,Monthly,Success
S001269,U000810,2024-06-20,33.52,Monthly,Success
S001270,U000810,2024-07-18,36.69,Monthly,Success
S001271,U000810,2024-08-17,35.11,Monthly,Success
S001272,U000810,2024-09-17,33.47,Monthly,Failed
S001273,U000810,2024-10-16,34.67,Monthly,Success
S001274,U000810,2024-11-17,35.62,Monthly,Success
S001275,U000810,2024-12-17,33.97,Monthly,Success
S001276,U000810,2025-01-16,36.71,Monthly,Success
S001277,U000810,2025-02-15,35.58,Monthly,Success
S001278,U000810,2025-03-16,35.44,Monthly,Success
S001279,U000810,2025-04-14,34.56,Monthly,Success
S001280,U000810,2025-05-14,34.76,Monthly,Success
S001281,U000810,2025-06-15,36.39,Monthly,Success
S001282,U000810,2025-07-14,35.68,Monthly,Success
S001283,U000810,2025-08-13,34.87,Monthly,Success
S001284,U000814,2025-11-27,121.48,Annual,Success
S001285,U000815,2025-10-27,12.14,Monthly,Success
S001286,U000816,2025-04-11,11.67,Monthly,Success
S001287,U000817,2025-05-26,11.81,Monthly,Success
S001288,U000817,2025-06-23,11.92,Monthly,Success
S001289,U000820,2024-12-05,1008.52,Annual,Success
S001290,U000822,2024-01-08,12.53,Monthly,Success
S001291,U000822,2024-02-08,11.62,Monthly,Success
S001292,U000822,2024-03-09,12.11,Monthly,Success
S001293,U000822,2024-04-07,12.59,Monthly,Success
S001294,U000822,2024-05-07,12.58,Monthly,Success
S001295,U000823,2024-12-02,12.02,Monthly,Success
S001296,U000824,2025-01-21,339.7,Annual,Success
S001297,U000826,2025-11-26,340.44,Annual,Success
S001298,U000827,2024-12-12,34.27,Monthly,Success
S001299,U000827,2025-01-09,35.25,Monthly,Success
S001300,U000827,2025-02-08,33.34,Monthly,Success
S001301,U000827,2025-03-10,33.81,Monthly,Success
S001302,U000827,2025-04-10,34.41,Monthly,Success
S001303,U000827,2025-05-10,36.21,Monthly,Success
S001304,U000827,2025-06-09,35.15,Monthly,Success
S001305,U000828,2024-12-10,34.95,Monthly,Success
S001306,U000828,2025-01-09,34.94,Monthly,Success
S001307,U000828,2025-02-10,35.49,Monthly,Success
S001308,U000828,2025-03-10,34.37,Monthly,Success
S001309,U000830,2025-03-01,341.79,Annual,Success
S001310,U000831,2024-09-03,12.14,Monthly,Success
S001311,U000836,2025-02-02,34.45,Monthly,Success
S001312,U000836,2025-03-04,34.93,Monthly,Success
S001313,U000836,2025-04-03,36.03,Monthly,Success
S001314,U000836,2025-05-02,33.45,Monthly,Success
S001315,U000836,2025-06-02,34.79,Monthly,Success
S001316,U000836,2025-07-03,35.62,Monthly,Success
S001317,U000836,2025-08-01,34.73,Monthly,Refunded
S001318,U000836,2025-08-31,33.64,Monthly,Success
S001319,U000836,2025-10-01,36.28,Monthly,Success
S001320,U000839,2025-05-23,349.82,Annual,Success
S001321,U000841,2024-01-21,1014.6,Annual,Success
S001322,U000842,2025-07-07,12.23,Monthly,Success
S001323,U000842,2025-08-07,12.54,Monthly,Success
S001324,U000842,2025-09-04,12.24,Monthly,Success
S001325,U000842,2025-10-05,11.53,Monthly,Success
S001326,U000844,2025-12-13,35.1,Monthly,Success
S001327,U000845,2024-06-28,337.6,Annual,Success
S001328,U000845,2025-06-27,337.63,Annual,Success
S001329,U000847,2024-04-24,334.55,Annual,Success
S001330,U000851,2024-03-30,11.53,Monthly,Success
S001331,U000851,2024-04-27,11.64,Monthly,Success
S001332,U000851,2024-05-29,12.55,Monthly,Success
S001333,U000851,2024-06-27,12.08,Monthly,Success
S001334,U000851,2024-07-27,11.76,Monthly,Success
S001335,U000854,2025-11-13,12.28,Monthly,Success
S001336,U000856,2024-08-08,341.73,Annual,Success
S001337,U000857,2024-02-22,35.14,Monthly,Refunded
S001338,U000857,2024-03-22,34.26,Monthly,Success
S001339,U000857,2024-04-21,34.33,Monthly,Success
S001340,U000860,2024-03-29,11.52,Monthly,Failed
S001341,U000860,2024-04-26,12.31,Monthly,Success
S001342,U000866,2025-05-06,11.47,Monthly,Success
S001343,U000866,2025-06-03,12.45,Monthly,Refunded
S001344,U000866,2025-07-04,11.8,Monthly,Success
S001345,U000866,2025-08-04,11.75,Monthly,Success
S001346,U000867,2024-07-01,11.43,Monthly,Success
S001347,U000867,2024-07-31,12.6,Monthly,Success
S001348,U000867,2024-08-31,11.81,Monthly,Success
S001349,U000867,2024-09-29,12.52,Monthly,Success
S001350,U000867,2024-10-30,12.07,Monthly,Success
S001351,U000868,2024-07-27,12.16,Monthly,Success
S001352,U000868,2024-08-26,12.25,Monthly,Success
S001353,U000869,2025-10-29,122.64,Annual,Success
S001354,U000872,2024-10-11,34.33,Monthly,Success
S001355,U000872,2024-11-12,36.07,Monthly,Success
S001356,U000872,2024-12-10,35.4,Monthly,Success
S001357,U000872,2025-01-11,34.58,Monthly,Success
S001358,U000872,2025-02-09,33.82,Monthly,Success
S001359,U000872,2025-03-12,36.68,Monthly,Success
S001360,U000872,2025-04-11,34.56,Monthly,Success
S001361,U000872,2025-05-11,34.22,Monthly,Success
S001362,U000872,2025-06-09,35.82,Monthly,Success
S001363,U000872,2025-07-09,33.68,Monthly,Success
S001364,U000872,2025-08-09,33.27,Monthly,Success
S001365,U000872,2025-09-07,34.9,Monthly,Success
S001366,U000873,2025-06-26,365.92,Annual,Success
S001367,U000874,2025-01-30,125.48,Annual,Success
S001368,U000875,2024-02-11,344.7,Annual,Success
S001369,U000878,2025-07-09,338.74,Annual,Success
S001370,U000879,2024-02-08,12.22,Monthly,Success
S001371,U000879,2024-03-08,12.4,Monthly,Success
S001372,U000879,2024-04-08,11.77,Monthly,Success
S001373,U000879,2024-05-07,11.54,Monthly,Success
S001374,U000879,2024-06-07,12.38,Monthly,Success
S001375,U000880,2024-09-02,102.25,Monthly,Success
S001376,U000880,2024-09-30,100.21,Monthly,Failed
S001377,U000880,2024-10-31,102.39,Monthly,Success
S001378,U000881,2024-09-10,12.42,Monthly,Success
S001379,U000882,2025-07-16,123.11,Annual,Success
S001380,U000883,2024-01-30,11.62,Monthly,Success
S001381,U000883,2024-02-27,11.87,Monthly,Success
S001382,U000883,2024-03-30,12.03,Monthly,Success
S001383,U000883,2024-04-28,11.74,Monthly,Success
S001384,U000884,2024-05-09,97.52,Monthly,Success
S001385,U000884,2024-06-08,97.54,Monthly,Success
S001386,U000884,2024-07-09,100.34,Monthly,Failed
S001387,U000884,2024-08-07,97.23,Monthly,Success
S001388,U000884,2024-09-06,102.17,Monthly,Success
S001389,U000884,2024-10-08,96.35,Monthly,Success
S001390,U000884,2024-11-07,96.52,Monthly,Success
S001391,U000884,2024-12-07,102.82,Monthly,Success
S001392,U000884,2025-01-05,98.34,Monthly,Success
S001393,U000884,2025-02-05,102.96,Monthly,Success
S001394,U000884,2025-03-07,96.5,Monthly,Success
S001395,U000884,2025-04-04,95.22,Monthly,Success
S001396,U000884,2025-05-04,101.53,Monthly,Success
S001397,U000884,2025-06-05,95.06,Monthly,Success
S001398,U000884,2025-07-03,102.03,Monthly,Success
S001399,U000884,2025-08-02,103.12,Monthly,Success
S001400,U000884,2025-09-02,102.14,Monthly,Success
S001401,U000884,2025-10-03,101.8,Monthly,Success
S001402,U000884,2025-11-02,99.86,Monthly,Success
S001403,U000885,2025-09-21,1000.3,Annual,Success
S001404,U000886,2024-07-25,11.68,Monthly,Success
S001405,U000887,2025-07-02,11.87,Monthly,Success
S001406,U000889,2024-05-06,11.68,Monthly,Success
S001407,U000890,2024-09-18,34.34,Monthly,Success
S001408,U000890,2024-10-20,33.81,Monthly,Success
S001409,U000890,2024-11-18,33.77,Monthly,Success
S001410,U000890,2024-12-17,36.65,Monthly,Success
S001411,U000890,2025-01-16,34.7,Monthly,Success
S001412,U000890,2025-02-15,36.74,Monthly,Success
S001413,U000890,2025-03-18,33.63,Monthly,Success
S001414,U000890,2025-04-18,36.56,Monthly,Failed
S001415,U000890,2025-05-18,35.6,Monthly,Success
S001416,U000890,2025-06-15,35.89,Monthly,Success
S001417,U000890,2025-07-16,34.07,Monthly,Success
S001418,U000890,2025-08-16,33.3,Monthly,Success
S001419,U000891,2025-08-11,12.19,Monthly,Success
S001420,U000891,2025-09-08,11.58,Monthly,Success
S001421,U000891,2025-10-09,12.29,Monthly,Success
S001422,U000893,2025-10-08,11.84,Monthly,Success
S001423,U000895,2025-07-09,36.72,Monthly,Success
S001424,U000895,2025-08-09,33.79,Monthly,Success
S001425,U000897,2024-11-03,345.81,Annual,Success
S001426,U000897,2025-11-01,341.26,Annual,Success
S001427,U000900,2024-04-18,11.64,Monthly,Success
S001428,U000900,2024-05-19,12.41,Monthly,Success
S001429,U000900,2024-06-18,11.82,Monthly,Success
S001430,U000903,2024-07-27,961.6,Annual,Success
S001431,U000903,2025-07-25,1031.41,Annual,Success
S001432,U000904,2025-05-20,973.33,Annual,Success
S001433,U000906,2025-11-11,122.92,Annual,Success
S001434,U000908,2024-12-11,966.54,Annual,Success
S001435,U000908,2025-12-12,972.12,Annual,Success
S001436,U000909,2024-10-02,357.05,Annual,Success
S001437,U000913,2025-06-14,348.24,Annual,Success
S001438,U000915,2025-05-01,12.33,Monthly,Success
S001439,U000917,2024-11-01,989.86,Annual,Success
S001440,U000918,2025-12-06,98.55,Monthly,Success
S001441,U000919,2025-09-01,11.62,Monthly,Success
S001442,U000919,2025-10-02,12.16,Monthly,Success
S001443,U000920,2024-06-16,12.21,Monthly,Success
S001444,U000920,2024-07-16,12.06,Monthly,Success
S001445,U000920,2024-08-14,12.18,Monthly,Success
S001446,U000920,2024-09-15,11.86,Monthly,Success
S001447,U000920,2024-10-13,12.53,Monthly,Success
S001448,U000920,2024-11-13,11.77,Monthly,Success
S001449,U000921,2025-10-27,352.74,Annual,Success
S001450,U000922,2025-03-19,98.85,Monthly,Success
S001451,U000922,2025-04-18,100.58,Monthly,Failed
S001452,U000922,2025-05-20,96.37,Monthly,Success
S001453,U000922,2025-06-17,101.31,Monthly,Success
S001454,U000928,2025-04-24,12.34,Monthly,Failed
S001455,U000928,2025-05-23,11.71,Monthly,Success
S001456,U000928,2025-06-24,12.53,Monthly,Success
S001457,U000928,2025-07-22,12.02,Monthly,Success
S001458,U000929,2025-06-20,114.17,Annual,Success
S001459,U000930,2024-10-03,11.53,Monthly,Success
S001460,U000930,2024-11-02,12.31,Monthly,Success
S001461,U000930,2024-11-30,12.29,Monthly,Success
S001462,U000931,2024-06-16,11.91,Monthly,Success
S001463,U000931,2024-07-16,11.46,Monthly,Success
S001464,U000931,2024-08-15,12.55,Monthly,Success
S001465,U000931,2024-09-13,12.08,Monthly,Success
S001466,U000933,2025-12-29,345.84,Annual,Success
S001467,U000934,2025-04-15,983.69,Annual,Success
S001468,U000935,2024-07-17,35.0,Monthly,Success
S001469,U000935,2024-08-16,34.42,Monthly,Failed
S001470,U000935,2024-09-14,34.06,Monthly,Success
S001471,U000935,2024-10-15,35.39,Monthly,Success
S001472,U000935,2024-11-13,34.25,Monthly,Success
S001473,U000935,2024-12-14,34.76,Monthly,Success
S001474,U000935,2025-01-14,36.46,Monthly,Success
S001475,U000935,2025-02-13,34.09,Monthly,Success
S001476,U000935,2025-03-14,35.8,Monthly,Success
S001477,U000935,2025-04-12,36.46,Monthly,Success
S001478,U000935,2025-05-13,34.06,Monthly,Success
S001479,U000935,2025-06-12,33.34,Monthly,Success
S001480,U000935,2025-07-13,36.04,Monthly,Success
S001481,U000936,2024-10-15,982.31,Annual,Success
S001482,U000938,2025-11-19,11.59,Monthly,Success
S001483,U000942,2025-05-03,11.41,Monthly,Success
S001484,U000942,2025-06-02,12.36,Monthly,Success
S001485,U000946,2024-01-17,34.76,Monthly,Success
S001486,U000946,2024-02-15,35.43,Monthly,Success
S001487,U000947,2024-06-12,34.64,Monthly,Success
S001488,U000947,2024-07-12,33.94,Monthly,Success
S001489,U000947,2024-08-13,34.46,Monthly,Success
S001490,U000947,2024-09-12,33.39,Monthly,Success
S001491,U000947,2024-10-10,35.73,Monthly,Success
S001492,U000947,2024-11-09,34.72,Monthly,Success
S001493,U000947,2024-12-09,33.97,Monthly,Success
S001494,U000947,2025-01-10,33.8,Monthly,Success
S001495,U000950,2025-05-28,36.41,Monthly,Success
S001496,U000952,2025-07-09,11.86,Monthly,Success
S001497,U000952,2025-08-06,12.58,Monthly,Success
S001498,U000953,2024-07-23,351.6,Annual,Success
S001499,U000953,2025-07-23,335.16,Annual,Success
S001500,U000956,2025-01-07,11.65,Monthly,Success
S001501,U000956,2025-02-07,11.8,Monthly,Success
S001502,U000956,2025-03-07,12.05,Monthly,Success
S001503,U000956,2025-04-07,12.08,Monthly,Success
S001504,U000956,2025-05-07,12.24,Monthly,Success
S001505,U000962,2025-06-01,95.33,Monthly,Success
S001506,U000962,2025-06-30,100.23,Monthly,Success
S001507,U000962,2025-08-01,97.22,Monthly,Success
S001508,U000962,2025-08-30,94.81,Monthly,Success
S001509,U000962,2025-09-28,101.47,Monthly,Success
S001510,U000962,2025-10-28,102.65,Monthly,Success
S001511,U000962,2025-11-29,98.19,Monthly,Success
S001512,U000963,2024-09-21,12.28,Monthly,Success
S001513,U000963,2024-10-20,11.81,Monthly,Success
S001514,U000963,2024-11-19,12.08,Monthly,Success
S001515,U000963,2024-12-19,12.12,Monthly,Success
S001516,U000963,2025-01-18,12.42,Monthly,Success
S001517,U000963,2025-02-18,11.71,Monthly,Success
S001518,U000963,2025-03-21,12.07,Monthly,Success
S001519,U000963,2025-04-19,12.24,Monthly,Success
S001520,U000963,2025-05-19,11.53,Monthly,Success
S001521,U000964,2025-01-10,35.37,Monthly,Success
S001522,U000964,2025-02-10,33.31,Monthly,Success
S001523,U000964,2025-03-13,36.43,Monthly,Success
S001524,U000964,2025-04-10,34.72,Monthly,Success
S001525,U000964,2025-05-12,34.75,Monthly,Success
S001526,U000964,2025-06-10,34.88,Monthly,Success
S001527,U000964,2025-07-10,36.2,Monthly,Success
S001528,U000964,2025-08-09,33.92,Monthly,Success
S001529,U000964,2025-09-09,33.56,Monthly,Success
S001530,U000967,2025-08-09,34.72,Monthly,Success
S001531,U000968,2024-11-03,349.44,Annual,Success
S001532,U000968,2025-11-02,340.07,Annual,Success
S001533,U000971,2025-07-06,11.55,Monthly,Success
S001534,U000972,2025-12-03,1004.72,Annual,Success
S001535,U000974,2024-08-25,12.57,Monthly,Success
S001536,U000975,2024-02-17,352.13,Annual,Success
S001537,U000976,2024-10-06,102.49,Monthly,Success
S001538,U000976,2024-11-04,100.15,Monthly,Success
S001539,U000976,2024-12-04,96.11,Monthly,Success
S001540,U000976,2025-01-04,94.87,Monthly,Success
S001541,U000976,2025-02-01,96.49,Monthly,Success
S001542,U000976,2025-03-05,103.63,Monthly,Success
S001543,U000976,2025-04-04,99.14,Monthly,Success
S001544,U000977,2025-05-27,360.29,Annual,Success
S001545,U000979,2025-03-31,118.51,Annual,Success
S001546,U000980,2025-05-28,34.47,Monthly,Success
S001547,U000980,2025-06-28,35.42,Monthly,Success
S001548,U000980,2025-07-26,36.61,Monthly,Success
S001549,U000980,2025-08-27,34.03,Monthly,Success
S001550,U000980,2025-09-24,35.45,Monthly,Success
S001551,U000980,2025-10-25,35.03,Monthly,Success
S001552,U000980,2025-11-25,36.31,Monthly,Success
S001553,U000981,2024-12-01,12.27,Monthly,Success
S001554,U000981,2025-01-02,12.17,Monthly,Success
S001555,U000982,2025-09-08,336.06,Annual,Success
S001556,U000983,2024-05-13,34.73,Monthly,Success
S001557,U000983,2024-06-12,36.14,Monthly,Success
S001558,U000983,2024-07-11,35.23,Monthly,Success
S001559,U000983,2024-08-11,36.39,Monthly,Success
S001560,U000983,2024-09-11,34.2,Monthly,Success
S001561,U000986,2025-03-25,364.4,Annual,Success
S001562,U000990,2025-10-02,12.48,Monthly,Success
S001563,U000992,2025-07-25,33.79,Monthly,Success
S001564,U000992,2025-08-23,33.59,Monthly,Success
S001565,U000992,2025-09-23,34.69,Monthly,Success
S001566,U000997,2025-11-22,33.91,Monthly,Success
S001567,U000998,2024-06-14,36.49,Monthly,Success
S001568,U000998,2024-07-13,34.47,Monthly,Success
S001569,U000998,2024-08-12,35.03,Monthly,Success
S001570,U000998,2024-09-11,33.72,Monthly,Failed
S001571,U000998,2024-10-11,34.86,Monthly,Success
S001572,U000998,2024-11-09,35.1,Monthly,Success
S001573,U000998,2024-12-10,35.28,Monthly,Success
S001574,U000998,2025-01-08,36.27,Monthly,Success
S001575,U000998,2025-02-07,35.95,Monthly,Success
S001576,U000998,2025-03-11,36.43,Monthly,Success
S001577,U000998,2025-04-08,36.57,Monthly,Failed
S001578,U000998,2025-05-09,33.53,Monthly,Success
S001579,U000998,2025-06-07,35.13,Monthly,Success
S001580,U000998,2025-07-08,36.11,Monthly,Success
S001581,U000998,2025-08-07,33.38,Monthly,Success
S001582,U000998,2025-09-07,36.52,Monthly,Success
S001583,U000998,2025-10-06,33.62,Monthly,Success
S001584,U000999,2025-12-08,12.48,Monthly,Failed
S001585,U001001,2024-07-29,11.9,Monthly,Success
S001586,U001001,2024-08-30,12.23,Monthly,Success
S001587,U001001,2024-09-29,11.96,Monthly,Success
S001588,U001004,2025-08-14,12.47,Monthly,Success
S001589,U001005,2025-09-25,11.86,Monthly,Success
S001590,U001008,2025-10-18,115.39,Annual,Success
S001591,U001009,2024-09-24,11.66,Monthly,Success
S001592,U001009,2024-10-25,11.58,Monthly,Success
S001593,U001009,2024-11-24,11.58,Monthly,Success
S001594,U001009,2024-12-25,12.45,Monthly,Success
S001595,U001009,2025-01-24,12.55,Monthly,Success
S001596,U001010,2025-03-22,116.12,Annual,Success
S001597,U001011,2024-09-04,1032.74,Annual,Success
S001598,U001011,2025-09-02,1007.35,Annual,Success
S001599,U001012,2025-12-27,11.73,Monthly,Failed
S001600,U001014,2024-02-23,34.31,Monthly,Success
S001601,U001014,2024-03-24,35.81,Monthly,Success
S001602,U001014,2024-04-23,35.6,Monthly,Success
S001603,U001014,2024-05-25,35.3,Monthly,Success
S001604,U001014,2024-06-24,35.76,Monthly,Success
S001605,U001014,2024-07-22,34.37,Monthly,Success
S001606,U001014,2024-08-21,36.2,Monthly,Success
S001607,U001014,2024-09-21,35.16,Monthly,Success
S001608,U001014,2024-10-22,35.41,Monthly,Success
S001609,U001014,2024-11-21,35.06,Monthly,Success
S001610,U001017,2024-07-27,123.41,Annual,Success
S001611,U001020,2024-02-20,333.47,Annual,Success
S001612,U001021,2025-07-28,11.99,Monthly,Success
S001613,U001021,2025-08-26,11.61,Monthly,Success
S001614,U001021,2025-09-25,11.95,Monthly,Success
S001615,U001025,2025-12-05,11.8,Monthly,Success
S001616,U001026,2025-03-11,11.67,Monthly,Success
S001617,U001026,2025-04-11,11.62,Monthly,Success
S001618,U001026,2025-05-09,11.75,Monthly,Success
S001619,U001026,2025-06-08,12.27,Monthly,Success
S001620,U001027,2025-10-25,11.98,Monthly,Success
S001621,U001027,2025-11-23,11.71,Monthly,Success
S001622,U001028,2025-10-14,11.49,Monthly,Success
S001623,U001028,2025-11-14,12.14,Monthly,Success
S001624,U001036,2025-07-30,115.4,Annual,Success
S001625,U001037,2024-12-05,34.3,Monthly,Success
S001626,U001037,2025-01-04,36.11,Monthly,Success
S001627,U001037,2025-02-03,33.8,Monthly,Success
S001628,U001037,2025-03-07,36.14,Monthly,Success
S001629,U001040,2024-11-18,971.04,Annual,Success
S001630,U001041,2025-04-26,993.15,Annual,Success
S001631,U001043,2024-11-19,125.38,Annual,Failed
S001632,U001044,2025-06-14,35.76,Monthly,Success
S001633,U001044,2025-07-15,33.71,Monthly,Success
S001634,U001044,2025-08-15,36.52,Monthly,Success
S001635,U001044,2025-09-14,34.3,Monthly,Success
S001636,U001044,2025-10-14,34.29,Monthly,Success
S001637,U001045,2025-11-06,11.47,Monthly,Success
S001638,U001050,2024-02-03,962.77,Annual,Success
S001639,U001050,2025-01-30,1022.7,Annual,Success
S001640,U001051,2025-11-05,349.21,Annual,Success
S001641,U001053,2025-12-03,11.87,Monthly,Success
S001642,U001054,2025-09-21,11.61,Monthly,Success
S001643,U001056,2024-12-14,11.82,Monthly,Success
S001644,U001056,2025-01-14,11.98,Monthly,Success
S001645,U001056,2025-02-11,12.58,Monthly,Success
S001646,U001056,2025-03-13,12.49,Monthly,Success
S001647,U001056,2025-04-12,12.0,Monthly,Success
S001648,U001056,2025-05-12,12.38,Monthly,Success
S001649,U001057,2025-09-04,103.86,Monthly,Success
S001650,U001058,2025-01-20,12.14,Monthly,Success
S001651,U001058,2025-02-20,12.52,Monthly,Success
S001652,U001058,2025-03-22,12.54,Monthly,Success
S001653,U001058,2025-04-20,12.13,Monthly,Success
S001654,U001058,2025-05-21,12.01,Monthly,Failed
S001655,U001058,2025-06-20,11.68,Monthly,Success
S001656,U001058,2025-07-19,12.52,Monthly,Success
S001657,U001064,2025-02-02,12.38,Monthly,Success
S001658,U001064,2025-03-02,12.12,Monthly,Success
S001659,U001064,2025-04-03,12.32,Monthly,Success
S001660,U001067,2024-09-15,121.0,Annual,Success
S001661,U001067,2025-09-16,125.38,Annual,Success
S001662,U001069,2024-12-18,11.43,Monthly,Success
S001663,U001069,2025-01-17,11.8,Monthly,Success
S001664,U001069,2025-02-16,12.48,Monthly,Success
S001665,U001071,2024-11-01,118.11,Annual,Success
S001666,U001074,2024-01-26,11.79,Monthly,Success
S001667,U001074,2024-02-26,11.49,Monthly,Success
S001668,U001074,2024-03-26,12.53,Monthly,Refunded
S001669,U001074,2024-04-26,12.08,Monthly,Success
S001670,U001074,2024-05-25,11.93,Monthly,Success
S001671,U001075,2025-12-27,11.68,Monthly,Success
S001672,U001077,2025-01-08,11.73,Monthly,Success
S001673,U001077,2025-02-08,12.21,Monthly,Success
S001674,U001077,2025-03-08,11.79,Monthly,Success
S001675,U001077,2025-04-07,12.06,Monthly,Success
S001676,U001077,2025-05-09,12.05,Monthly,Success
S001677,U001077,2025-06-07,12.0,Monthly,Success
S001678,U001077,2025-07-06,12.5,Monthly,Success
S001679,U001077,2025-08-06,11.76,Monthly,Success
S001680,U001077,2025-09-06,11.61,Monthly,Success
S001681,U001077,2025-10-04,12.05,Monthly,Success
S001682,U001077,2025-11-04,12.43,Monthly,Success
S001683,U001078,2025-07-16,12.44,Monthly,Success
S001684,U001079,2024-08-29,35.98,Monthly,Success
S001685,U001081,2025-09-15,12.13,Monthly,Success
S001686,U001081,2025-10-15,12.35,Monthly,Success
S001687,U001081,2025-11-12,11.52,Monthly,Success
S001688,U001082,2024-04-28,362.2,Annual,Success
S001689,U001083,2025-02-03,962.87,Annual,Success
S001690,U001085,2025-12-05,11.77,Monthly,Success
S001691,U001091,2025-12-05,34.74,Monthly,Failed
S001692,U001093,2025-06-05,11.6,Monthly,Success
S001693,U001093,2025-07-04,12.46,Monthly,Success
S001694,U001093,2025-08-02,12.26,Monthly,Success
S001695,U001093,2025-09-03,11.91,Monthly,Success
S001696,U001094,2025-04-07,958.37,Annual,Success
S001697,U001097,2024-08-30,11.48,Monthly,Success
S001698,U001097,2024-10-01,12.31,Monthly,Success
S001699,U001097,2024-10-31,11.49,Monthly,Success
S001700,U001097,2024-11-29,11.94,Monthly,Success
S001701,U001097,2024-12-30,12.37,Monthly,Success
S001702,U001097,2025-01-28,11.99,Monthly,Success
S001703,U001098,2024-07-31,11.63,Monthly,Success
S001704,U001098,2024-08-31,12.38,Monthly,Success
S001705,U001101,2024-03-17,35.57,Monthly,Success
S001706,U001101,2024-04-16,33.82,Monthly,Success
S001707,U001101,2024-05-16,33.85,Monthly,Success
S001708,U001101,2024-06-17,35.99,Monthly,Success
S001709,U001101,2024-07-17,34.93,Monthly,Success
S001710,U001101,2024-08-16,36.29,Monthly,Success
S001711,U001101,2024-09-13,35.74,Monthly,Success
S001712,U001101,2024-10-13,33.49,Monthly,Success
S001713,U001101,2024-11-13,34.43,Monthly,Success
S001714,U001101,2024-12-13,35.19,Monthly,Success
S001715,U001101,2025-01-12,36.11,Monthly,Success
S001716,U001103,2025-11-05,11.56,Monthly,Success
S001717,U001106,2024-07-20,121.58,Annual,Success
S001718,U001106,2025-07-24,117.15,Annual,Success
S001719,U001107,2025-01-16,36.63,Monthly,Success
S001720,U001107,2025-02-16,35.45,Monthly,Success
S001721,U001107,2025-03-16,35.95,Monthly,Success
S001722,U001107,2025-04-15,36.01,Monthly,Success
S001723,U001107,2025-05-15,34.37,Monthly,Success
S001724,U001107,2025-06-14,36.18,Monthly,Failed
S001725,U001108,2025-08-30,34.27,Monthly,Success
S001726,U001108,2025-09-28,33.96,Monthly,Success
S001727,U001108,2025-10-28,33.33,Monthly,Success
S001728,U001109,2025-07-27,35.23,Monthly,Success
S001729,U001109,2025-08-25,34.0,Monthly,Success
S001730,U001110,2024-06-30,12.29,Monthly,Success
S001731,U001110,2024-07-29,12.21,Monthly,Success
S001732,U001110,2024-08-28,11.61,Monthly,Success
S001733,U001113,2024-09-02,35.12,Monthly,Success
S001734,U001113,2024-10-03,36.02,Monthly,Success
S001735,U001113,2024-11-01,34.16,Monthly,Success
S001736,U001113,2024-12-01,36.64,Monthly,Success
S001737,U001113,2024-12-31,34.59,Monthly,Success
S001738,U001113,2025-01-31,34.69,Monthly,Success
S001739,U001113,2025-03-02,35.88,Monthly,Success
S001740,U001113,2025-03-31,36.24,Monthly,Failed
S001741,U001114,2025-04-21,34.64,Monthly,Success
S001742,U001114,2025-05-22,36.3,Monthly,Success
S001743,U001115,2025-05-28,117.97,Annual,Success
S001744,U001117,2024-05-01,115.4,Annual,Success
S001745,U001118,2025-11-01,12.34,Monthly,Success
S001746,U001119,2024-10-11,119.65,Annual,Success
S001747,U001120,2024-06-05,12.29,Monthly,Success
S001748,U001121,2025-11-07,35.31,Monthly,Success
S001749,U001129,2024-12-29,11.51,Monthly,Success
S001750,U001130,2024-10-04,340.35,Annual,Success
S001751,U001131,2025-08-10,12.55,Monthly,Success
S001752,U001135,2025-07-23,1030.62,Annual,Success
S001753,U001136,2024-04-09,12.49,Monthly,Success
S001754,U001136,2024-05-10,12.44,Monthly,Success
S001755,U001136,2024-06-09,11.59,Monthly,Success
S001756,U001138,2025-03-24,35.0,Monthly,Success
S001757,U001138,2025-04-23,33.6,Monthly,Success
S001758,U001139,2025-03-15,12.06,Monthly,Success
S001759,U001139,2025-04-14,11.57,Monthly,Success
S001760,U001139,2025-05-16,11.94,Monthly,Success
S001761,U001139,2025-06-13,12.29,Monthly,Success
S001762,U001139,2025-07-13,12.57,Monthly,Success
S001763,U001139,2025-08-14,11.92,Monthly,Success
S001764,U001139,2025-09-12,12.09,Monthly,Success
S001765,U001140,2025-05-27,121.88,Annual,Success
S001766,U001143,2025-07-16,11.73,Monthly,Success
S001767,U001143,2025-08-14,11.69,Monthly,Success
S001768,U001144,2025-05-11,944.94,Annual,Failed
S001769,U001145,2024-10-08,351.78,Annual,Success
S001770,U001149,2025-10-20,953.45,Annual,Success
S001771,U001150,2025-10-28,12.2,Monthly,Success
S001772,U001150,2025-11-26,12.03,Monthly,Success
S001773,U001151,2025-08-02,33.41,Monthly,Success
S001774,U001151,2025-09-02,34.35,Monthly,Success
S001775,U001151,2025-10-02,34.26,Monthly,Success
S001776,U001151,2025-10-31,34.17,Monthly,Success
S001777,U001151,2025-11-30,35.68,Monthly,Success
S001778,U001152,2025-10-12,123.73,Annual,Success
S001779,U001153,2025-07-26,11.9,Monthly,Success
S001780,U001155,2025-06-10,36.29,Monthly,Success
S001781,U001155,2025-07-12,35.2,Monthly,Success
S001782,U001156,2025-08-26,36.12,Monthly,Success
S001783,U001157,2024-07-04,12.25,Monthly,Success
S001784,U001157,2024-08-05,12.35,Monthly,Success
S001785,U001157,2024-09-03,11.9,Monthly,Success
S001786,U001157,2024-10-04,12.03,Monthly,Success
S001787,U001157,2024-11-02,11.64,Monthly,Success
S001788,U001158,2025-11-06,119.03,Annual,Success
S001789,U001161,2025-10-05,990.85,Annual,Success
S001790,U001163,2024-12-01,336.24,Annual,Success
S001791,U001163,2025-12-03,343.91,Annual,Failed
S001792,U001164,2025-08-23,342.75,Annual,Success
S001793,U001165,2024-07-06,11.42,Monthly,Success
S001794,U001165,2024-08-05,12.09,Monthly,Success
S001795,U001165,2024-09-05,12.35,Monthly,Success
S001796,U001166,2025-10-03,991.42,Annual,Success
S001797,U001168,2025-04-01,1024.31,Annual,Success
S001798,U001170,2024-10-25,12.17,Monthly,Success
S001799,U001171,2025-06-09,33.37,Monthly,Success
S001800,U001171,2025-07-10,36.65,Monthly,Success
S001801,U001173,2025-06-19,11.82,Monthly,Success
S001802,U001173,2025-07-18,12.4,Monthly,Success
S001803,U001174,2024-10-07,116.58,Annual,Success
S001804,U001175,2025-06-21,12.25,Monthly,Success
S001805,U001175,2025-07-21,11.61,Monthly,Success
S001806,U001177,2025-09-10,11.64,Monthly,Success
S001807,U001177,2025-10-11,11.83,Monthly,Success
S001808,U001179,2025-08-31,12.43,Monthly,Success
S001809,U001179,2025-09-29,12.08,Monthly,Success
S001810,U001179,2025-10-31,12.06,Monthly,Success
S001811,U001180,2025-04-25,11.98,Monthly,Success
S001812,U001180,2025-05-24,11.88,Monthly,Success
S001813,U001180,2025-06-23,11.54,Monthly,Success
S001814,U001180,2025-07-22,11.93,Monthly,Success
S001815,U001180,2025-08-23,12.19,Monthly,Success
S001816,U001180,2025-09-22,11.44,Monthly,Success
S001817,U001180,2025-10-21,11.65,Monthly,Success
S001818,U001181,2025-12-15,11.52,Monthly,Success
S001819,U001186,2025-12-01,11.58,Monthly,Success
S001820,U001187,2025-07-22,33.65,Monthly,Success
S001821,U001187,2025-08-20,34.35,Monthly,Success
S001822,U001187,2025-09-18,33.91,Monthly,Success
S001823,U001187,2025-10-20,33.76,Monthly,Success
S001824,U001191,2024-04-03,357.46,Annual,Success
S001825,U001191,2025-03-31,353.4,Annual,Success
S001826,U001195,2024-03-05,114.6,Annual,Success
S001827,U001195,2025-03-05,122.54,Annual,Success
S001828,U001198,2025-12-18,11.46,Monthly,Success
S001829,U001199,2025-08-25,116.43,Annual,Success
S001830,U001201,2025-08-31,11.47,Monthly,Success
S001831,U001201,2025-09-29,12.08,Monthly,Success
S001832,U001201,2025-10-28,11.58,Monthly,Success
S001833,U001202,2024-02-04,11.46,Monthly,Success
S001834,U001202,2024-03-06,12.09,Monthly,Success
S001835,U001202,2024-04-06,11.66,Monthly,Success
S001836,U001202,2024-05-06,12.31,Monthly,Success
S001837,U001202,2024-06-05,12.16,Monthly,Success
S001838,U001202,2024-07-03,12.34,Monthly,Success
S001839,U001202,2024-08-04,11.45,Monthly,Success
S001840,U001202,2024-09-03,11.86,Monthly,Success
S001841,U001203,2024-02-02,947.15,Annual,Success
S001842,U001205,2025-03-20,33.85,Monthly,Success
S001843,U001205,2025-04-20,34.33,Monthly,Success
S001844,U001205,2025-05-19,33.85,Monthly,Success
S001845,U001205,2025-06-20,35.46,Monthly,Success
S001846,U001206,2025-09-04,333.71,Annual,Success
S001847,U001208,2025-02-21,98.39,Monthly,Refunded
S001848,U001208,2025-03-21,103.88,Monthly,Success
S001849,U001208,2025-04-20,103.35,Monthly,Success
S001850,U001208,2025-05-20,94.7,Monthly,Success
S001851,U001208,2025-06-21,100.59,Monthly,Success
S001852,U001208,2025-07-21,100.91,Monthly,Success
S001853,U001208,2025-08-18,95.46,Monthly,Success
S001854,U001208,2025-09-17,97.69,Monthly,Success
S001855,U001208,2025-10-19,98.64,Monthly,Success
S001856,U001215,2025-07-25,12.45,Monthly,Success
S001857,U001215,2025-08-24,11.82,Monthly,Success
S001858,U001216,2024-08-31,11.9,Monthly,Success
S001859,U001217,2024-04-20,365.19,Annual,Failed
S001860,U001218,2025-07-17,12.58,Monthly,Success
S001861,U001220,2024-10-16,11.66,Monthly,Success
S001862,U001220,2024-11-15,11.43,Monthly,Success
S001863,U001220,2024-12-13,11.51,Monthly,Success
S001864,U001220,2025-01-14,12.18,Monthly,Success
S001865,U001220,2025-02-11,12.05,Monthly,Success
S001866,U001220,2025-03-13,12.24,Monthly,Success
S001867,U001226,2025-06-22,95.92,Monthly,Success
S001868,U001226,2025-07-23,94.5,Monthly,Success
S001869,U001226,2025-08-20,97.37,Monthly,Success
S001870,U001226,2025-09-19,102.42,Monthly,Success
S001871,U001227,2025-01-19,118.02,Annual,Success
S001872,U001231,2025-11-11,11.72,Monthly,Success
S001873,U001233,2024-08-27,123.39,Annual,Success
S001874,U001234,2024-02-14,11.6,Monthly,Success
S001875,U001234,2024-03-15,11.54,Monthly,Success
S001876,U001234,2024-04-13,12.38,Monthly,Success
S001877,U001234,2024-05-15,12.27,Monthly,Success
S001878,U001234,2024-06-14,12.1,Monthly,Success
S001879,U001234,2024-07-14,12.35,Monthly,Success
S001880,U001234,2024-08-12,12.55,Monthly,Success
S001881,U001234,2024-09-10,11.48,Monthly,Success
S001882,U001235,2025-06-30,33.52,Monthly,Success
S001883,U001235,2025-07-31,34.8,Monthly,Success
S001884,U001235,2025-08-28,34.64,Monthly,Success
S001885,U001238,2025-03-10,12.57,Monthly,Refunded
S001886,U001239,2025-12-18,11.6,Monthly,Success
S001887,U001240,2024-07-31,12.07,Monthly,Success
S001888,U001240,2024-08-30,11.76,Monthly,Success
S001889,U001240,2024-09-29,12.43,Monthly,Success
S001890,U001240,2024-10-28,11.4,Monthly,Success
S001891,U001240,2024-11-26,12.01,Monthly,Success
S001892,U001241,2025-10-30,363.97,Annual,Success
S001893,U001242,2025-09-10,121.4,Annual,Success
S001894,U001244,2025-10-15,12.08,Monthly,Success
S001895,U001245,2025-09-02,362.63,Annual,Success
S001896,U001246,2025-06-20,943.08,Annual,Success
S001897,U001248,2024-02-15,12.07,Monthly,Success
S001898,U001248,2024-03-17,11.57,Monthly,Success
S001899,U001248,2024-04-16,11.48,Monthly,Failed
S001900,U001248,2024-05-14,11.69,Monthly,Success
S001901,U001248,2024-06-14,11.8,Monthly,Success
S001902,U001248,2024-07-13,11.45,Monthly,Success
S001903,U001249,2025-11-22,964.2,Annual,Success
S001904,U001251,2025-09-18,36.45,Monthly,Success
S001905,U001253,2024-05-29,334.14,Annual,Success
S001906,U001254,2024-06-02,114.5,Annual,Success
S001907,U001256,2025-02-09,35.08,Monthly,Success
S001908,U001256,2025-03-12,36.03,Monthly,Success
S001909,U001256,2025-04-10,33.81,Monthly,Success
S001910,U001260,2025-05-20,11.92,Monthly,Success
S001911,U001261,2024-10-11,33.45,Monthly,Success
S001912,U001261,2024-11-09,35.79,Monthly,Success
S001913,U001261,2024-12-10,36.27,Monthly,Success
S001914,U001261,2025-01-10,35.85,Monthly,Success
S001915,U001261,2025-02-09,36.55,Monthly,Success
S001916,U001261,2025-03-11,35.01,Monthly,Success
S001917,U001261,2025-04-08,35.86,Monthly,Success
S001918,U001261,2025-05-09,36.51,Monthly,Success
S001919,U001263,2024-11-15,122.22,Annual,Success
S001920,U001265,2024-01-21,362.34,Annual,Success
S001921,U001269,2025-05-30,12.23,Monthly,Success
S001922,U001269,2025-06-28,12.58,Monthly,Success
S001923,U001269,2025-07-29,11.83,Monthly,Success
S001924,U001269,2025-08-28,11.58,Monthly,Success
S001925,U001269,2025-09-26,12.01,Monthly,Success
S001926,U001269,2025-10-28,11.81,Monthly,Success
S001927,U001269,2025-11-26,12.11,Monthly,Success
S001928,U001270,2024-10-29,33.72,Monthly,Success
S001929,U001270,2024-11-29,34.41,Monthly,Success
S001930,U001270,2024-12-27,36.01,Monthly,Success
S001931,U001274,2024-02-25,33.62,Monthly,Success
S001932,U001274,2024-03-25,34.4,Monthly,Success
S001933,U001274,2024-04-24,35.17,Monthly,Success
S001934,U001274,2024-05-26,33.28,Monthly,Success
S001935,U001274,2024-06-25,36.2,Monthly,Success
S001936,U001274,2024-07-24,34.84,Monthly,Success
S001937,U001274,2024-08-22,34.02,Monthly,Success
S001938,U001274,2024-09-23,33.34,Monthly,Success
S001939,U001278,2025-12-27,34.17,Monthly,Success
S001940,U001279,2024-06-18,116.98,Annual,Success
S001941,U001280,2025-03-29,124.08,Annual,Success
S001942,U001283,2025-05-05,100.86,Monthly,Success
S001943,U001283,2025-06-03,99.82,Monthly,Success
S001944,U001283,2025-07-04,103.06,Monthly,Success
S001945,U001283,2025-08-04,98.33,Monthly,Success
S001946,U001285,2024-11-25,983.05,Annual,Success
S001947,U001285,2025-11-25,1025.19,Annual,Success
S001948,U001286,2025-04-10,11.61,Monthly,Success
S001949,U001286,2025-05-08,11.95,Monthly,Success
S001950,U001286,2025-06-08,11.68,Monthly,Success
S001951,U001286,2025-07-07,11.83,Monthly,Success
S001952,U001286,2025-08-08,11.75,Monthly,Success
S001953,U001286,2025-09-07,12.14,Monthly,Success
S001954,U001289,2024-02-20,1007.62,Annual,Success
S001955,U001290,2024-04-13,11.52,Monthly,Success
S001956,U001291,2025-01-16,36.32,Monthly,Success
S001957,U001291,2025-02-17,35.95,Monthly,Success
S001958,U001291,2025-03-18,36.15,Monthly,Failed
S001959,U001291,2025-04-18,34.22,Monthly,Success
S001960,U001291,2025-05-16,33.5,Monthly,Success
S001961,U001291,2025-06-16,34.06,Monthly,Success
S001962,U001294,2025-07-21,341.89,Annual,Success
S001963,U001295,2025-09-23,959.56,Annual,Success
S001964,U001297,2024-07-13,36.11,Monthly,Success
S001965,U001297,2024-08-12,34.85,Monthly,Success
S001966,U001297,2024-09-12,34.71,Monthly,Success
S001967,U001297,2024-10-10,33.77,Monthly,Success
S001968,U001297,2024-11-10,33.66,Monthly,Success
S001969,U001297,2024-12-09,35.17,Monthly,Success
S001970,U001297,2025-01-10,33.92,Monthly,Success
S001971,U001297,2025-02-09,33.55,Monthly,Success
S001972,U001297,2025-03-10,35.01,Monthly,Success
S001973,U001304,2025-04-27,977.3,Annual,Success
S001974,U001306,2025-10-30,12.55,Monthly,Success
S001975,U001306,2025-11-29,12.21,Monthly,Success
S001976,U001307,2025-08-09,966.74,Annual,Success
S001977,U001309,2024-12-07,11.81,Monthly,Success
S001978,U001309,2025-01-04,12.0,Monthly,Success
S001979,U001309,2025-02-04,11.56,Monthly,Success
S001980,U001309,2025-03-05,12.55,Monthly,Success
S001981,U001309,2025-04-04,11.57,Monthly,Failed
S001982,U001309,2025-05-06,12.46,Monthly,Failed
S001983,U001310,2025-09-29,12.58,Monthly,Success
S001984,U001312,2025-11-10,367.42,Annual,Success
S001985,U001316,2025-06-27,1000.31,Annual,Success
S001986,U001317,2025-04-19,340.5,Annual,Success
S001987,U001318,2025-08-15,11.9,Monthly,Success
S001988,U001318,2025-09-13,12.25,Monthly,Success
S001989,U001318,2025-10-15,11.99,Monthly,Success
S001990,U001319,2024-04-19,120.53,Annual,Success
S001991,U001321,2024-09-23,116.23,Annual,Success
S001992,U001324,2024-08-31,11.46,Monthly,Success
S001993,U001327,2024-07-26,35.89,Monthly,Success
S001994,U001327,2024-08-25,34.75,Monthly,Success
S001995,U001327,2024-09-25,33.84,Monthly,Success
S001996,U001327,2024-10-25,35.79,Monthly,Success
S001997,U001327,2024-11-24,33.62,Monthly,Success
S001998,U001327,2024-12-25,33.37,Monthly,Success
S001999,U001327,2025-01-23,34.91,Monthly,Success
S002000,U001327,2025-02-22,36.23,Monthly,Success
S002001,U001327,2025-03-23,33.61,Monthly,Success
S002002,U001328,2025-09-16,36.23,Monthly,Failed
S002003,U001328,2025-10-15,33.28,Monthly,Success
S002004,U001328,2025-11-15,36.51,Monthly,Success
S002005,U001332,2025-08-08,11.45,Monthly,Success
S002006,U001332,2025-09-06,11.86,Monthly,Success
S002007,U001333,2024-09-06,12.33,Monthly,Success
S002008,U001333,2024-10-06,12.24,Monthly,Success
S002009,U001333,2024-11-07,11.72,Monthly,Success
S002010,U001333,2024-12-05,11.95,Monthly,Success
S002011,U001335,2025-12-19,1012.76,Annual,Success
S002012,U001336,2025-06-29,1026.6,Annual,Success
S002013,U001337,2024-08-11,12.18,Monthly,Success
S002014,U001337,2024-09-11,12.33,Monthly,Success
S002015,U001338,2025-07-18,33.43,Monthly,Success
S002016,U001338,2025-08-17,34.05,Monthly,Success
S002017,U001342,2025-03-03,11.68,Monthly,Success
S002018,U001342,2025-04-02,12.56,Monthly,Success
S002019,U001342,2025-05-04,12.33,Monthly,Success
S002020,U001342,2025-06-03,11.95,Monthly,Success
S002021,U001343,2025-10-30,955.65,Annual,Failed
S002022,U001344,2025-08-17,343.27,Annual,Success
S002023,U001345,2025-08-26,358.25,Annual,Success
S002024,U001347,2024-12-11,12.01,Monthly,Success
S002025,U001347,2025-01-09,12.23,Monthly,Success
S002026,U001350,2024-02-25,116.31,Annual,Success
S002027,U001356,2025-11-03,355.66,Annual,Success
S002028,U001359,2024-10-17,34.57,Monthly,Success
S002029,U001359,2024-11-17,34.12,Monthly,Success
S002030,U001359,2024-12-16,33.61,Monthly,Success
S002031,U001359,2025-01-14,35.3,Monthly,Success
S002032,U001360,2025-05-26,98.24,Monthly,Success
S002033,U001360,2025-06-25,99.99,Monthly,Success
S002034,U001361,2025-11-19,11.45,Monthly,Success
S002035,U001364,2025-06-19,945.42,Annual,Success
S002036,U001365,2025-08-16,11.94,Monthly,Success
S002037,U001365,2025-09-16,11.85,Monthly,Success
S002038,U001365,2025-10-16,12.45,Monthly,Success
S002039,U001365,2025-11-13,11.87,Monthly,Success
S002040,U001366,2024-06-09,11.53,Monthly,Success
S002041,U001366,2024-07-08,11.92,Monthly,Success
S002042,U001366,2024-08-07,12.09,Monthly,Success
S002043,U001366,2024-09-06,12.35,Monthly,Success
S002044,U001366,2024-10-05,12.32,Monthly,Success
S002045,U001366,2024-11-05,11.43,Monthly,Success
S002046,U001366,2024-12-04,11.77,Monthly,Success
S002047,U001366,2025-01-05,11.57,Monthly,Failed
S002048,U001366,2025-02-02,11.41,Monthly,Success
S002049,U001370,2024-09-15,11.96,Monthly,Success
S002050,U001370,2024-10-14,11.93,Monthly,Success
S002051,U001370,2024-11-15,12.5,Monthly,Refunded
S002052,U001372,2024-07-29,972.0,Annual,Success
S002053,U001372,2025-07-29,1037.2,Annual,Success
S002054,U001374,2025-03-22,36.73,Monthly,Success
S002055,U001374,2025-04-23,36.38,Monthly,Success
S002056,U001374,2025-05-23,35.24,Monthly,Success
S002057,U001374,2025-06-21,35.59,Monthly,Success
S002058,U001374,2025-07-22,33.85,Monthly,Success
S002059,U001374,2025-08-21,35.12,Monthly,Success
S002060,U001374,2025-09-19,36.35,Monthly,Success
S002061,U001378,2025-04-06,34.43,Monthly,Success
S002062,U001378,2025-05-08,34.35,Monthly,Success
S002063,U001378,2025-06-05,36.71,Monthly,Success
S002064,U001378,2025-07-05,33.29,Monthly,Success
S002065,U001378,2025-08-04,36.61,Monthly,Success
S002066,U001378,2025-09-05,35.05,Monthly,Success
S002067,U001378,2025-10-04,35.41,Monthly,Success
S002068,U001379,2024-12-22,12.6,Monthly,Success
S002069,U001379,2025-01-20,12.31,Monthly,Success
S002070,U001379,2025-02-18,12.39,Monthly,Success
S002071,U001381,2024-07-09,985.22,Annual,Success
S002072,U001383,2025-12-22,942.81,Annual,Success
S002073,U001384,2024-10-01,33.37,Monthly,Success
S002074,U001384,2024-11-01,34.96,Monthly,Success
S002075,U001384,2024-12-02,35.66,Monthly,Success
S002076,U001384,2024-12-31,35.71,Monthly,Failed
S002077,U001384,2025-01-29,34.12,Monthly,Success
S002078,U001385,2025-07-07,949.8,Annual,Success
S002079,U001388,2024-06-09,1010.7,Annual,Success
S002080,U001391,2024-09-16,367.17,Annual,Success
S002081,U001391,2025-09-18,336.45,Annual,Success
S002082,U001393,2024-07-14,12.08,Monthly,Success
S002083,U001393,2024-08-13,11.8,Monthly,Success
S002084,U001393,2024-09-14,12.29,Monthly,Success
S002085,U001393,2024-10-13,12.2,Monthly,Success
S002086,U001393,2024-11-13,11.64,Monthly,Success
S002087,U001394,2025-04-12,115.23,Annual,Success
S002088,U001395,2024-12-05,34.39,Monthly,Success
S002089,U001395,2025-01-03,36.3,Monthly,Success
S002090,U001395,2025-02-01,33.51,Monthly,Success
S002091,U001395,2025-03-03,34.87,Monthly,Success
S002092,U001399,2025-06-10,12.29,Monthly,Refunded
S002093,U001399,2025-07-10,12.03,Monthly,Success
S002094,U001399,2025-08-10,12.29,Monthly,Success
S002095,U001399,2025-09-07,11.53,Monthly,Success
S002096,U001401,2024-07-14,11.42,Monthly,Success
S002097,U001401,2024-08-13,12.27,Monthly,Success
S002098,U001401,2024-09-11,11.92,Monthly,Success
S002099,U001401,2024-10-11,12.5,Monthly,Success
S002100,U001401,2024-11-11,12.13,Monthly,Success
S002101,U001402,2024-07-13,12.52,Monthly,Success
S002102,U001402,2024-08-11,12.07,Monthly,Success
S002103,U001402,2024-09-11,12.1,Monthly,Success
S002104,U001402,2024-10-11,11.73,Monthly,Success
S002105,U001402,2024-11-09,12.28,Monthly,Success
S002106,U001402,2024-12-11,11.75,Monthly,Success
S002107,U001402,2025-01-08,11.75,Monthly,Success
S002108,U001402,2025-02-07,12.1,Monthly,Success
S002109,U001402,2025-03-10,12.04,Monthly,Success
S002110,U001402,2025-04-10,11.44,Monthly,Success
S002111,U001403,2024-02-22,11.63,Monthly,Success
S002112,U001403,2024-03-21,12.19,Monthly,Success
S002113,U001404,2025-08-18,338.5,Annual,Success
S002114,U001407,2025-10-14,34.22,Monthly,Success
S002115,U001407,2025-11-13,34.08,Monthly,Success
S002116,U001408,2025-09-25,33.52,Monthly,Success
S002117,U001408,2025-10-23,36.65,Monthly,Success
S002118,U001413,2024-10-13,35.08,Monthly,Success
S002119,U001413,2024-11-10,34.75,Monthly,Success
S002120,U001414,2024-03-21,339.63,Annual,Success
S002121,U001414,2025-03-18,363.43,Annual,Success
S002122,U001415,2025-04-19,12.08,Monthly,Success
S002123,U001415,2025-05-19,11.94,Monthly,Success
S002124,U001415,2025-06-17,12.35,Monthly,Success
S002125,U001415,2025-07-18,11.48,Monthly,Success
S002126,U001415,2025-08-15,11.54,Monthly,Success
S002127,U001415,2025-09-14,12.41,Monthly,Success
S002128,U001415,2025-10-16,11.54,Monthly,Success
S002129,U001416,2025-12-05,348.61,Annual,Success
S002130,U001417,2024-02-24,966.94,Annual,Success
S002131,U001417,2025-02-24,1019.81,Annual,Success
S002132,U001418,2024-05-30,361.88,Annual,Success
S002133,U001419,2025-02-24,11.44,Monthly,Success
S002134,U001419,2025-03-26,12.0,Monthly,Success
S002135,U001419,2025-04-26,12.17,Monthly,Success
S002136,U001419,2025-05-27,11.48,Monthly,Success
S002137,U001419,2025-06-24,12.38,Monthly,Failed
S002138,U001419,2025-07-26,12.02,Monthly,Success
S002139,U001419,2025-08-24,12.38,Monthly,Success
S002140,U001420,2025-11-30,125.15,Annual,Success
S002141,U001424,2024-06-24,11.9,Monthly,Success
S002142,U001424,2024-07-25,12.45,Monthly,Success
S002143,U001425,2025-12-26,341.99,Annual,Success
S002144,U001426,2025-12-15,345.63,Annual,Success
S002145,U001428,2025-12-09,11.46,Monthly,Success
S002146,U001431,2025-02-27,12.37,Monthly,Success
S002147,U001431,2025-03-28,12.47,Monthly,Success
S002148,U001432,2025-04-07,11.56,Monthly,Success
S002149,U001440,2025-07-13,12.04,Monthly,Success
S002150,U001440,2025-08-12,11.47,Monthly,Success
S002151,U001440,2025-09-12,11.84,Monthly,Success
S002152,U001440,2025-10-10,12.0,Monthly,Success
S002153,U001440,2025-11-10,12.23,Monthly,Success
S002154,U001441,2025-12-19,35.06,Monthly,Success
S002155,U001442,2024-04-30,35.95,Monthly,Success
S002156,U001442,2024-05-28,34.35,Monthly,Success
S002157,U001442,2024-06-29,35.82,Monthly,Success
S002158,U001442,2024-07-27,36.59,Monthly,Success
S002159,U001442,2024-08-28,36.1,Monthly,Success
S002160,U001442,2024-09-27,36.37,Monthly,Success
S002161,U001442,2024-10-26,36.07,Monthly,Success
S002162,U001442,2024-11-24,36.23,Monthly,Success
S002163,U001442,2024-12-25,34.21,Monthly,Success
S002164,U001442,2025-01-24,34.23,Monthly,Success
S002165,U001442,2025-02-24,33.77,Monthly,Success
S002166,U001442,2025-03-26,33.55,Monthly,Success
S002167,U001442,2025-04-23,36.53,Monthly,Success
S002168,U001442,2025-05-23,36.45,Monthly,Failed
S002169,U001443,2025-07-12,342.32,Annual,Success
S002170,U001444,2025-02-19,365.14,Annual,Success
S002171,U001445,2025-10-28,103.22,Monthly,Success
S002172,U001445,2025-11-25,98.78,Monthly,Success
S002173,U001446,2024-07-21,11.52,Monthly,Success
S002174,U001446,2024-08-22,11.6,Monthly,Success
S002175,U001446,2024-09-21,11.91,Monthly,Success
S002176,U001446,2024-10-20,11.96,Monthly,Failed
S002177,U001446,2024-11-20,11.54,Monthly,Success
S002178,U001446,2024-12-20,11.94,Monthly,Success
S002179,U001446,2025-01-19,12.25,Monthly,Success
S002180,U001447,2025-07-24,12.38,Monthly,Success
S002181,U001449,2025-12-07,346.97,Annual,Success
S002182,U001452,2025-06-13,990.96,Annual,Success
S002183,U001454,2025-05-16,973.65,Annual,Success
S002184,U001455,2024-02-13,11.79,Monthly,Success
S002185,U001455,2024-03-13,11.51,Monthly,Success
S002186,U001455,2024-04-12,12.4,Monthly,Success
S002187,U001457,2025-07-25,345.32,Annual,Success
S002188,U001458,2025-07-17,353.78,Annual,Success
S002189,U001460,2025-07-03,36.72,Monthly,Success
S002190,U001460,2025-08-02,34.27,Monthly,Success
S002191,U001461,2025-01-18,344.94,Annual,Success
S002192,U001467,2025-12-26,121.22,Annual,Success
S002193,U001468,2025-01-25,11.92,Monthly,Success
S002194,U001468,2025-02-22,11.62,Monthly,Success
S002195,U001468,2025-03-24,12.23,Monthly,Success
S002196,U001468,2025-04-25,12.5,Monthly,Success
S002197,U001468,2025-05-25,11.45,Monthly,Success
S002198,U001468,2025-06-24,11.56,Monthly,Failed
S002199,U001468,2025-07-22,12.16,Monthly,Success
S002200,U001469,2025-10-28,34.67,Monthly,Success
S002201,U001469,2025-11-27,36.37,Monthly,Success
S002202,U001471,2025-05-12,123.93,Annual,Success
S002203,U001472,2025-08-20,12.34,Monthly,Success
S002204,U001472,2025-09-19,11.73,Monthly,Success
S002205,U001473,2025-11-02,101.6,Monthly,Success
S002206,U001473,2025-12-01,95.05,Monthly,Success
S002207,U001476,2025-07-10,103.21,Monthly,Success
S002208,U001476,2025-08-09,103.24,Monthly,Success
S002209,U001476,2025-09-06,94.8,Monthly,Success
S002210,U001476,2025-10-07,98.38,Monthly,Success
S002211,U001476,2025-11-06,96.65,Monthly,Success
S002212,U001479,2025-09-21,11.42,Monthly,Success
S002213,U001480,2025-02-14,11.82,Monthly,Success
S002214,U001480,2025-03-14,12.15,Monthly,Success
S002215,U001480,2025-04-13,12.27,Monthly,Success
S002216,U001480,2025-05-14,12.42,Monthly,Success
S002217,U001480,2025-06-13,11.67,Monthly,Success
S002218,U001480,2025-07-12,12.07,Monthly,Success
S002219,U001483,2025-04-25,12.38,Monthly,Success
S002220,U001483,2025-05-26,11.99,Monthly,Success
S002221,U001483,2025-06-25,11.86,Monthly,Success
S002222,U001483,2025-07-25,11.53,Monthly,Success
S002223,U001484,2024-01-09,985.67,Annual,Success
S002224,U001484,2025-01-12,942.99,Annual,Success
S002225,U001487,2025-01-16,11.99,Monthly,Success
S002226,U001487,2025-02-16,12.23,Monthly,Success
S002227,U001487,2025-03-17,12.51,Monthly,Success
S002228,U001487,2025-04-16,12.16,Monthly,Success
S002229,U001487,2025-05-16,12.04,Monthly,Success
S002230,U001487,2025-06-14,11.59,Monthly,Success
S002231,U001487,2025-07-16,12.43,Monthly,Success
S002232,U001487,2025-08-14,12.58,Monthly,Success
S002233,U001487,2025-09-13,11.48,Monthly,Success
S002234,U001487,2025-10-14,12.39,Monthly,Success
S002235,U001489,2025-01-10,12.53,Monthly,Success
S002236,U001489,2025-02-10,11.44,Monthly,Success
S002237,U001489,2025-03-11,11.74,Monthly,Success
S002238,U001489,2025-04-12,11.5,Monthly,Success
S002239,U001489,2025-05-12,12.49,Monthly,Failed
S002240,U001489,2025-06-11,12.38,Monthly,Success
S002241,U001490,2025-02-21,11.7,Monthly,Success
S002242,U001490,2025-03-23,11.95,Monthly,Success
S002243,U001490,2025-04-23,12.07,Monthly,Success
S002244,U001491,2024-09-15,33.67,Monthly,Success
S002245,U001491,2024-10-14,34.44,Monthly,Success
S002246,U001491,2024-11-15,36.23,Monthly,Success
S002247,U001491,2024-12-15,33.49,Monthly,Success
S002248,U001491,2025-01-14,33.26,Monthly,Success
S002249,U001491,2025-02-13,35.28,Monthly,Success
S002250,U001491,2025-03-13,33.61,Monthly,Success
S002251,U001491,2025-04-13,35.2,Monthly,Success
S002252,U001491,2025-05-13,36.22,Monthly,Success
S002253,U001491,2025-06-13,33.94,Monthly,Success
S002254,U001491,2025-07-13,34.0,Monthly,Success
S002255,U001491,2025-08-12,36.61,Monthly,Success
S002256,U001491,2025-09-10,34.85,Monthly,Success
S002257,U001492,2024-12-30,34.51,Monthly,Success
S002258,U001493,2024-09-09,989.38,Annual,Success
S002259,U001494,2024-04-06,11.63,Monthly,Success
S002260,U001494,2024-05-06,11.41,Monthly,Success
S002261,U001494,2024-06-05,11.62,Monthly,Success
S002262,U001494,2024-07-04,11.6,Monthly,Success
S002263,U001494,2024-08-02,11.63,Monthly,Success
S002264,U001494,2024-09-01,12.49,Monthly,Success
S002265,U001494,2024-10-03,12.54,Monthly,Failed
S002266,U001494,2024-11-02,12.6,Monthly,Success
S002267,U001494,2024-11-30,12.19,Monthly,Success
S002268,U001494,2024-12-30,12.15,Monthly,Success
S002269,U001494,2025-01-30,11.42,Monthly,Success
S002270,U001494,2025-03-02,11.56,Monthly,Success
S002271,U001495,2025-05-31,99.61,Monthly,Success
S002272,U001497,2025-06-11,11.66,Monthly,Success
S002273,U001497,2025-07-12,11.93,Monthly,Success
S002274,U001497,2025-08-10,12.08,Monthly,Success
S002275,U001497,2025-09-09,12.41,Monthly,Success
S002276,U001497,2025-10-10,11.48,Monthly,Success
S002277,U001497,2025-11-09,12.1,Monthly,Success
S002278,U001498,2025-03-04,11.51,Monthly,Success
S002279,U001498,2025-04-02,12.4,Monthly,Success
S002280,U001498,2025-05-02,12.28,Monthly,Success
S002281,U001498,2025-06-02,11.77,Monthly,Success
S002282,U001498,2025-07-01,12.05,Monthly,Success
S002283,U001498,2025-08-02,11.98,Monthly,Success
S002284,U001498,2025-08-31,11.52,Monthly,Success
S002285,U001498,2025-09-29,11.43,Monthly,Success
S002286,U001498,2025-10-30,11.46,Monthly,Success
S002287,U001499,2025-01-06,12.36,Monthly,Success
S002288,U001499,2025-02-05,11.69,Monthly,Success
S002289,U001501,2025-04-09,117.0,Annual,Success
S002290,U001502,2025-03-17,968.88,Annual,Success
S002291,U001503,2024-02-05,35.51,Monthly,Success
S002292,U001504,2024-12-07,122.24,Annual,Success
S002293,U001504,2025-12-12,114.74,Annual,Success
S002294,U001507,2025-05-20,978.62,Annual,Success
S002295,U001509,2025-06-05,11.65,Monthly,Success
S002296,U001509,2025-07-03,12.57,Monthly,Success
S002297,U001509,2025-08-04,12.02,Monthly,Success
S002298,U001509,2025-09-02,12.11,Monthly,Success
S002299,U001517,2025-06-29,12.5,Monthly,Success
S002300,U001517,2025-07-29,11.51,Monthly,Success
S002301,U001517,2025-08-28,12.19,Monthly,Success
S002302,U001517,2025-09-26,12.48,Monthly,Success
S002303,U001519,2024-09-19,125.0,Annual,Success
S002304,U001520,2025-11-25,97.76,Monthly,Success
S002305,U001521,2024-03-20,12.34,Monthly,Success
S002306,U001521,2024-04-21,12.43,Monthly,Success
S002307,U001521,2024-05-19,12.37,Monthly,Success
S002308,U001521,2024-06-19,11.85,Monthly,Success
S002309,U001521,2024-07-19,12.18,Monthly,Success
S002310,U001522,2025-12-05,354.33,Annual,Success
S002311,U001523,2024-12-14,36.07,Monthly,Success
S002312,U001523,2025-01-14,35.74,Monthly,Success
S002313,U001523,2025-02-12,36.19,Monthly,Success
S002314,U001523,2025-03-16,33.78,Monthly,Success
S002315,U001527,2024-10-24,12.16,Monthly,Success
S002316,U001527,2024-11-24,12.19,Monthly,Success
S002317,U001527,2024-12-22,12.03,Monthly,Success
S002318,U001527,2025-01-21,11.86,Monthly,Success
S002319,U001527,2025-02-20,12.19,Monthly,Success
S002320,U001527,2025-03-23,12.35,Monthly,Refunded
S002321,U001527,2025-04-21,11.81,Monthly,Success
S002322,U001527,2025-05-22,11.8,Monthly,Success
S002323,U001527,2025-06-20,12.07,Monthly,Success
S002324,U001527,2025-07-22,12.32,Monthly,Success
S002325,U001527,2025-08-20,11.62,Monthly,Success
S002326,U001530,2025-04-23,11.75,Monthly,Success
S002327,U001530,2025-05-23,11.79,Monthly,Success
S002328,U001532,2025-06-10,335.74,Annual,Success
S002329,U001534,2024-10-19,982.94,Annual,Success
S002330,U001538,2025-07-21,956.35,Annual,Success
S002331,U001540,2025-04-13,12.16,Monthly,Success
S002332,U001540,2025-05-15,12.37,Monthly,Success
S002333,U001540,2025-06-13,12.14,Monthly,Success
S002334,U001540,2025-07-13,11.72,Monthly,Success
S002335,U001540,2025-08-11,12.19,Monthly,Success
S002336,U001540,2025-09-12,11.97,Monthly,Success
S002337,U001540,2025-10-11,11.52,Monthly,Success
S002338,U001540,2025-11-11,12.29,Monthly,Failed
S002339,U001541,2025-08-01,1014.03,Annual,Success
S002340,U001542,2024-05-13,11.66,Monthly,Success
S002341,U001542,2024-06-13,12.0,Monthly,Refunded
S002342,U001542,2024-07-11,11.87,Monthly,Success
S002343,U001542,2024-08-12,12.53,Monthly,Success
S002344,U001542,2024-09-11,11.5,Monthly,Success
S002345,U001542,2024-10-10,11.86,Monthly,Success
S002346,U001542,2024-11-09,12.46,Monthly,Success
S002347,U001542,2024-12-10,11.59,Monthly,Success
S002348,U001542,2025-01-08,12.23,Monthly,Success
S002349,U001542,2025-02-08,12.04,Monthly,Success
S002350,U001544,2024-10-01,94.52,Monthly,Success
S002351,U001544,2024-11-01,96.94,Monthly,Success
S002352,U001544,2024-12-01,100.95,Monthly,Success
S002353,U001544,2024-12-29,103.81,Monthly,Success
S002354,U001544,2025-01-29,96.39,Monthly,Success
S002355,U001544,2025-02-28,98.49,Monthly,Success
S002356,U001544,2025-03-31,101.52,Monthly,Success
S002357,U001544,2025-04-28,96.2,Monthly,Success
S002358,U001544,2025-05-29,97.42,Monthly,Success
S002359,U001544,2025-06-27,94.73,Monthly,Success
S002360,U001544,2025-07-28,96.02,Monthly,Success
S002361,U001544,2025-08-27,103.03,Monthly,Success
S002362,U001545,2025-12-13,33.39,Monthly,Success
S002363,U001548,2025-04-30,99.16,Monthly,Success
S002364,U001548,2025-05-31,100.13,Monthly,Success
S002365,U001548,2025-06-30,98.11,Monthly,Success
S002366,U001548,2025-07-29,99.73,Monthly,Success
S002367,U001548,2025-08-27,94.6,Monthly,Success
S002368,U001548,2025-09-27,96.87,Monthly,Failed
S002369,U001548,2025-10-28,95.52,Monthly,Success
S002370,U001548,2025-11-26,94.69,Monthly,Success
S002371,U001549,2024-02-28,982.96,Annual,Success
S002372,U001551,2025-12-13,995.04,Annual,Success
S002373,U001556,2024-08-22,12.25,Monthly,Success
S002374,U001556,2024-09-22,11.92,Monthly,Success
S002375,U001556,2024-10-23,12.18,Monthly,Success
S002376,U001556,2024-11-22,12.18,Monthly,Success
S002377,U001556,2024-12-20,12.09,Monthly,Success
S002378,U001556,2025-01-19,12.5,Monthly,Success
S002379,U001556,2025-02-18,12.27,Monthly,Success
S002380,U001556,2025-03-21,11.74,Monthly,Success
S002381,U001556,2025-04-21,11.48,Monthly,Success
S002382,U001561,2024-12-17,97.7,Monthly,Success
S002383,U001561,2025-01-14,99.51,Monthly,Success
S002384,U001561,2025-02-13,99.58,Monthly,Success
S002385,U001561,2025-03-17,99.97,Monthly,Success
S002386,U001561,2025-04-15,94.39,Monthly,Success
S002387,U001561,2025-05-15,94.79,Monthly,Success
S002388,U001561,2025-06-15,100.92,Monthly,Success
S002389,U001561,2025-07-14,94.85,Monthly,Success
S002390,U001561,2025-08-14,96.22,Monthly,Success
S002391,U001562,2024-09-14,36.46,Monthly,Success
S002392,U001562,2024-10-13,35.75,Monthly,Success
S002393,U001564,2024-10-17,34.23,Monthly,Success
S002394,U001564,2024-11-15,33.48,Monthly,Success
S002395,U001566,2025-02-05,12.12,Monthly,Success
S002396,U001566,2025-03-06,12.36,Monthly,Success
S002397,U001566,2025-04-05,12.55,Monthly,Success
S002398,U001566,2025-05-06,11.94,Monthly,Success
S002399,U001566,2025-06-05,12.43,Monthly,Success
S002400,U001566,2025-07-06,11.86,Monthly,Success
S002401,U001567,2025-07-12,952.64,Annual,Success
S002402,U001569,2025-06-14,11.65,Monthly,Refunded
S002403,U001569,2025-07-15,12.16,Monthly,Success
S002404,U001569,2025-08-14,11.81,Monthly,Success
S002405,U001569,2025-09-13,12.46,Monthly,Success
S002406,U001569,2025-10-12,11.89,Monthly,Success
S002407,U001572,2024-07-13,11.86,Monthly,Success
S002408,U001572,2024-08-12,11.93,Monthly,Success
S002409,U001572,2024-09-12,11.51,Monthly,Success
S002410,U001572,2024-10-12,11.78,Monthly,Success
S002411,U001572,2024-11-11,12.01,Monthly,Success
S002412,U001573,2025-08-18,97.76,Monthly,Success
S002413,U001573,2025-09-16,96.8,Monthly,Success
S002414,U001575,2024-08-28,1025.13,Annual,Success
S002415,U001575,2025-09-01,996.39,Annual,Success
S002416,U001576,2024-05-03,366.03,Annual,Success
S002417,U001578,2025-06-23,12.47,Monthly,Success
S002418,U001578,2025-07-23,12.1,Monthly,Failed
S002419,U001578,2025-08-24,12.14,Monthly,Success
S002420,U001578,2025-09-22,11.89,Monthly,Success
S002421,U001578,2025-10-22,11.83,Monthly,Success
S002422,U001578,2025-11-20,11.78,Monthly,Success
S002423,U001579,2025-06-07,335.12,Annual,Success
S002424,U001582,2025-01-12,96.3,Monthly,Success
S002425,U001582,2025-02-13,94.93,Monthly,Success
S002426,U001582,2025-03-13,102.56,Monthly,Success
S002427,U001582,2025-04-13,97.25,Monthly,Success
S002428,U001582,2025-05-13,98.28,Monthly,Success
S002429,U001582,2025-06-11,95.83,Monthly,Success
S002430,U001582,2025-07-13,98.17,Monthly,Success
S002431,U001582,2025-08-10,100.87,Monthly,Success
S002432,U001582,2025-09-11,94.27,Monthly,Success
S002433,U001582,2025-10-09,100.79,Monthly,Success
S002434,U001583,2025-05-27,12.19,Monthly,Success
S002435,U001585,2025-12-30,121.42,Annual,Success
S002436,U001587,2025-07-25,12.32,Monthly,Success
S002437,U001587,2025-08-25,12.2,Monthly,Success
S002438,U001587,2025-09-24,11.8,Monthly,Success
S002439,U001587,2025-10-22,12.03,Monthly,Success
S002440,U001588,2025-01-25,984.45,Annual,Success
S002441,U001589,2025-02-07,33.58,Monthly,Success
S002442,U001592,2025-12-28,12.29,Monthly,Success
S002443,U001595,2025-08-11,12.06,Monthly,Success
S002444,U001595,2025-09-11,11.56,Monthly,Refunded
S002445,U001595,2025-10-10,11.84,Monthly,Success
S002446,U001596,2025-05-16,34.82,Monthly,Success
S002447,U001596,2025-06-17,36.39,Monthly,Success
S002448,U001596,2025-07-15,34.72,Monthly,Success
S002449,U001596,2025-08-16,34.46,Monthly,Success
S002450,U001596,2025-09-14,35.61,Monthly,Success
S002451,U001596,2025-10-14,36.63,Monthly,Success
S002452,U001596,2025-11-12,33.88,Monthly,Success
S002453,U001601,2024-08-05,11.44,Monthly,Success
S002454,U001601,2024-09-05,12.33,Monthly,Success
S002455,U001601,2024-10-03,11.87,Monthly,Success
S002456,U001601,2024-11-04,12.54,Monthly,Success
S002457,U001601,2024-12-03,12.58,Monthly,Success
S002458,U001601,2025-01-01,11.53,Monthly,Success
S002459,U001601,2025-02-01,12.08,Monthly,Success
S002460,U001601,2025-03-04,11.52,Monthly,Success
S002461,U001601,2025-04-02,12.14,Monthly,Success
S002462,U001601,2025-05-03,12.45,Monthly,Success
S002463,U001601,2025-06-02,12.0,Monthly,Success
S002464,U001601,2025-07-02,12.33,Monthly,Success
S002465,U001604,2024-12-20,974.76,Annual,Success
S002466,U001607,2024-04-02,974.43,Annual,Success
S002467,U001607,2025-04-02,951.79,Annual,Success
S002468,U001609,2024-09-12,11.6,Monthly,Success
S002469,U001609,2024-10-12,11.68,Monthly,Success
S002470,U001609,2024-11-11,12.14,Monthly,Success
S002471,U001612,2025-06-29,35.29,Monthly,Success
S002472,U001612,2025-07-31,34.76,Monthly,Success
S002473,U001612,2025-08-28,33.4,Monthly,Success
S002474,U001612,2025-09-28,33.88,Monthly,Success
S002475,U001612,2025-10-28,34.1,Monthly,Success
S002476,U001612,2025-11-26,34.22,Monthly,Success
S002477,U001613,2025-04-19,36.61,Monthly,Success
S002478,U001613,2025-05-18,36.71,Monthly,Success
S002479,U001616,2025-07-15,953.81,Annual,Success
S002480,U001618,2025-07-06,121.98,Annual,Success
S002481,U001620,2025-08-18,116.22,Annual,Success
S002482,U001621,2025-03-08,120.62,Annual,Success
S002483,U001622,2024-03-21,11.93,Monthly,Success
S002484,U001622,2024-04-19,12.26,Monthly,Success
S002485,U001622,2024-05-20,12.43,Monthly,Success
S002486,U001626,2025-07-23,36.18,Monthly,Success
S002487,U001626,2025-08-20,33.84,Monthly,Success
S002488,U001627,2024-08-14,11.84,Monthly,Success
S002489,U001627,2024-09-13,12.21,Monthly,Success
S002490,U001627,2024-10-12,11.87,Monthly,Failed
S002491,U001627,2024-11-10,12.06,Monthly,Success
S002492,U001627,2024-12-10,11.78,Monthly,Success
S002493,U001627,2025-01-09,12.28,Monthly,Failed
S002494,U001627,2025-02-10,11.48,Monthly,Success
S002495,U001627,2025-03-10,11.94,Monthly,Success
S002496,U001627,2025-04-09,11.69,Monthly,Success
S002497,U001627,2025-05-09,11.42,Monthly,Success
S002498,U001628,2025-04-24,341.15,Annual,Success
S002499,U001629,2024-05-02,11.75,Monthly,Success
S002500,U001629,2024-06-01,12.45,Monthly,Success
S002501,U001629,2024-07-01,12.39,Monthly,Success
S002502,U001629,2024-07-31,12.19,Monthly,Success
S002503,U001630,2025-02-23,12.05,Monthly,Success
S002504,U001631,2025-08-28,11.86,Monthly,Success
S002505,U001631,2025-09-26,12.2,Monthly,Success
S002506,U001633,2025-07-07,11.8,Monthly,Success
S002507,U001633,2025-08-07,12.2,Monthly,Success
S002508,U001633,2025-09-07,12.0,Monthly,Success
S002509,U001633,2025-10-05,11.45,Monthly,Success
S002510,U001634,2025-09-19,12.44,Monthly,Refunded
S002511,U001634,2025-10-18,12.43,Monthly,Success
S002512,U001634,2025-11-17,12.31,Monthly,Success
S002513,U001635,2025-11-27,96.07,Monthly,Success
S002514,U001637,2025-01-18,365.11,Annual,Failed
S002515,U001642,2025-10-13,114.84,Annual,Success
S002516,U001645,2024-04-28,1015.58,Annual,Success
S002517,U001646,2025-09-01,365.27,Annual,Success
S002518,U001647,2024-06-04,11.57,Monthly,Success
S002519,U001647,2024-07-05,11.42,Monthly,Success
S002520,U001647,2024-08-02,11.57,Monthly,Success
S002521,U001647,2024-09-01,12.19,Monthly,Success
S002522,U001647,2024-10-02,12.13,Monthly,Success
S002523,U001651,2024-02-20,34.62,Monthly,Success
S002524,U001651,2024-03-21,36.12,Monthly,Success
S002525,U001651,2024-04-20,35.79,Monthly,Success
S002526,U001651,2024-05-19,34.66,Monthly,Success
S002527,U001651,2024-06-20,34.88,Monthly,Success
S002528,U001651,2024-07-19,35.0,Monthly,Success
S002529,U001651,2024-08-17,34.04,Monthly,Success
S002530,U001651,2024-09-16,34.57,Monthly,Success
S002531,U001651,2024-10-16,34.81,Monthly,Success
S002532,U001651,2024-11-16,35.92,Monthly,Success
S002533,U001651,2024-12-15,36.26,Monthly,Success
S002534,U001653,2024-10-08,114.72,Annual,Success
S002535,U001654,2024-12-21,12.13,Monthly,Success
S002536,U001654,2025-01-21,11.47,Monthly,Success
S002537,U001654,2025-02-18,12.43,Monthly,Success
S002538,U001654,2025-03-21,12.21,Monthly,Success
S002539,U001654,2025-04-21,11.43,Monthly,Success
S002540,U001654,2025-05-20,12.03,Monthly,Success
S002541,U001654,2025-06-19,11.74,Monthly,Success
S002542,U001654,2025-07-19,12.03,Monthly,Success
S002543,U001654,2025-08-19,11.99,Monthly,Success
S002544,U001655,2024-04-22,11.52,Monthly,Success
S002545,U001655,2024-05-22,12.06,Monthly,Success
S002546,U001655,2024-06-21,12.59,Monthly,Success
S002547,U001656,2025-12-06,334.53,Annual,Success
S002548,U001658,2024-11-08,12.18,Monthly,Success
S002549,U001658,2024-12-09,12.15,Monthly,Success
S002550,U001658,2025-01-09,11.8,Monthly,Success
S002551,U001658,2025-02-06,11.82,Monthly,Success
S002552,U001658,2025-03-08,12.47,Monthly,Success
S002553,U001658,2025-04-09,12.26,Monthly,Success
S002554,U001658,2025-05-09,11.69,Monthly,Success
S002555,U001658,2025-06-08,12.04,Monthly,Success
S002556,U001658,2025-07-08,11.86,Monthly,Success
S002557,U001658,2025-08-06,11.75,Monthly,Success
S002558,U001658,2025-09-04,12.24,Monthly,Success
S002559,U001658,2025-10-06,12.25,Monthly,Success
S002560,U001659,2025-01-21,349.41,Annual,Success
S002561,U001663,2025-11-23,12.26,Monthly,Success
S002562,U001664,2025-03-27,346.46,Annual,Success
S002563,U001665,2025-12-29,12.17,Monthly,Success
S002564,U001666,2025-10-18,948.09,Annual,Success
S002565,U001670,2025-10-03,361.87,Annual,Success
S002566,U001672,2025-10-31,35.36,Monthly,Success
S002567,U001672,2025-12-02,35.88,Monthly,Success
S002568,U001673,2025-10-26,11.62,Monthly,Success
S002569,U001673,2025-11-25,12.49,Monthly,Success
S002570,U001674,2025-09-24,101.58,Monthly,Success
S002571,U001674,2025-10-23,94.43,Monthly,Success
S002572,U001678,2025-01-25,125.34,Annual,Success
S002573,U001679,2024-07-18,114.52,Annual,Success
S002574,U001681,2024-12-11,334.49,Annual,Success
S002575,U001681,2025-12-12,347.05,Annual,Success
S002576,U001682,2025-12-21,98.64,Monthly,Success
S002577,U001683,2025-06-23,12.0,Monthly,Failed
S002578,U001683,2025-07-25,11.76,Monthly,Refunded
S002579,U001683,2025-08-24,12.44,Monthly,Success
S002580,U001690,2025-09-06,335.53,Annual,Success
S002581,U001693,2025-01-17,12.48,Monthly,Success
S002582,U001694,2024-06-24,969.18,Annual,Success
S002583,U001695,2024-12-26,11.85,Monthly,Success
S002584,U001695,2025-01-27,12.33,Monthly,Success
S002585,U001695,2025-02-25,11.52,Monthly,Success
S002586,U001695,2025-03-28,12.13,Monthly,Success
S002587,U001695,2025-04-27,11.45,Monthly,Success
S002588,U001697,2024-02-10,120.86,Annual,Success
S002589,U001697,2025-02-09,119.11,Annual,Success
S002590,U001698,2024-06-14,115.28,Annual,Success
S002591,U001699,2025-12-14,12.14,Monthly,Success
S002592,U001701,2025-12-15,33.57,Monthly,Success
S002593,U001703,2024-11-13,34.94,Monthly,Success
S002594,U001703,2024-12-15,35.49,Monthly,Success
S002595,U001703,2025-01-12,34.65,Monthly,Success
S002596,U001703,2025-02-12,33.68,Monthly,Success
S002597,U001703,2025-03-13,33.89,Monthly,Success
S002598,U001703,2025-04-12,36.39,Monthly,Success
S002599,U001703,2025-05-14,36.02,Monthly,Success
S002600,U001703,2025-06-11,35.88,Monthly,Success
S002601,U001705,2025-02-20,950.09,Annual,Success
S002602,U001706,2024-05-12,1004.99,Annual,Success
S002603,U001708,2024-08-29,349.22,Annual,Success
S002604,U001711,2024-06-28,121.49,Annual,Success
S002605,U001712,2024-03-21,1024.62,Annual,Success
S002606,U001713,2025-09-11,11.47,Monthly,Success
S002607,U001713,2025-10-11,11.76,Monthly,Failed
S002608,U001713,2025-11-10,12.6,Monthly,Success
S002609,U001715,2024-03-18,12.47,Monthly,Success
S002610,U001715,2024-04-18,12.4,Monthly,Success
S002611,U001715,2024-05-17,11.9,Monthly,Success
S002612,U001715,2024-06-16,11.43,Monthly,Success
S002613,U001715,2024-07-18,12.18,Monthly,Success
S002614,U001717,2024-03-17,12.14,Monthly,Success
S002615,U001717,2024-04-18,12.0,Monthly,Success
S002616,U001717,2024-05-18,12.46,Monthly,Success
S002617,U001717,2024-06-15,12.37,Monthly,Success
S002618,U001717,2024-07-15,12.03,Monthly,Success
S002619,U001721,2024-06-19,11.69,Monthly,Success
S002620,U001721,2024-07-20,12.55,Monthly,Success
S002621,U001721,2024-08-17,11.75,Monthly,Success
S002622,U001721,2024-09-17,11.81,Monthly,Success
S002623,U001721,2024-10-18,12.55,Monthly,Success
S002624,U001721,2024-11-15,12.49,Monthly,Success
S002625,U001721,2024-12-17,11.56,Monthly,Success
S002626,U001724,2024-05-06,116.94,Annual,Success
S002627,U001730,2025-06-08,11.4,Monthly,Success
S002628,U001731,2024-11-12,1029.53,Annual,Success
S002629,U001734,2025-02-07,356.41,Annual,Success
S002630,U001735,2024-06-08,35.14,Monthly,Success
S002631,U001735,2024-07-06,34.38,Monthly,Success
S002632,U001735,2024-08-07,34.34,Monthly,Success
S002633,U001735,2024-09-06,35.35,Monthly,Success
S002634,U001735,2024-10-05,34.0,Monthly,Failed
S002635,U001735,2024-11-04,35.18,Monthly,Success
S002636,U001735,2024-12-03,33.42,Monthly,Success
S002637,U001736,2025-11-10,121.61,Annual,Success
S002638,U001737,2025-02-22,97.29,Monthly,Success
S002639,U001737,2025-03-26,103.59,Monthly,Success
S002640,U001737,2025-04-23,100.08,Monthly,Success
S002641,U001737,2025-05-23,99.69,Monthly,Success
S002642,U001737,2025-06-23,103.05,Monthly,Success
S002643,U001737,2025-07-22,99.13,Monthly,Success
S002644,U001737,2025-08-22,99.12,Monthly,Success
S002645,U001738,2024-08-07,36.12,Monthly,Success
S002646,U001738,2024-09-06,36.35,Monthly,Success
S002647,U001738,2024-10-06,36.34,Monthly,Success
S002648,U001740,2025-02-03,349.95,Annual,Success
S002649,U001748,2024-10-04,11.53,Monthly,Success
S002650,U001749,2025-09-01,974.44,Annual,Success
S002651,U001750,2024-06-14,122.58,Annual,Success
S002652,U001751,2025-04-19,964.71,Annual,Success
S002653,U001753,2024-01-18,35.01,Monthly,Success
S002654,U001753,2024-02-19,33.74,Monthly,Success
S002655,U001753,2024-03-18,35.08,Monthly,Success
S002656,U001753,2024-04-19,35.16,Monthly,Success
S002657,U001753,2024-05-17,34.63,Monthly,Success
S002658,U001754,2024-09-19,12.2,Monthly,Success
S002659,U001754,2024-10-19,11.93,Monthly,Success
S002660,U001754,2024-11-18,11.65,Monthly,Success
S002661,U001754,2024-12-18,12.27,Monthly,Success
S002662,U001754,2025-01-15,12.46,Monthly,Success
S002663,U001754,2025-02-16,12.44,Monthly,Success
S002664,U001754,2025-03-17,11.88,Monthly,Success
S002665,U001754,2025-04-15,11.6,Monthly,Success
S002666,U001754,2025-05-17,11.64,Monthly,Success
S002667,U001754,2025-06-14,12.48,Monthly,Success
S002668,U001763,2024-05-02,1012.37,Annual,Success
S002669,U001766,2024-11-28,125.93,Annual,Success
S002670,U001767,2025-08-17,11.89,Monthly,Success
S002671,U001767,2025-09-16,11.66,Monthly,Success
S002672,U001767,2025-10-16,12.54,Monthly,Success
S002673,U001767,2025-11-15,11.41,Monthly,Success
S002674,U001769,2025-01-03,1038.56,Annual,Success
S002675,U001773,2025-11-10,11.55,Monthly,Success
S002676,U001775,2025-09-15,11.78,Monthly,Failed
S002677,U001775,2025-10-14,12.17,Monthly,Success
S002678,U001777,2025-07-24,343.41,Annual,Success
S002679,U001779,2024-09-29,12.0,Monthly,Success
S002680,U001779,2024-10-30,12.33,Monthly,Success
S002681,U001779,2024-11-29,12.17,Monthly,Success
S002682,U001779,2024-12-27,11.48,Monthly,Success
S002683,U001779,2025-01-28,11.96,Monthly,Success
S002684,U001779,2025-02-26,11.77,Monthly,Success
S002685,U001780,2025-10-14,11.82,Monthly,Success
S002686,U001781,2024-02-23,11.45,Monthly,Success
S002687,U001781,2024-03-25,12.17,Monthly,Success
S002688,U001781,2024-04-22,11.78,Monthly,Refunded
S002689,U001781,2024-05-22,12.01,Monthly,Success
S002690,U001781,2024-06-21,11.63,Monthly,Success
S002691,U001781,2024-07-22,12.05,Monthly,Failed
S002692,U001783,2025-03-04,34.19,Monthly,Refunded
S002693,U001783,2025-04-01,36.42,Monthly,Success
S002694,U001783,2025-05-01,36.54,Monthly,Success
S002695,U001783,2025-06-01,33.57,Monthly,Success
S002696,U001783,2025-07-02,34.54,Monthly,Success
S002697,U001784,2025-06-22,34.04,Monthly,Success
S002698,U001784,2025-07-23,33.79,Monthly,Success
S002699,U001784,2025-08-20,35.75,Monthly,Success
S002700,U001784,2025-09-21,35.45,Monthly,Success
S002701,U001784,2025-10-20,34.86,Monthly,Success
S002702,U001786,2025-11-11,345.39,Annual,Success
S002703,U001787,2025-06-26,362.55,Annual,Success
S002704,U001790,2025-04-08,11.61,Monthly,Refunded
S002705,U001790,2025-05-08,12.45,Monthly,Success
S002706,U001790,2025-06-08,12.16,Monthly,Success
S002707,U001790,2025-07-07,11.52,Monthly,Refunded
S002708,U001790,2025-08-06,12.48,Monthly,Success
S002709,U001790,2025-09-06,12.47,Monthly,Success
S002710,U001790,2025-10-05,12.26,Monthly,Success
S002711,U001790,2025-11-05,11.42,Monthly,Success
S002712,U001792,2025-08-22,123.65,Annual,Success
S002713,U001794,2025-07-17,121.62,Annual,Failed
S002714,U001796,2024-04-18,12.34,Monthly,Failed
S002715,U001799,2024-04-03,339.31,Annual,Success
S002716,U001800,2024-01-18,11.42,Monthly,Success
S002717,U001800,2024-02-17,11.6,Monthly,Success
S002718,U001800,2024-03-20,11.54,Monthly,Success
S002719,U001802,2025-08-19,12.58,Monthly,Success
S002720,U001802,2025-09-17,12.03,Monthly,Success
S002721,U001802,2025-10-18,12.31,Monthly,Success
S002722,U001804,2024-11-03,11.82,Monthly,Success
S002723,U001804,2024-12-03,11.83,Monthly,Success
S002724,U001804,2025-01-01,12.0,Monthly,Success
S002725,U001804,2025-02-01,12.52,Monthly,Success
S002726,U001804,2025-03-02,12.12,Monthly,Success
S002727,U001804,2025-04-01,11.66,Monthly,Success
S002728,U001804,2025-05-02,12.48,Monthly,Success
S002729,U001806,2025-09-09,11.96,Monthly,Success
S002730,U001806,2025-10-09,12.41,Monthly,Success
S002731,U001806,2025-11-07,11.93,Monthly,Success
S002732,U001807,2025-07-06,11.81,Monthly,Success
S002733,U001807,2025-08-04,11.6,Monthly,Success
S002734,U001811,2025-07-05,12.01,Monthly,Success
S002735,U001811,2025-08-03,11.53,Monthly,Success
S002736,U001811,2025-09-04,12.58,Monthly,Success
S002737,U001811,2025-10-03,11.99,Monthly,Success
S002738,U001811,2025-11-03,12.28,Monthly,Success
S002739,U001811,2025-12-01,11.45,Monthly,Success
S002740,U001813,2024-10-09,12.29,Monthly,Success
S002741,U001813,2024-11-08,11.56,Monthly,Failed
S002742,U001813,2024-12-06,12.6,Monthly,Success
S002743,U001813,2025-01-06,12.38,Monthly,Success
S002744,U001814,2024-02-01,33.92,Monthly,Success
S002745,U001814,2024-02-29,34.26,Monthly,Success
S002746,U001814,2024-04-01,35.2,Monthly,Success
S002747,U001814,2024-04-30,35.05,Monthly,Success
S002748,U001814,2024-05-29,34.22,Monthly,Success
S002749,U001814,2024-06-29,36.17,Monthly,Success
S002750,U001814,2024-07-29,33.4,Monthly,Refunded
S002751,U001814,2024-08-29,34.35,Monthly,Success
S002752,U001814,2024-09-26,36.1,Monthly,Success
S002753,U001814,2024-10-26,33.81,Monthly,Success
S002754,U001814,2024-11-25,33.84,Monthly,Success
S002755,U001816,2025-12-18,33.77,Monthly,Success
S002756,U001819,2025-06-13,11.54,Monthly,Success
S002757,U001819,2025-07-13,11.6,Monthly,Success
S002758,U001819,2025-08-14,12.31,Monthly,Success
S002759,U001819,2025-09-13,11.79,Monthly,Failed
S002760,U001820,2025-01-05,362.75,Annual,Success
S002761,U001821,2024-08-17,12.15,Monthly,Success
S002762,U001821,2024-09-16,12.21,Monthly,Success
S002763,U001821,2024-10-17,12.19,Monthly,Success
S002764,U001821,2024-11-17,11.5,Monthly,Success
S002765,U001821,2024-12-16,12.16,Monthly,Success
S002766,U001822,2024-05-30,117.9,Annual,Success
S002767,U001823,2025-06-09,34.36,Monthly,Success
S002768,U001823,2025-07-08,34.37,Monthly,Success
S002769,U001823,2025-08-07,33.87,Monthly,Success
S002770,U001824,2025-09-09,34.64,Monthly,Success
S002771,U001824,2025-10-09,36.12,Monthly,Success
S002772,U001824,2025-11-08,36.25,Monthly,Success
S002773,U001826,2025-04-16,34.66,Monthly,Success
S002774,U001826,2025-05-17,34.1,Monthly,Success
S002775,U001826,2025-06-17,36.2,Monthly,Success
S002776,U001826,2025-07-17,34.86,Monthly,Success
S002777,U001826,2025-08-16,35.34,Monthly,Success
S002778,U001826,2025-09-14,36.28,Monthly,Success
S002779,U001826,2025-10-14,35.57,Monthly,Success
S002780,U001827,2024-02-26,12.42,Monthly,Success
S002781,U001827,2024-03-29,11.9,Monthly,Success
S002782,U001827,2024-04-28,12.19,Monthly,Success
S002783,U001827,2024-05-28,11.7,Monthly,Success
S002784,U001827,2024-06-27,12.51,Monthly,Success
S002785,U001827,2024-07-25,12.46,Monthly,Success
S002786,U001827,2024-08-26,12.48,Monthly,Success
S002787,U001827,2024-09-25,12.5,Monthly,Success
S002788,U001827,2024-10-24,11.67,Monthly,Success
S002789,U001828,2025-12-18,367.25,Annual,Success
S002790,U001829,2025-09-21,35.7,Monthly,Success
S002791,U001829,2025-10-22,35.42,Monthly,Success
S002792,U001829,2025-11-19,35.76,Monthly,Success
S002793,U001830,2024-11-03,942.17,Annual,Success
S002794,U001833,2025-05-19,11.42,Monthly,Success
S002795,U001836,2025-07-04,125.4,Annual,Success
S002796,U001838,2024-12-10,346.24,Annual,Success
S002797,U001838,2025-12-05,356.65,Annual,Success
S002798,U001839,2025-11-28,336.33,Annual,Success
S002799,U001840,2024-09-02,11.76,Monthly,Success
S002800,U001840,2024-10-02,11.82,Monthly,Success
S002801,U001840,2024-11-02,12.13,Monthly,Success
S002802,U001840,2024-12-02,11.69,Monthly,Success
S002803,U001840,2024-12-31,12.22,Monthly,Success
S002804,U001840,2025-01-31,11.82,Monthly,Success
S002805,U001841,2025-01-01,124.92,Annual,Success
S002806,U001843,2025-02-15,344.35,Annual,Success
S002807,U001844,2025-06-07,35.1,Monthly,Success
S002808,U001844,2025-07-08,34.67,Monthly,Success
S002809,U001848,2024-08-11,11.74,Monthly,Success
S002810,U001848,2024-09-09,11.58,Monthly,Success
S002811,U001848,2024-10-10,12.15,Monthly,Success
S002812,U001848,2024-11-07,11.59,Monthly,Success
S002813,U001849,2025-11-07,34.78,Monthly,Success
S002814,U001851,2024-10-27,119.33,Annual,Success
S002815,U001851,2025-10-30,120.93,Annual,Success
S002816,U001854,2025-10-18,1026.98,Annual,Success
S002817,U001856,2024-09-27,33.93,Monthly,Success
S002818,U001856,2024-10-28,36.64,Monthly,Success
S002819,U001857,2025-08-31,357.97,Annual,Success
S002820,U001858,2025-03-01,103.59,Monthly,Success
S002821,U001858,2025-03-31,101.64,Monthly,Success
S002822,U001858,2025-05-01,100.0,Monthly,Success
S002823,U001858,2025-05-30,95.83,Monthly,Success
S002824,U001858,2025-07-01,98.51,Monthly,Success
S002825,U001858,2025-07-29,103.05,Monthly,Success
S002826,U001863,2024-07-24,36.37,Monthly,Success
S002827,U001863,2024-08-23,35.89,Monthly,Success
S002828,U001863,2024-09-20,36.67,Monthly,Success
S002829,U001863,2024-10-22,35.59,Monthly,Success
S002830,U001863,2024-11-21,35.21,Monthly,Success
S002831,U001863,2024-12-21,34.96,Monthly,Success
S002832,U001863,2025-01-19,33.84,Monthly,Success
S002833,U001863,2025-02-18,36.07,Monthly,Success
S002834,U001863,2025-03-21,33.75,Monthly,Success
S002835,U001863,2025-04-18,34.0,Monthly,Success
S002836,U001863,2025-05-20,33.66,Monthly,Success
S002837,U001865,2025-12-29,341.85,Annual,Success
S002838,U001868,2024-07-12,11.72,Monthly,Success
S002839,U001868,2024-08-11,12.37,Monthly,Success
S002840,U001868,2024-09-09,12.57,Monthly,Success
S002841,U001868,2024-10-10,12.58,Monthly,Success
S002842,U001872,2024-08-25,114.91,Annual,Success
S002843,U001872,2025-08-29,125.4,Annual,Failed
S002844,U001873,2025-03-31,114.25,Annual,Success
S002845,U001875,2025-08-16,121.89,Annual,Success
S002846,U001876,2025-04-24,12.34,Monthly,Success
S002847,U001876,2025-05-25,12.48,Monthly,Success
S002848,U001876,2025-06-25,12.23,Monthly,Success
S002849,U001876,2025-07-23,12.57,Monthly,Success
S002850,U001876,2025-08-23,12.3,Monthly,Success
S002851,U001878,2025-04-02,12.35,Monthly,Success
S002852,U001879,2024-11-02,12.38,Monthly,Success
S002853,U001879,2024-12-03,11.96,Monthly,Success
S002854,U001879,2025-01-01,12.02,Monthly,Success
S002855,U001879,2025-02-02,12.29,Monthly,Success
S002856,U001879,2025-03-03,11.48,Monthly,Success
S002857,U001880,2025-05-13,125.55,Annual,Success
S002858,U001881,2025-07-23,11.45,Monthly,Success
S002859,U001882,2025-10-29,11.71,Monthly,Success
S002860,U001882,2025-11-30,11.63,Monthly,Success
S002861,U001884,2025-09-02,1023.47,Annual,Success
S002862,U001886,2025-03-03,349.34,Annual,Success
S002863,U001891,2024-05-08,348.82,Annual,Success
S002864,U001893,2025-09-21,34.8,Monthly,Success
S002865,U001897,2025-06-10,35.89,Monthly,Success
S002866,U001897,2025-07-09,33.29,Monthly,Success
S002867,U001898,2024-08-03,114.22,Annual,Success
S002868,U001898,2025-08-06,123.55,Annual,Success
S002869,U001900,2025-09-12,103.02,Monthly,Success
S002870,U001900,2025-10-12,102.67,Monthly,Success
S002871,U001902,2024-01-08,33.7,Monthly,Success
S002872,U001902,2024-02-07,36.22,Monthly,Success
S002873,U001902,2024-03-08,34.15,Monthly,Success
S002874,U001902,2024-04-08,36.54,Monthly,Success
S002875,U001902,2024-05-09,35.64,Monthly,Success
S002876,U001902,2024-06-07,34.78,Monthly,Success
S002877,U001902,2024-07-06,34.61,Monthly,Success
S002878,U001902,2024-08-05,36.52,Monthly,Success
S002879,U001902,2024-09-05,34.5,Monthly,Success
S002880,U001902,2024-10-04,33.52,Monthly,Success
S002881,U001909,2024-11-25,119.98,Annual,Success
S002882,U001911,2024-11-10,998.92,Annual,Success
S002883,U001912,2025-10-31,11.43,Monthly,Success
S002884,U001917,2025-11-08,120.38,Annual,Success
S002885,U001920,2025-01-28,34.08,Monthly,Success
S002886,U001920,2025-02-26,34.31,Monthly,Success
S002887,U001920,2025-03-30,33.59,Monthly,Success
S002888,U001920,2025-04-28,33.65,Monthly,Success
S002889,U001920,2025-05-29,35.35,Monthly,Success
S002890,U001920,2025-06-26,33.26,Monthly,Success
S002891,U001920,2025-07-26,34.27,Monthly,Success
S002892,U001924,2024-12-18,12.26,Monthly,Success
S002893,U001924,2025-01-18,11.76,Monthly,Failed
S002894,U001924,2025-02-15,12.35,Monthly,Success
S002895,U001925,2025-09-17,11.84,Monthly,Success
S002896,U001925,2025-10-18,12.42,Monthly,Success
S002897,U001925,2025-11-17,11.61,Monthly,Success
S002898,U001930,2024-03-27,36.52,Monthly,Success
S002899,U001930,2024-04-25,35.59,Monthly,Success
S002900,U001930,2024-05-26,34.68,Monthly,Success
S002901,U001930,2024-06-24,35.67,Monthly,Success
S002902,U001930,2024-07-24,35.28,Monthly,Success
S002903,U001930,2024-08-23,35.7,Monthly,Success
S002904,U001930,2024-09-24,36.28,Monthly,Success
S002905,U001930,2024-10-23,36.24,Monthly,Success
S002906,U001930,2024-11-21,36.11,Monthly,Success
S002907,U001930,2024-12-23,36.35,Monthly,Success
S002908,U001934,2025-06-01,12.19,Monthly,Success
S002909,U001934,2025-07-02,11.52,Monthly,Failed
S002910,U001934,2025-08-01,12.43,Monthly,Success
S002911,U001934,2025-08-29,12.48,Monthly,Success
S002912,U001934,2025-09-28,11.59,Monthly,Success
S002913,U001934,2025-10-30,12.31,Monthly,Success
S002914,U001934,2025-11-28,11.46,Monthly,Success
S002915,U001937,2024-10-14,116.67,Annual,Failed
S002916,U001937,2025-10-16,114.73,Annual,Success
S002917,U001941,2024-03-23,351.07,Annual,Success
S002918,U001942,2024-12-01,102.17,Monthly,Success
S002919,U001942,2025-01-01,96.65,Monthly,Success
S002920,U001942,2025-01-30,95.54,Monthly,Success
S002921,U001942,2025-03-01,103.28,Monthly,Success
S002922,U001942,2025-04-02,102.29,Monthly,Success
S002923,U001942,2025-05-01,103.61,Monthly,Success
S002924,U001942,2025-05-30,101.96,Monthly,Success
S002925,U001942,2025-06-29,98.41,Monthly,Success
S002926,U001946,2025-04-10,35.46,Monthly,Success
S002927,U001947,2025-02-19,121.07,Annual,Success
S002928,U001948,2024-06-24,35.27,Monthly,Success
S002929,U001948,2024-07-23,35.47,Monthly,Success
S002930,U001948,2024-08-24,33.83,Monthly,Success
S002931,U001948,2024-09-22,35.72,Monthly,Success
S002932,U001948,2024-10-23,35.22,Monthly,Success
S002933,U001948,2024-11-20,33.27,Monthly,Success
S002934,U001948,2024-12-22,36.26,Monthly,Success
S002935,U001948,2025-01-21,35.17,Monthly,Refunded
S002936,U001948,2025-02-20,34.78,Monthly,Success
S002937,U001948,2025-03-21,34.92,Monthly,Success
S002938,U001948,2025-04-20,36.7,Monthly,Success
S002939,U001948,2025-05-19,33.42,Monthly,Success
S002940,U001948,2025-06-19,34.23,Monthly,Success
S002941,U001948,2025-07-20,33.27,Monthly,Failed
S002942,U001948,2025-08-17,35.63,Monthly,Success
S002943,U001949,2024-11-28,11.76,Monthly,Success
S002944,U001949,2024-12-26,11.97,Monthly,Success
S002945,U001949,2025-01-26,11.51,Monthly,Success
S002946,U001950,2025-02-15,1032.71,Annual,Success
S002947,U001951,2024-04-24,101.39,Monthly,Success
S002948,U001951,2024-05-23,102.84,Monthly,Success
S002949,U001951,2024-06-23,94.21,Monthly,Success
S002950,U001951,2024-07-22,99.44,Monthly,Success
S002951,U001951,2024-08-21,94.56,Monthly,Success
S002952,U001951,2024-09-21,99.72,Monthly,Success
S002953,U001951,2024-10-20,103.11,Monthly,Success
S002954,U001952,2024-08-30,118.7,Annual,Success
S002955,U001956,2025-11-29,12.03,Monthly,Success
S002956,U001959,2025-06-21,33.69,Monthly,Success
S002957,U001959,2025-07-22,35.34,Monthly,Success
S002958,U001959,2025-08-19,36.48,Monthly,Success
S002959,U001961,2024-05-25,361.72,Annual,Success
S002960,U001965,2025-05-12,102.51,Monthly,Success
S002961,U001965,2025-06-12,97.7,Monthly,Success
S002962,U001969,2024-12-03,11.69,Monthly,Success
S002963,U001969,2025-01-01,11.79,Monthly,Success
S002964,U001971,2024-02-04,1035.97,Annual,Success
S002965,U001971,2025-02-08,1031.71,Annual,Success
S002966,U001974,2025-04-08,34.69,Monthly,Success
S002967,U001974,2025-05-08,35.43,Monthly,Success
S002968,U001976,2025-12-02,12.15,Monthly,Success
S002969,U001978,2025-02-10,978.95,Annual,Success
S002970,U001979,2025-10-31,125.59,Annual,Success
S002971,U001980,2025-10-14,12.19,Monthly,Success
S002972,U001980,2025-11-12,11.51,Monthly,Success
S002973,U001983,2025-02-28,125.24,Annual,Success
S002974,U001988,2025-03-27,34.68,Monthly,Success
S002975,U001988,2025-04-25,35.91,Monthly,Success
S002976,U001988,2025-05-24,36.14,Monthly,Success
S002977,U001988,2025-06-23,36.01,Monthly,Success
S002978,U001988,2025-07-24,36.11,Monthly,Success
S002979,U001988,2025-08-24,33.28,Monthly,Success
S002980,U001988,2025-09-22,33.41,Monthly,Success
S002981,U001988,2025-10-23,34.51,Monthly,Success
S002982,U001988,2025-11-22,35.36,Monthly,Success
S002983,U001992,2024-07-04,11.64,Monthly,Failed
S002984,U001992,2024-08-05,12.15,Monthly,Success
S002985,U001992,2024-09-04,12.03,Monthly,Success
S002986,U001992,2024-10-02,12.16,Monthly,Success
S002987,U001992,2024-11-01,11.98,Monthly,Success
S002988,U001992,2024-12-02,12.5,Monthly,Success
S002989,U001994,2024-06-12,1004.05,Annual,Success
S002990,U001996,2025-07-03,11.81,Monthly,Success
S002991,U001996,2025-08-02,11.98,Monthly,Success
S002992,U002000,2024-10-23,342.84,Annual,Success
S002993,U002002,2024-09-22,121.3,Annual,Success
S002994,U002004,2024-09-25,945.87,Annual,Success
S002995,U002005,2024-10-18,989.46,Annual,Success
S002996,U002011,2024-02-17,12.42,Monthly,Success
S002997,U002011,2024-03-18,11.69,Monthly,Success
S002998,U002011,2024-04-16,12.01,Monthly,Success
S002999,U002011,2024-05-16,12.59,Monthly,Success
S003000,U002011,2024-06-17,11.9,Monthly,Success
S003001,U002012,2024-03-25,33.49,Monthly,Success
S003002,U002012,2024-04-23,35.94,Monthly,Success
S003003,U002012,2024-05-24,36.4,Monthly,Failed
S003004,U002012,2024-06-21,36.64,Monthly,Success
S003005,U002012,2024-07-22,36.7,Monthly,Success
S003006,U002012,2024-08-21,35.83,Monthly,Success
S003007,U002012,2024-09-19,36.39,Monthly,Success
S003008,U002012,2024-10-21,36.28,Monthly,Success
S003009,U002012,2024-11-18,36.01,Monthly,Success
S003010,U002012,2024-12-18,34.58,Monthly,Success
S003011,U002012,2025-01-17,35.77,Monthly,Success
S003012,U002014,2024-06-15,12.0,Monthly,Success
S003013,U002015,2025-04-17,12.06,Monthly,Success
S003014,U002018,2025-11-14,36.53,Monthly,Success
S003015,U002023,2025-11-30,362.15,Annual,Success
S003016,U002024,2024-03-15,120.69,Annual,Success
S003017,U002025,2025-01-31,11.56,Monthly,Success
S003018,U002025,2025-03-03,11.95,Monthly,Success
S003019,U002025,2025-04-02,12.48,Monthly,Success
S003020,U002026,2024-10-05,115.95,Annual,Success
S003021,U002027,2025-08-14,94.55,Monthly,Success
S003022,U002027,2025-09-13,98.33,Monthly,Success
S003023,U002030,2025-07-02,96.82,Monthly,Success
S003024,U002031,2024-08-15,988.13,Annual,Success
S003025,U002034,2025-12-18,11.6,Monthly,Success
S003026,U002036,2024-12-14,12.24,Monthly,Success
S003027,U002036,2025-01-13,12.21,Monthly,Success
S003028,U002036,2025-02-12,11.9,Monthly,Success
S003029,U002036,2025-03-13,11.48,Monthly,Success
S003030,U002039,2024-09-05,12.31,Monthly,Success
S003031,U002039,2024-10-03,12.34,Monthly,Success
S003032,U002040,2024-09-26,34.17,Monthly,Success
S003033,U002040,2024-10-25,35.93,Monthly,Success
S003034,U002040,2024-11-26,34.84,Monthly,Success
S003035,U002040,2024-12-24,35.92,Monthly,Refunded
S003036,U002040,2025-01-23,35.74,Monthly,Success
S003037,U002040,2025-02-22,33.52,Monthly,Success
S003038,U002040,2025-03-26,33.79,Monthly,Success
S003039,U002040,2025-04-23,33.52,Monthly,Failed
S003040,U002043,2025-04-14,98.34,Monthly,Success
S003041,U002043,2025-05-13,98.72,Monthly,Success
S003042,U002043,2025-06-11,99.43,Monthly,Success
S003043,U002043,2025-07-11,96.38,Monthly,Success
S003044,U002043,2025-08-10,97.34,Monthly,Success
S003045,U002043,2025-09-11,97.51,Monthly,Success
S003046,U002045,2025-10-24,117.49,Annual,Success
S003047,U002048,2025-07-31,11.42,Monthly,Success
S003048,U002056,2025-07-09,33.83,Monthly,Success
S003049,U002057,2025-03-02,12.21,Monthly,Success
S003050,U002057,2025-04-01,12.03,Monthly,Success
S003051,U002059,2025-07-01,11.87,Monthly,Success
S003052,U002061,2024-03-22,11.88,Monthly,Success
S003053,U002061,2024-04-21,12.46,Monthly,Success
S003054,U002061,2024-05-22,11.9,Monthly,Success
S003055,U002061,2024-06-21,11.93,Monthly,Success
S003056,U002061,2024-07-21,12.45,Monthly,Success
S003057,U002062,2025-04-06,12.51,Monthly,Success
S003058,U002062,2025-05-05,11.57,Monthly,Success
S003059,U002063,2025-09-26,36.48,Monthly,Success
S003060,U002064,2025-03-01,11.78,Monthly,Success
S003061,U002064,2025-04-01,11.93,Monthly,Success
S003062,U002064,2025-04-30,12.06,Monthly,Success
S003063,U002064,2025-05-30,12.07,Monthly,Success
S003064,U002064,2025-06-29,11.87,Monthly,Success
S003065,U002066,2025-09-15,11.56,Monthly,Success
S003066,U002066,2025-10-15,12.05,Monthly,Success
S003067,U002066,2025-11-12,11.94,Monthly,Success
S003068,U002069,2024-07-11,12.33,Monthly,Success
S003069,U002070,2024-11-28,12.29,Monthly,Success
S003070,U002070,2024-12-30,12.41,Monthly,Success
S003071,U002070,2025-01-29,12.39,Monthly,Success
S003072,U002070,2025-02-27,11.74,Monthly,Success
S003073,U002070,2025-03-30,12.42,Monthly,Success
S003074,U002070,2025-04-29,11.88,Monthly,Failed
S003075,U002070,2025-05-28,12.07,Monthly,Success
S003076,U002071,2025-08-29,949.09,Annual,Success
S003077,U002073,2024-08-17,11.88,Monthly,Success
S003078,U002073,2024-09-16,11.72,Monthly,Success
S003079,U002073,2024-10-17,11.97,Monthly,Success
S003080,U002073,2024-11-14,11.85,Monthly,Success
S003081,U002073,2024-12-14,12.38,Monthly,Success
S003082,U002073,2025-01-14,12.15,Monthly,Success
S003083,U002073,2025-02-12,11.76,Monthly,Success
S003084,U002073,2025-03-15,11.98,Monthly,Success
S003085,U002079,2025-12-24,35.73,Monthly,Success
S003086,U002081,2024-02-08,1024.71,Annual,Success
S003087,U002085,2025-04-27,986.92,Annual,Success
S003088,U002090,2025-01-08,344.38,Annual,Success
S003089,U002092,2025-12-17,116.79,Annual,Success
S003090,U002096,2025-09-16,11.81,Monthly,Success
S003091,U002097,2025-05-16,11.98,Monthly,Failed
S003092,U002097,2025-06-17,11.58,Monthly,Success
S003093,U002097,2025-07-16,12.1,Monthly,Success
S003094,U002097,2025-08-15,11.59,Monthly,Success
S003095,U002097,2025-09-15,12.16,Monthly,Success
S003096,U002097,2025-10-14,12.37,Monthly,Success
S003097,U002097,2025-11-13,12.27,Monthly,Success
S003098,U002098,2025-06-25,1024.46,Annual,Success
S003099,U002101,2025-11-24,365.48,Annual,Success
S003100,U002102,2025-04-20,33.77,Monthly,Success
S003101,U002102,2025-05-19,35.26,Monthly,Success
S003102,U002102,2025-06-17,33.92,Monthly,Success
S003103,U002102,2025-07-18,35.55,Monthly,Success
S003104,U002102,2025-08-16,34.88,Monthly,Success
S003105,U002106,2024-11-19,11.66,Monthly,Success
S003106,U002106,2024-12-18,12.01,Monthly,Success
S003107,U002106,2025-01-16,12.33,Monthly,Success
S003108,U002106,2025-02-17,11.95,Monthly,Success
S003109,U002106,2025-03-18,11.76,Monthly,Success
S003110,U002106,2025-04-16,12.55,Monthly,Success
S003111,U002106,2025-05-16,12.04,Monthly,Success
S003112,U002107,2025-10-22,34.62,Monthly,Success
S003113,U002107,2025-11-21,36.5,Monthly,Success
S003114,U002110,2025-12-28,367.43,Annual,Refunded
S003115,U002111,2024-06-16,36.66,Monthly,Success
S003116,U002111,2024-07-16,33.47,Monthly,Success
S003117,U002114,2025-11-09,100.85,Monthly,Success
S003118,U002118,2025-06-09,12.48,Monthly,Success
S003119,U002118,2025-07-08,11.48,Monthly,Success
S003120,U002118,2025-08-08,11.9,Monthly,Success
S003121,U002118,2025-09-08,12.46,Monthly,Success
S003122,U002118,2025-10-07,11.64,Monthly,Success
S003123,U002118,2025-11-05,12.5,Monthly,Failed
S003124,U002119,2024-04-16,96.05,Monthly,Success
S003125,U002119,2024-05-17,103.86,Monthly,Success
S003126,U002119,2024-06-15,101.65,Monthly,Success
S003127,U002119,2024-07-17,102.11,Monthly,Success
S003128,U002119,2024-08-16,95.43,Monthly,Success
S003129,U002119,2024-09-15,96.57,Monthly,Success
S003130,U002119,2024-10-13,95.18,Monthly,Refunded
S003131,U002119,2024-11-12,94.44,Monthly,Success
S003132,U002120,2025-11-07,341.07,Annual,Success
S003133,U002122,2025-04-02,11.96,Monthly,Success
S003134,U002122,2025-05-01,12.59,Monthly,Success
S003135,U002122,2025-05-31,12.19,Monthly,Success
S003136,U002122,2025-07-01,11.75,Monthly,Success
S003137,U002122,2025-07-30,12.5,Monthly,Success
S003138,U002123,2025-12-16,36.15,Monthly,Success
S003139,U002124,2025-01-31,11.42,Monthly,Success
S003140,U002124,2025-03-04,12.59,Monthly,Success
S003141,U002126,2025-07-10,11.79,Monthly,Success
S003142,U002126,2025-08-09,11.43,Monthly,Success
S003143,U002126,2025-09-08,12.58,Monthly,Success
S003144,U002127,2025-06-21,11.91,Monthly,Failed
S003145,U002127,2025-07-20,12.52,Monthly,Success
S003146,U002130,2025-02-09,94.98,Monthly,Success
S003147,U002130,2025-03-09,98.46,Monthly,Success
S003148,U002130,2025-04-09,100.52,Monthly,Success
S003149,U002130,2025-05-10,102.79,Monthly,Success
S003150,U002130,2025-06-09,96.28,Monthly,Success
S003151,U002130,2025-07-07,99.39,Monthly,Success
S003152,U002130,2025-08-08,97.55,Monthly,Success
S003153,U002132,2024-01-23,1018.81,Annual,Success
S003154,U002134,2025-04-16,11.78,Monthly,Success
S003155,U002134,2025-05-15,12.41,Monthly,Success
S003156,U002138,2025-08-15,125.77,Annual,Success
S003157,U002140,2025-10-21,115.66,Annual,Success
S003158,U002142,2025-04-24,337.72,Annual,Success
S003159,U002143,2025-08-05,116.74,Annual,Success
S003160,U002147,2025-02-28,12.46,Monthly,Success
S003161,U002147,2025-03-30,12.42,Monthly,Success
S003162,U002151,2024-12-01,11.82,Monthly,Success
S003163,U002151,2025-01-01,12.25,Monthly,Success
S003164,U002151,2025-02-01,11.67,Monthly,Success
S003165,U002151,2025-03-02,12.02,Monthly,Success
S003166,U002151,2025-04-02,12.34,Monthly,Success
S003167,U002151,2025-05-01,11.64,Monthly,Success
S003168,U002151,2025-05-30,11.73,Monthly,Success
S003169,U002151,2025-06-30,11.42,Monthly,Success
S003170,U002151,2025-07-29,11.49,Monthly,Success
S003171,U002154,2025-10-05,123.87,Annual,Success
S003172,U002155,2024-05-11,115.77,Annual,Success
S003173,U002157,2024-06-17,11.91,Monthly,Success
S003174,U002159,2025-02-22,12.25,Monthly,Success
S003175,U002159,2025-03-26,12.54,Monthly,Success
S003176,U002159,2025-04-24,12.57,Monthly,Refunded
S003177,U002159,2025-05-24,12.14,Monthly,Success
S003178,U002159,2025-06-22,12.21,Monthly,Success
S003179,U002161,2025-07-03,1023.19,Annual,Success
S003180,U002162,2025-06-15,963.64,Annual,Success
S003181,U002163,2024-12-14,33.85,Monthly,Success
S003182,U002163,2025-01-15,34.59,Monthly,Success
S003183,U002165,2025-03-08,11.67,Monthly,Success
S003184,U002165,2025-04-08,11.82,Monthly,Success
S003185,U002165,2025-05-08,12.48,Monthly,Success
S003186,U002167,2025-06-19,35.57,Monthly,Failed
S003187,U002167,2025-07-19,33.5,Monthly,Success
S003188,U002167,2025-08-18,34.8,Monthly,Success
S003189,U002167,2025-09-17,35.21,Monthly,Success
S003190,U002167,2025-10-17,36.15,Monthly,Success
S003191,U002168,2024-06-02,343.54,Annual,Success
S003192,U002169,2025-07-15,1019.63,Annual,Success
S003193,U002170,2024-11-25,11.65,Monthly,Success
S003194,U002170,2024-12-24,12.26,Monthly,Success
S003195,U002171,2025-07-19,120.96,Annual,Success
S003196,U002172,2024-03-31,12.36,Monthly,Success
S003197,U002172,2024-05-02,11.44,Monthly,Success
S003198,U002172,2024-05-30,12.53,Monthly,Failed
S003199,U002172,2024-06-30,11.89,Monthly,Success
S003200,U002172,2024-07-29,11.52,Monthly,Success
S003201,U002172,2024-08-29,11.8,Monthly,Success
S003202,U002172,2024-09-27,12.35,Monthly,Success
S003203,U002172,2024-10-29,11.44,Monthly,Success
S003204,U002172,2024-11-26,12.16,Monthly,Success
S003205,U002172,2024-12-26,12.3,Monthly,Success
S003206,U002173,2024-07-23,116.56,Annual,Success
S003207,U002173,2025-07-21,124.5,Annual,Success
S003208,U002175,2024-09-10,336.56,Annual,Success
S003209,U002176,2025-10-12,99.26,Monthly,Success
S003210,U002176,2025-11-11,99.25,Monthly,Success
S003211,U002177,2024-10-19,122.07,Annual,Success
S003212,U002178,2025-06-28,357.31,Annual,Success
S003213,U002179,2025-07-24,333.43,Annual,Success
S003214,U002182,2024-08-23,11.69,Monthly,Success
S003215,U002185,2025-07-02,11.55,Monthly,Success
S003216,U002185,2025-07-31,12.58,Monthly,Success
S003217,U002185,2025-08-30,12.47,Monthly,Success
S003218,U002186,2025-12-07,1006.96,Annual,Success
S003219,U002188,2025-09-03,12.11,Monthly,Success
S003220,U002189,2025-09-19,333.1,Annual,Success
S003221,U002192,2025-11-17,11.76,Monthly,Success
S003222,U002195,2024-05-22,1012.4,Annual,Success
S003223,U002198,2025-10-24,11.43,Monthly,Success
S003224,U002200,2025-01-04,1029.49,Annual,Success
S003225,U002201,2025-12-21,35.15,Monthly,Success
S003226,U002203,2025-02-08,1013.04,Annual,Success
S003227,U002204,2024-02-29,12.31,Monthly,Success
S003228,U002204,2024-03-28,11.57,Monthly,Success
S003229,U002204,2024-04-27,11.8,Monthly,Success
S003230,U002204,2024-05-28,12.4,Monthly,Success
S003231,U002204,2024-06-28,11.79,Monthly,Success
S003232,U002205,2025-08-18,12.48,Monthly,Success
S003233,U002205,2025-09-18,11.71,Monthly,Success
S003234,U002205,2025-10-17,11.53,Monthly,Success
S003235,U002205,2025-11-18,11.78,Monthly,Success
S003236,U002212,2025-09-25,36.29,Monthly,Success
S003237,U002212,2025-10-23,35.87,Monthly,Success
S003238,U002212,2025-11-22,36.72,Monthly,Success
S003239,U002213,2024-01-28,35.46,Monthly,Success
S003240,U002213,2024-02-25,36.17,Monthly,Success
S003241,U002213,2024-03-26,34.97,Monthly,Success
S003242,U002213,2024-04-27,36.37,Monthly,Success
S003243,U002213,2024-05-26,35.45,Monthly,Success
S003244,U002213,2024-06-25,33.99,Monthly,Success
S003245,U002213,2024-07-25,35.49,Monthly,Success
S003246,U002215,2025-08-16,987.77,Annual,Success
S003247,U002216,2024-11-09,11.89,Monthly,Success
S003248,U002216,2024-12-09,12.57,Monthly,Success
S003249,U002216,2025-01-08,11.94,Monthly,Success
S003250,U002216,2025-02-06,11.86,Monthly,Success
S003251,U002216,2025-03-09,12.52,Monthly,Success
S003252,U002216,2025-04-09,11.63,Monthly,Success
S003253,U002217,2025-10-06,35.88,Monthly,Success
S003254,U002217,2025-11-07,34.39,Monthly,Success
S003255,U002219,2025-10-29,35.54,Monthly,Success
S003256,U002220,2024-05-18,100.25,Monthly,Success
S003257,U002220,2024-06-18,95.96,Monthly,Success
S003258,U002220,2024-07-19,100.42,Monthly,Success
S003259,U002220,2024-08-16,94.45,Monthly,Success
S003260,U002220,2024-09-15,96.63,Monthly,Success
S003261,U002220,2024-10-15,98.65,Monthly,Success
S003262,U002220,2024-11-14,97.2,Monthly,Success
S003263,U002220,2024-12-16,101.99,Monthly,Success
S003264,U002220,2025-01-14,98.56,Monthly,Success
S003265,U002220,2025-02-12,99.07,Monthly,Success
S003266,U002220,2025-03-15,96.64,Monthly,Success
S003267,U002220,2025-04-13,99.21,Monthly,Success
S003268,U002220,2025-05-14,101.25,Monthly,Success
S003269,U002220,2025-06-12,102.95,Monthly,Success
S003270,U002220,2025-07-12,100.81,Monthly,Success
S003271,U002220,2025-08-12,97.53,Monthly,Success
S003272,U002221,2025-07-31,33.84,Monthly,Success
S003273,U002221,2025-08-30,36.66,Monthly,Success
S003274,U002221,2025-09-29,34.13,Monthly,Success
S003275,U002222,2025-04-28,117.79,Annual,Success
S003276,U002224,2024-09-17,12.09,Monthly,Success
S003277,U002224,2024-10-17,12.46,Monthly,Success
S003278,U002224,2024-11-18,12.21,Monthly,Success
S003279,U002225,2024-01-19,11.96,Monthly,Success
S003280,U002227,2024-11-07,33.26,Monthly,Success
S003281,U002227,2024-12-07,35.27,Monthly,Success
S003282,U002227,2025-01-06,35.39,Monthly,Success
S003283,U002227,2025-02-05,36.02,Monthly,Success
S003284,U002227,2025-03-05,36.02,Monthly,Success
S003285,U002227,2025-04-04,35.42,Monthly,Success
S003286,U002227,2025-05-04,34.49,Monthly,Success
S003287,U002227,2025-06-04,34.9,Monthly,Refunded
S003288,U002227,2025-07-05,33.29,Monthly,Success
S003289,U002227,2025-08-02,36.35,Monthly,Success
S003290,U002228,2025-05-30,12.06,Monthly,Success
S003291,U002228,2025-06-29,11.57,Monthly,Success
S003292,U002228,2025-07-29,11.84,Monthly,Success
S003293,U002228,2025-08-27,12.52,Monthly,Success
S003294,U002228,2025-09-27,12.59,Monthly,Success
S003295,U002228,2025-10-25,11.77,Monthly,Success
S003296,U002228,2025-11-26,12.28,Monthly,Success
S003297,U002236,2025-05-27,12.05,Monthly,Success
S003298,U002236,2025-06-24,11.58,Monthly,Success
S003299,U002236,2025-07-24,12.1,Monthly,Success
S003300,U002236,2025-08-25,11.74,Monthly,Success
S003301,U002237,2025-11-12,359.07,Annual,Success
S003302,U002239,2024-04-11,34.87,Monthly,Success
S003303,U002239,2024-05-13,34.19,Monthly,Success
S003304,U002239,2024-06-10,34.21,Monthly,Refunded
S003305,U002239,2024-07-11,33.29,Monthly,Success
S003306,U002239,2024-08-11,36.59,Monthly,Success
S003307,U002241,2025-09-18,12.59,Monthly,Success
S003308,U002242,2024-02-19,12.12,Monthly,Success
S003309,U002242,2024-03-18,12.36,Monthly,Success
S003310,U002242,2024-04-17,12.45,Monthly,Success
S003311,U002242,2024-05-17,11.85,Monthly,Success
S003312,U002242,2024-06-16,12.33,Monthly,Success
S003313,U002242,2024-07-16,11.98,Monthly,Success
S003314,U002242,2024-08-16,12.08,Monthly,Success
S003315,U002242,2024-09-15,11.8,Monthly,Success
S003316,U002242,2024-10-14,12.43,Monthly,Success
S003317,U002242,2024-11-14,11.97,Monthly,Success
S003318,U002242,2024-12-15,11.79,Monthly,Success
S003319,U002247,2024-03-26,12.57,Monthly,Success
S003320,U002247,2024-04-23,12.56,Monthly,Success
S003321,U002247,2024-05-25,11.96,Monthly,Success
S003322,U002248,2025-10-10,354.06,Annual,Success
S003323,U002250,2024-05-20,12.22,Monthly,Success
S003324,U002250,2024-06-19,12.04,Monthly,Success
S003325,U002250,2024-07-19,11.69,Monthly,Success
S003326,U002250,2024-08-18,11.54,Monthly,Success
S003327,U002250,2024-09-19,12.27,Monthly,Success
S003328,U002250,2024-10-18,12.38,Monthly,Success
S003329,U002250,2024-11-18,11.55,Monthly,Success
S003330,U002250,2024-12-18,11.44,Monthly,Success
S003331,U002250,2025-01-17,11.69,Monthly,Success
S003332,U002251,2024-04-29,12.14,Monthly,Success
S003333,U002251,2024-05-28,11.65,Monthly,Success
S003334,U002251,2024-06-27,11.69,Monthly,Success
S003335,U002251,2024-07-29,12.28,Monthly,Success
S003336,U002251,2024-08-28,12.43,Monthly,Success
S003337,U002251,2024-09-26,12.17,Monthly,Success
S003338,U002252,2025-11-18,102.54,Monthly,Success
S003339,U002253,2025-07-10,12.34,Monthly,Success
S003340,U002253,2025-08-10,11.66,Monthly,Success
S003341,U002253,2025-09-07,12.29,Monthly,Success
S003342,U002254,2025-10-11,983.74,Annual,Success
S003343,U002255,2025-11-05,332.99,Annual,Success
S003344,U002256,2025-05-12,36.62,Monthly,Success
S003345,U002256,2025-06-13,36.53,Monthly,Success
S003346,U002256,2025-07-13,35.87,Monthly,Success
S003347,U002257,2025-04-10,35.64,Monthly,Success
S003348,U002259,2024-11-23,994.91,Annual,Success
S003349,U002259,2025-11-22,1034.18,Annual,Success
S003350,U002261,2025-09-08,11.82,Monthly,Success
S003351,U002261,2025-10-06,11.46,Monthly,Success
S003352,U002264,2025-02-21,115.87,Annual,Success
S003353,U002265,2025-06-07,332.9,Annual,Success
S003354,U002267,2025-05-26,949.61,Annual,Success
S003355,U002268,2025-07-30,11.67,Monthly,Success
S003356,U002268,2025-08-29,12.1,Monthly,Success
S003357,U002271,2024-05-11,11.89,Monthly,Success
S003358,U002271,2024-06-09,12.57,Monthly,Success
S003359,U002271,2024-07-10,12.13,Monthly,Success
S003360,U002271,2024-08-07,12.3,Monthly,Success
S003361,U002271,2024-09-06,12.58,Monthly,Success
S003362,U002271,2024-10-08,12.53,Monthly,Success
S003363,U002271,2024-11-07,12.0,Monthly,Success
S003364,U002276,2025-05-30,12.39,Monthly,Success
S003365,U002276,2025-06-29,11.7,Monthly,Success
S003366,U002276,2025-07-29,11.65,Monthly,Success
S003367,U002276,2025-08-30,12.52,Monthly,Success
S003368,U002276,2025-09-29,11.82,Monthly,Success
S003369,U002276,2025-10-29,11.58,Monthly,Success
S003370,U002277,2025-08-22,11.71,Monthly,Success
S003371,U002277,2025-09-21,11.78,Monthly,Success
S003372,U002282,2024-12-27,119.07,Annual,Refunded
S003373,U002283,2025-03-11,11.82,Monthly,Success
S003374,U002283,2025-04-09,12.22,Monthly,Success
S003375,U002283,2025-05-09,11.5,Monthly,Success
S003376,U002283,2025-06-07,12.43,Monthly,Success
S003377,U002283,2025-07-07,11.8,Monthly,Success
S003378,U002283,2025-08-07,12.57,Monthly,Success
S003379,U002288,2024-11-29,12.02,Monthly,Success
S003380,U002288,2024-12-29,12.49,Monthly,Success
S003381,U002288,2025-01-29,12.52,Monthly,Success
S003382,U002290,2024-08-08,12.47,Monthly,Success
S003383,U002291,2025-06-06,12.56,Monthly,Success
S003384,U002291,2025-07-07,11.94,Monthly,Success
S003385,U002291,2025-08-05,11.66,Monthly,Success
S003386,U002291,2025-09-03,12.09,Monthly,Success
S003387,U002291,2025-10-05,11.47,Monthly,Success
S003388,U002291,2025-11-03,11.42,Monthly,Success
S003389,U002293,2024-08-21,123.32,Annual,Success
S003390,U002294,2025-04-07,12.0,Monthly,Success
S003391,U002294,2025-05-07,12.53,Monthly,Success
S003392,U002294,2025-06-07,12.1,Monthly,Success
S003393,U002294,2025-07-07,11.83,Monthly,Success
S003394,U002294,2025-08-05,11.96,Monthly,Success
S003395,U002294,2025-09-05,12.23,Monthly,Success
S003396,U002294,2025-10-06,11.88,Monthly,Success
S003397,U002294,2025-11-03,11.74,Monthly,Success
S003398,U002296,2024-01-14,124.69,Annual,Success
S003399,U002299,2024-05-14,12.36,Monthly,Success
S003400,U002299,2024-06-12,11.42,Monthly,Success
S003401,U002299,2024-07-12,11.61,Monthly,Success
S003402,U002299,2024-08-13,12.08,Monthly,Success
S003403,U002299,2024-09-10,11.89,Monthly,Success
S003404,U002299,2024-10-11,12.33,Monthly,Success
S003405,U002299,2024-11-09,12.36,Monthly,Success
S003406,U002299,2024-12-11,11.52,Monthly,Success
S003407,U002300,2024-12-09,334.78,Annual,Refunded
S003408,U002301,2025-09-23,985.22,Annual,Success
S003409,U002302,2025-05-13,12.4,Monthly,Success
S003410,U002302,2025-06-12,12.32,Monthly,Success
S003411,U002302,2025-07-11,12.42,Monthly,Success
S003412,U002302,2025-08-11,11.8,Monthly,Success
S003413,U002303,2025-04-06,982.1,Annual,Success
S003414,U002305,2025-11-28,12.1,Monthly,Success
S003415,U002309,2024-05-24,119.19,Annual,Success
S003416,U002311,2025-04-03,11.57,Monthly,Success
S003417,U002311,2025-05-01,12.09,Monthly,Success
S003418,U002311,2025-06-02,11.44,Monthly,Failed
S003419,U002312,2025-10-31,12.21,Monthly,Success
S003420,U002312,2025-11-29,11.5,Monthly,Failed
S003421,U002313,2025-03-24,11.76,Monthly,Success
S003422,U002313,2025-04-24,12.53,Monthly,Success
S003423,U002315,2025-12-28,11.97,Monthly,Success
S003424,U002317,2024-10-15,34.64,Monthly,Success
S003425,U002317,2024-11-15,35.43,Monthly,Success
S003426,U002320,2025-01-26,11.48,Monthly,Success
S003427,U002320,2025-02-26,12.55,Monthly,Success
S003428,U002320,2025-03-29,12.52,Monthly,Success
S003429,U002322,2025-08-04,11.86,Monthly,Success
S003430,U002325,2025-10-04,12.54,Monthly,Success
S003431,U002325,2025-11-04,12.14,Monthly,Success
S003432,U002326,2025-12-11,35.21,Monthly,Success
S003433,U002327,2025-10-02,11.71,Monthly,Success
S003434,U002329,2025-06-25,125.46,Annual,Success
S003435,U002333,2025-06-01,362.0,Annual,Success
S003436,U002335,2024-05-24,348.9,Annual,Success
S003437,U002336,2025-01-09,12.12,Monthly,Success
S003438,U002336,2025-02-06,12.59,Monthly,Success
S003439,U002336,2025-03-10,12.01,Monthly,Success
S003440,U002336,2025-04-08,12.48,Monthly,Success
S003441,U002336,2025-05-08,11.87,Monthly,Success
S003442,U002336,2025-06-06,12.51,Monthly,Success
S003443,U002336,2025-07-08,11.51,Monthly,Success
S003444,U002336,2025-08-05,11.66,Monthly,Success
S003445,U002336,2025-09-06,11.53,Monthly,Success
S003446,U002338,2024-12-29,12.35,Monthly,Success
S003447,U002338,2025-01-26,11.41,Monthly,Success
S003448,U002338,2025-02-25,12.31,Monthly,Success
S003449,U002338,2025-03-29,11.6,Monthly,Success
S003450,U002338,2025-04-28,11.71,Monthly,Success
S003451,U002338,2025-05-28,12.45,Monthly,Success
S003452,U002338,2025-06-26,11.43,Monthly,Success
S003453,U002338,2025-07-25,11.44,Monthly,Success
S003454,U002339,2024-05-27,12.3,Monthly,Success
S003455,U002339,2024-06-27,11.6,Monthly,Success
S003456,U002339,2024-07-27,12.51,Monthly,Success
S003457,U002340,2025-02-02,364.29,Annual,Success
S003458,U002341,2025-08-27,11.67,Monthly,Success
S003459,U002341,2025-09-26,11.89,Monthly,Success
S003460,U002341,2025-10-25,12.17,Monthly,Success
S003461,U002341,2025-11-23,11.96,Monthly,Success
S003462,U002343,2024-04-13,11.71,Monthly,Success
S003463,U002343,2024-05-12,11.56,Monthly,Success
S003464,U002343,2024-06-13,12.41,Monthly,Success
S003465,U002343,2024-07-13,11.62,Monthly,Success
S003466,U002343,2024-08-10,11.62,Monthly,Success
S003467,U002343,2024-09-11,11.81,Monthly,Success
S003468,U002343,2024-10-10,12.38,Monthly,Success
S003469,U002345,2025-12-03,12.47,Monthly,Success
S003470,U002347,2025-07-20,337.1,Annual,Success
S003471,U002349,2025-05-27,114.85,Annual,Success
S003472,U002350,2024-01-16,12.0,Monthly,Success
S003473,U002350,2024-02-16,11.98,Monthly,Success
S003474,U002350,2024-03-17,11.61,Monthly,Success
S003475,U002350,2024-04-14,11.82,Monthly,Success
S003476,U002350,2024-05-15,12.07,Monthly,Success
S003477,U002350,2024-06-13,11.56,Monthly,Success
S003478,U002350,2024-07-15,12.56,Monthly,Success
S003479,U002353,2025-06-07,11.42,Monthly,Failed
S003480,U002356,2024-05-26,36.7,Monthly,Success
S003481,U002356,2024-06-27,36.62,Monthly,Success
S003482,U002356,2024-07-25,34.37,Monthly,Success
S003483,U002356,2024-08-26,36.08,Monthly,Success
S003484,U002356,2024-09-23,35.31,Monthly,Success
S003485,U002356,2024-10-23,35.1,Monthly,Success
S003486,U002356,2024-11-24,36.68,Monthly,Success
S003487,U002357,2025-11-14,350.64,Annual,Success
S003488,U002360,2024-06-18,11.88,Monthly,Success
S003489,U002360,2024-07-19,12.2,Monthly,Success
S003490,U002360,2024-08-17,12.42,Monthly,Success
S003491,U002360,2024-09-15,11.6,Monthly,Success
S003492,U002360,2024-10-17,11.87,Monthly,Success
S003493,U002360,2024-11-15,11.44,Monthly,Success
S003494,U002360,2024-12-15,12.45,Monthly,Success
S003495,U002360,2025-01-13,11.46,Monthly,Success
S003496,U002360,2025-02-12,12.39,Monthly,Success
S003497,U002360,2025-03-15,11.48,Monthly,Success
S003498,U002360,2025-04-13,11.92,Monthly,Success
S003499,U002360,2025-05-13,11.72,Monthly,Success
S003500,U002360,2025-06-13,11.92,Monthly,Success
S003501,U002361,2024-01-19,1019.16,Annual,Success
S003502,U002361,2025-01-18,1013.37,Annual,Success
S003503,U002362,2025-02-05,12.48,Monthly,Success
S003504,U002362,2025-03-06,12.31,Monthly,Success
S003505,U002362,2025-04-04,12.2,Monthly,Success
S003506,U002362,2025-05-05,12.18,Monthly,Success
S003507,U002362,2025-06-04,11.95,Monthly,Success
S003508,U002362,2025-07-05,11.58,Monthly,Success
S003509,U002362,2025-08-04,11.5,Monthly,Success
S003510,U002362,2025-09-01,12.45,Monthly,Success
S003511,U002363,2024-11-02,33.7,Monthly,Success
S003512,U002363,2024-12-01,33.51,Monthly,Success
S003513,U002363,2024-12-31,35.26,Monthly,Failed
S003514,U002363,2025-01-31,35.0,Monthly,Success
S003515,U002363,2025-03-01,35.13,Monthly,Success
S003516,U002363,2025-04-01,36.6,Monthly,Success
S003517,U002365,2025-05-17,11.76,Monthly,Success
S003518,U002365,2025-06-15,12.59,Monthly,Success
S003519,U002365,2025-07-16,11.89,Monthly,Success
S003520,U002365,2025-08-14,12.19,Monthly,Success
S003521,U002365,2025-09-13,12.21,Monthly,Success
S003522,U002365,2025-10-14,11.45,Monthly,Success
S003523,U002365,2025-11-11,11.93,Monthly,Success
S003524,U002368,2025-05-04,11.61,Monthly,Success
S003525,U002368,2025-06-05,12.31,Monthly,Success
S003526,U002370,2025-08-15,114.73,Annual,Success
S003527,U002371,2025-07-02,366.99,Annual,Success
S003528,U002372,2025-10-15,12.07,Monthly,Failed
S003529,U002372,2025-11-16,11.9,Monthly,Success
S003530,U002374,2025-02-10,337.36,Annual,Success
S003531,U002375,2025-07-15,341.39,Annual,Success
S003532,U002376,2024-10-16,11.58,Monthly,Success
S003533,U002380,2025-09-21,11.87,Monthly,Success
S003534,U002380,2025-10-20,11.57,Monthly,Success
S003535,U002382,2025-10-21,99.13,Monthly,Success
S003536,U002382,2025-11-20,94.12,Monthly,Success
S003537,U002384,2025-02-10,12.57,Monthly,Success
S003538,U002384,2025-03-11,11.51,Monthly,Success
S003539,U002384,2025-04-12,12.04,Monthly,Success
S003540,U002385,2024-11-21,12.02,Monthly,Success
S003541,U002385,2024-12-21,12.05,Monthly,Success
S003542,U002385,2025-01-19,12.56,Monthly,Success
S003543,U002385,2025-02-18,11.96,Monthly,Success
S003544,U002385,2025-03-19,11.63,Monthly,Success
S003545,U002385,2025-04-19,11.97,Monthly,Success
S003546,U002385,2025-05-19,11.41,Monthly,Success
S003547,U002385,2025-06-18,11.57,Monthly,Success
S003548,U002385,2025-07-17,11.82,Monthly,Success
S003549,U002386,2025-05-21,119.79,Annual,Success
S003550,U002387,2025-01-02,117.65,Annual,Success
S003551,U002388,2025-06-01,36.61,Monthly,Success
S003552,U002388,2025-07-01,35.68,Monthly,Success
S003553,U002388,2025-07-30,33.64,Monthly,Success
S003554,U002388,2025-08-29,33.67,Monthly,Success
S003555,U002388,2025-09-27,34.01,Monthly,Success
S003556,U002388,2025-10-28,35.16,Monthly,Success
S003557,U002389,2025-08-02,1015.41,Annual,Success
S003558,U002390,2025-07-20,1039.2,Annual,Success
S003559,U002391,2025-01-03,361.11,Annual,Success
S003560,U002392,2024-07-13,36.13,Monthly,Success
S003561,U002392,2024-08-13,33.97,Monthly,Success
S003562,U002392,2024-09-10,36.22,Monthly,Success
S003563,U002392,2024-10-10,35.61,Monthly,Success
S003564,U002392,2024-11-09,33.71,Monthly,Success
S003565,U002392,2024-12-11,34.2,Monthly,Success
S003566,U002392,2025-01-09,35.59,Monthly,Success
S003567,U002392,2025-02-07,35.16,Monthly,Success
S003568,U002393,2025-02-09,354.09,Annual,Success
S003569,U002400,2025-06-26,957.3,Annual,Success
S003570,U002401,2024-12-07,354.65,Annual,Success
S003571,U002404,2024-11-13,360.91,Annual,Success
S003572,U002405,2025-07-16,35.69,Monthly,Success
S003573,U002405,2025-08-15,35.35,Monthly,Success
S003574,U002405,2025-09-13,36.36,Monthly,Success
S003575,U002405,2025-10-12,35.69,Monthly,Success
S003576,U002405,2025-11-12,33.72,Monthly,Success
S003577,U002406,2025-06-04,994.45,Annual,Success
S003578,U002407,2024-12-26,1007.33,Annual,Success
S003579,U002408,2024-08-29,36.23,Monthly,Success
S003580,U002408,2024-09-28,33.69,Monthly,Success
S003581,U002408,2024-10-26,33.67,Monthly,Success
S003582,U002408,2024-11-26,33.83,Monthly,Success
S003583,U002408,2024-12-26,34.49,Monthly,Success
S003584,U002409,2025-12-27,114.87,Annual,Success
S003585,U002411,2025-07-20,34.8,Monthly,Success
S003586,U002413,2025-03-18,36.72,Monthly,Success
S003587,U002413,2025-04-19,34.09,Monthly,Success
S003588,U002413,2025-05-19,35.35,Monthly,Success
S003589,U002413,2025-06-16,35.93,Monthly,Success
S003590,U002414,2024-02-09,12.19,Monthly,Success
S003591,U002414,2024-03-10,11.45,Monthly,Success
S003592,U002414,2024-04-09,11.58,Monthly,Success
S003593,U002414,2024-05-08,11.75,Monthly,Success
S003594,U002414,2024-06-09,12.25,Monthly,Success
S003595,U002414,2024-07-09,11.99,Monthly,Success
S003596,U002414,2024-08-06,11.5,Monthly,Success
S003597,U002414,2024-09-06,11.87,Monthly,Success
S003598,U002414,2024-10-06,11.43,Monthly,Success
S003599,U002414,2024-11-05,12.49,Monthly,Success
S003600,U002414,2024-12-04,12.56,Monthly,Success
S003601,U002417,2025-01-08,11.53,Monthly,Success
S003602,U002417,2025-02-06,12.23,Monthly,Success
S003603,U002417,2025-03-10,11.44,Monthly,Success
S003604,U002417,2025-04-09,12.34,Monthly,Success
S003605,U002417,2025-05-07,11.99,Monthly,Success
S003606,U002417,2025-06-08,11.87,Monthly,Success
S003607,U002417,2025-07-06,12.37,Monthly,Success
S003608,U002417,2025-08-05,12.17,Monthly,Success
S003609,U002419,2024-02-17,973.08,Annual,Success
S003610,U002421,2024-07-07,1004.77,Annual,Success
S003611,U002421,2025-07-11,1003.66,Annual,Success
S003612,U002422,2024-02-03,34.31,Monthly,Success
S003613,U002422,2024-03-04,33.51,Monthly,Success
S003614,U002422,2024-04-03,36.67,Monthly,Success
S003615,U002422,2024-05-03,34.99,Monthly,Success
S003616,U002422,2024-06-02,33.44,Monthly,Success
S003617,U002422,2024-07-02,34.7,Monthly,Success
S003618,U002422,2024-07-31,33.67,Monthly,Success
S003619,U002422,2024-08-31,34.79,Monthly,Success
S003620,U002422,2024-10-01,35.37,Monthly,Success
S003621,U002422,2024-10-31,36.24,Monthly,Success
S003622,U002422,2024-11-29,36.75,Monthly,Success
S003623,U002422,2024-12-28,35.81,Monthly,Success
S003624,U002422,2025-01-27,34.48,Monthly,Success
S003625,U002422,2025-02-28,33.34,Monthly,Success
S003626,U002422,2025-03-30,35.77,Monthly,Success
S003627,U002422,2025-04-28,33.95,Monthly,Success
S003628,U002422,2025-05-28,34.19,Monthly,Success
S003629,U002422,2025-06-28,34.71,Monthly,Success
S003630,U002422,2025-07-27,35.66,Monthly,Success
S003631,U002422,2025-08-27,33.66,Monthly,Success
S003632,U002423,2025-08-30,114.65,Annual,Success
S003633,U002424,2025-03-06,352.06,Annual,Success
S003634,U002428,2025-12-13,358.31,Annual,Success
S003635,U002429,2024-11-19,357.27,Annual,Success
S003636,U002431,2025-06-02,34.48,Monthly,Success
S003637,U002431,2025-07-02,33.98,Monthly,Success
S003638,U002431,2025-08-01,35.62,Monthly,Success
S003639,U002431,2025-08-29,33.58,Monthly,Success
S003640,U002431,2025-09-30,35.59,Monthly,Success
S003641,U002431,2025-10-28,34.4,Monthly,Success
S003642,U002434,2024-10-28,11.87,Monthly,Success
S003643,U002434,2024-11-26,12.18,Monthly,Success
S003644,U002434,2024-12-26,12.03,Monthly,Success
S003645,U002434,2025-01-24,12.2,Monthly,Success
S003646,U002434,2025-02-24,11.47,Monthly,Success
S003647,U002434,2025-03-26,12.08,Monthly,Success
S003648,U002434,2025-04-25,11.52,Monthly,Success
S003649,U002434,2025-05-24,12.16,Monthly,Success
S003650,U002434,2025-06-23,12.58,Monthly,Success
S003651,U002438,2024-12-06,12.17,Monthly,Success
S003652,U002438,2025-01-06,11.76,Monthly,Success
S003653,U002438,2025-02-04,11.78,Monthly,Success
S003654,U002438,2025-03-06,11.79,Monthly,Success
S003655,U002438,2025-04-04,12.2,Monthly,Success
S003656,U002438,2025-05-05,12.02,Monthly,Success
S003657,U002438,2025-06-05,12.01,Monthly,Success
S003658,U002438,2025-07-03,12.02,Monthly,Success
S003659,U002440,2024-06-29,12.17,Monthly,Success
S003660,U002440,2024-07-31,11.61,Monthly,Success
S003661,U002440,2024-08-30,11.8,Monthly,Success
S003662,U002440,2024-09-28,12.05,Monthly,Success
S003663,U002440,2024-10-27,12.45,Monthly,Success
S003664,U002440,2024-11-27,12.47,Monthly,Success
S003665,U002440,2024-12-28,11.48,Monthly,Success
S003666,U002440,2025-01-26,12.55,Monthly,Success
S003667,U002446,2024-11-06,11.73,Monthly,Success
S003668,U002446,2024-12-08,11.61,Monthly,Success
S003669,U002447,2024-10-02,12.41,Monthly,Success
S003670,U002447,2024-11-03,11.72,Monthly,Success
S003671,U002447,2024-12-02,11.94,Monthly,Success
S003672,U002447,2025-01-01,11.51,Monthly,Success
S003673,U002451,2024-10-13,12.55,Monthly,Success
S003674,U002455,2025-05-19,121.08,Annual,Success
S003675,U002457,2025-02-20,362.71,Annual,Success
S003676,U002460,2025-01-19,11.47,Monthly,Success
S003677,U002460,2025-02-18,12.47,Monthly,Success
S003678,U002460,2025-03-20,11.68,Monthly,Failed
S003679,U002460,2025-04-19,12.16,Monthly,Success
S003680,U002460,2025-05-21,12.47,Monthly,Success
S003681,U002460,2025-06-18,11.65,Monthly,Success
S003682,U002460,2025-07-20,11.64,Monthly,Success
S003683,U002460,2025-08-19,11.6,Monthly,Success
S003684,U002460,2025-09-16,12.45,Monthly,Success
S003685,U002460,2025-10-17,11.79,Monthly,Success
S003686,U002462,2025-11-02,35.35,Monthly,Success
S003687,U002464,2025-05-11,11.9,Monthly,Success
S003688,U002464,2025-06-12,11.6,Monthly,Success
S003689,U002464,2025-07-11,11.74,Monthly,Success
S003690,U002464,2025-08-11,12.39,Monthly,Success
S003691,U002464,2025-09-08,12.16,Monthly,Success
S003692,U002464,2025-10-08,12.33,Monthly,Success
S003693,U002464,2025-11-07,12.37,Monthly,Success
S003694,U002466,2024-08-18,332.8,Annual,Success
S003695,U002466,2025-08-14,346.16,Annual,Success
S003696,U002467,2025-01-17,11.44,Monthly,Success
S003697,U002467,2025-02-14,12.26,Monthly,Success
S003698,U002467,2025-03-18,11.53,Monthly,Success
S003699,U002467,2025-04-16,11.71,Monthly,Success
S003700,U002467,2025-05-15,12.19,Monthly,Success
S003701,U002467,2025-06-14,11.71,Monthly,Success
S003702,U002467,2025-07-15,11.9,Monthly,Success
S003703,U002467,2025-08-13,12.03,Monthly,Success
S003704,U002469,2025-03-13,355.13,Annual,Success
S003705,U002470,2025-04-27,347.14,Annual,Success
S003706,U002471,2024-09-07,12.54,Monthly,Success
S003707,U002471,2024-10-07,12.42,Monthly,Success
S003708,U002471,2024-11-05,11.57,Monthly,Success
S003709,U002472,2025-12-14,36.19,Monthly,Success
S003710,U002473,2025-11-20,342.2,Annual,Success
S003711,U002475,2025-04-20,102.87,Monthly,Success
S003712,U002475,2025-05-18,100.73,Monthly,Success
S003713,U002475,2025-06-19,96.16,Monthly,Success
S003714,U002475,2025-07-18,99.56,Monthly,Success
S003715,U002475,2025-08-18,100.23,Monthly,Success
S003716,U002477,2024-06-06,11.7,Monthly,Success
S003717,U002477,2024-07-08,11.61,Monthly,Success
S003718,U002477,2024-08-06,12.26,Monthly,Success
S003719,U002477,2024-09-06,12.27,Monthly,Success
S003720,U002478,2025-09-17,12.24,Monthly,Success
S003721,U002479,2024-06-06,125.83,Annual,Success
S003722,U002481,2024-10-17,33.93,Monthly,Success
S003723,U002481,2024-11-16,33.63,Monthly,Success
S003724,U002481,2024-12-17,35.59,Monthly,Success
S003725,U002481,2025-01-14,35.66,Monthly,Success
S003726,U002481,2025-02-15,36.31,Monthly,Success
S003727,U002481,2025-03-16,33.62,Monthly,Success
S003728,U002481,2025-04-14,33.42,Monthly,Success
S003729,U002481,2025-05-16,36.42,Monthly,Failed
S003730,U002481,2025-06-14,34.12,Monthly,Success
S003731,U002481,2025-07-14,34.53,Monthly,Success
S003732,U002481,2025-08-13,36.69,Monthly,Success
S003733,U002481,2025-09-13,35.35,Monthly,Success
S003734,U002484,2024-06-25,12.3,Monthly,Success
S003735,U002484,2024-07-24,12.34,Monthly,Success
S003736,U002484,2024-08-24,12.54,Monthly,Success
S003737,U002484,2024-09-22,12.12,Monthly,Success
S003738,U002484,2024-10-22,12.56,Monthly,Success
S003739,U002484,2024-11-21,11.54,Monthly,Success
S003740,U002484,2024-12-22,12.43,Monthly,Success
S003741,U002484,2025-01-22,12.56,Monthly,Success
S003742,U002484,2025-02-21,11.78,Monthly,Success
S003743,U002484,2025-03-21,12.27,Monthly,Success
S003744,U002485,2025-03-03,11.9,Monthly,Success
S003745,U002485,2025-04-04,11.5,Monthly,Success
S003746,U002485,2025-05-03,12.41,Monthly,Success
S003747,U002485,2025-06-02,12.39,Monthly,Success
S003748,U002485,2025-07-02,11.79,Monthly,Success
S003749,U002485,2025-08-01,11.47,Monthly,Success
S003750,U002485,2025-08-31,11.67,Monthly,Success
S003751,U002486,2025-12-24,120.17,Annual,Success
S003752,U002488,2025-10-25,34.46,Monthly,Success
S003753,U002490,2025-01-06,1039.07,Annual,Success
S003754,U002496,2025-03-24,36.45,Monthly,Success
S003755,U002498,2025-10-27,1015.08,Annual,Success
S003756,U002499,2025-12-23,34.25,Monthly,Success
S003757,U002500,2025-01-26,11.98,Monthly,Failed
S003758,U002500,2025-02-25,12.53,Monthly,Success
S003759,U002500,2025-03-27,11.97,Monthly,Success
S003760,U002500,2025-04-24,11.72,Monthly,Success
S003761,U002500,2025-05-26,11.6,Monthly,Success
S003762,U002502,2025-09-05,958.48,Annual,Success
S003763,U002503,2025-05-13,34.06,Monthly,Refunded
S003764,U002503,2025-06-14,35.96,Monthly,Success
S003765,U002503,2025-07-14,35.0,Monthly,Success
S003766,U002503,2025-08-12,34.65,Monthly,Success
S003767,U002503,2025-09-10,34.31,Monthly,Success
S003768,U002503,2025-10-11,33.59,Monthly,Success
S003769,U002504,2025-12-11,951.7,Annual,Success
S003770,U002505,2024-08-15,1039.08,Annual,Failed
S003771,U002505,2025-08-12,971.31,Annual,Success
S003772,U002508,2025-02-16,11.81,Monthly,Success
S003773,U002508,2025-03-19,12.46,Monthly,Success
S003774,U002508,2025-04-18,11.79,Monthly,Success
S003775,U002508,2025-05-17,11.56,Monthly,Success
S003776,U002508,2025-06-15,11.63,Monthly,Success
S003777,U002508,2025-07-17,12.0,Monthly,Success
S003778,U002508,2025-08-16,12.2,Monthly,Success
S003779,U002508,2025-09-14,11.9,Monthly,Success
S003780,U002509,2025-10-18,986.78,Annual,Success
S003781,U002510,2025-11-10,12.25,Monthly,Success
S003782,U002515,2025-06-14,12.47,Monthly,Success
S003783,U002517,2024-01-27,11.41,Monthly,Success
S003784,U002517,2024-02-28,11.69,Monthly,Success
S003785,U002517,2024-03-27,11.76,Monthly,Success
S003786,U002517,2024-04-28,12.11,Monthly,Success
S003787,U002517,2024-05-26,12.52,Monthly,Success
S003788,U002517,2024-06-26,12.53,Monthly,Success
S003789,U002517,2024-07-27,11.68,Monthly,Success
S003790,U002517,2024-08-26,12.39,Monthly,Success
S003791,U002518,2025-03-14,102.58,Monthly,Success
S003792,U002518,2025-04-13,101.25,Monthly,Success
S003793,U002518,2025-05-11,98.51,Monthly,Success
S003794,U002518,2025-06-12,96.43,Monthly,Failed
S003795,U002518,2025-07-11,102.71,Monthly,Success
S003796,U002518,2025-08-11,97.67,Monthly,Success
S003797,U002518,2025-09-09,98.38,Monthly,Success
S003798,U002518,2025-10-10,98.97,Monthly,Success
S003799,U002518,2025-11-09,101.91,Monthly,Success
S003800,U002519,2025-07-21,339.74,Annual,Success
S003801,U002520,2025-08-13,1034.27,Annual,Success
S003802,U002521,2025-07-23,36.53,Monthly,Success
S003803,U002521,2025-08-22,34.16,Monthly,Success
S003804,U002521,2025-09-23,33.29,Monthly,Success
S003805,U002521,2025-10-22,33.78,Monthly,Success
S003806,U002523,2024-11-05,359.94,Annual,Success
S003807,U002523,2025-11-09,342.91,Annual,Success
S003808,U002524,2024-12-19,335.05,Annual,Success
S003809,U002524,2025-12-23,345.44,Annual,Success
S003810,U002525,2025-09-23,103.11,Monthly,Success
S003811,U002530,2025-12-31,985.43,Annual,Success
S003812,U002532,2025-10-07,34.35,Monthly,Success
S003813,U002532,2025-11-05,33.37,Monthly,Success
S003814,U002533,2024-10-31,12.03,Monthly,Success
S003815,U002533,2024-12-01,12.02,Monthly,Success
S003816,U002533,2024-12-31,12.18,Monthly,Success
S003817,U002533,2025-01-29,12.05,Monthly,Success
S003818,U002533,2025-02-28,12.1,Monthly,Success
S003819,U002533,2025-03-31,11.98,Monthly,Success
S003820,U002533,2025-04-30,12.44,Monthly,Success
S003821,U002533,2025-05-31,12.35,Monthly,Success
S003822,U002534,2024-01-21,35.47,Monthly,Success
S003823,U002534,2024-02-20,34.31,Monthly,Success
S003824,U002534,2024-03-23,34.24,Monthly,Success
S003825,U002534,2024-04-20,36.14,Monthly,Success
S003826,U002534,2024-05-20,35.63,Monthly,Success
S003827,U002534,2024-06-20,34.56,Monthly,Success
S003828,U002534,2024-07-21,36.28,Monthly,Success
S003829,U002534,2024-08-19,36.23,Monthly,Success
S003830,U002534,2024-09-18,34.56,Monthly,Success
S003831,U002538,2024-06-19,12.4,Monthly,Success
S003832,U002538,2024-07-19,11.63,Monthly,Success
S003833,U002538,2024-08-17,11.57,Monthly,Failed
S003834,U002538,2024-09-16,12.43,Monthly,Success
S003835,U002540,2025-09-04,34.0,Monthly,Success
S003836,U002540,2025-10-05,34.79,Monthly,Success
S003837,U002542,2025-09-04,36.48,Monthly,Success
S003838,U002542,2025-10-02,35.31,Monthly,Success
S003839,U002542,2025-11-01,36.07,Monthly,Success
S003840,U002542,2025-12-03,33.61,Monthly,Success
S003841,U002544,2025-06-08,11.84,Monthly,Success
S003842,U002544,2025-07-08,11.77,Monthly,Success
S003843,U002544,2025-08-06,12.45,Monthly,Success
S003844,U002546,2025-03-21,34.9,Monthly,Success
S003845,U002546,2025-04-20,33.39,Monthly,Success
S003846,U002546,2025-05-19,35.6,Monthly,Success
S003847,U002546,2025-06-18,33.77,Monthly,Success
S003848,U002546,2025-07-17,36.43,Monthly,Success
S003849,U002546,2025-08-16,35.75,Monthly,Success
S003850,U002546,2025-09-16,34.84,Monthly,Success
S003851,U002546,2025-10-15,34.21,Monthly,Success
S003852,U002548,2025-01-26,11.85,Monthly,Success
S003853,U002548,2025-02-23,12.09,Monthly,Success
S003854,U002548,2025-03-25,11.7,Monthly,Success
S003855,U002548,2025-04-25,12.03,Monthly,Success
S003856,U002548,2025-05-26,12.39,Monthly,Success
S003857,U002548,2025-06-24,11.5,Monthly,Success
S003858,U002548,2025-07-23,11.66,Monthly,Success
S003859,U002549,2025-01-27,987.92,Annual,Success
S003860,U002552,2024-05-16,34.57,Monthly,Success
S003861,U002552,2024-06-16,36.52,Monthly,Success
S003862,U002552,2024-07-17,34.19,Monthly,Success
S003863,U002552,2024-08-16,33.63,Monthly,Success
S003864,U002552,2024-09-13,34.12,Monthly,Success
S003865,U002552,2024-10-15,34.2,Monthly,Success
S003866,U002552,2024-11-12,35.38,Monthly,Success
S003867,U002552,2024-12-12,36.43,Monthly,Success
S003868,U002552,2025-01-11,33.62,Monthly,Success
S003869,U002552,2025-02-10,35.05,Monthly,Success
S003870,U002553,2025-09-25,12.44,Monthly,Success
S003871,U002555,2024-04-04,11.77,Monthly,Success
S003872,U002559,2024-04-15,337.1,Annual,Success
S003873,U002560,2025-03-28,12.0,Monthly,Success
S003874,U002560,2025-04-29,12.05,Monthly,Success
S003875,U002561,2025-09-17,11.9,Monthly,Success
S003876,U002561,2025-10-17,11.47,Monthly,Success
S003877,U002562,2025-08-03,356.4,Annual,Success
S003878,U002564,2024-04-06,355.98,Annual,Success
S003879,U002564,2025-04-04,366.93,Annual,Success
S003880,U002565,2025-01-22,954.76,Annual,Success
S003881,U002567,2024-09-10,11.5,Monthly,Success
S003882,U002567,2024-10-09,11.82,Monthly,Success
S003883,U002567,2024-11-09,11.88,Monthly,Success
S003884,U002567,2024-12-10,12.4,Monthly,Success
S003885,U002568,2024-10-22,94.35,Monthly,Success
S003886,U002568,2024-11-20,102.85,Monthly,Success
S003887,U002568,2024-12-19,102.28,Monthly,Success
S003888,U002568,2025-01-20,94.15,Monthly,Success
S003889,U002569,2025-09-27,1002.18,Annual,Success
S003890,U002574,2025-03-14,123.93,Annual,Success
S003891,U002575,2024-09-09,345.3,Annual,Success
S003892,U002575,2025-09-09,338.86,Annual,Success
S003893,U002576,2025-06-23,35.33,Monthly,Success
S003894,U002578,2025-05-31,990.98,Annual,Success
S003895,U002581,2024-06-03,115.83,Annual,Success
S003896,U002583,2025-03-29,12.47,Monthly,Success
S003897,U002584,2025-02-22,33.34,Monthly,Success
S003898,U002584,2025-03-26,35.7,Monthly,Success
S003899,U002584,2025-04-25,34.34,Monthly,Success
S003900,U002584,2025-05-24,34.15,Monthly,Success
S003901,U002584,2025-06-23,33.3,Monthly,Success
S003902,U002584,2025-07-24,35.25,Monthly,Success
S003903,U002584,2025-08-21,35.61,Monthly,Success
S003904,U002586,2025-06-13,11.98,Monthly,Success
S003905,U002586,2025-07-14,11.83,Monthly,Success
S003906,U002586,2025-08-12,11.43,Monthly,Refunded
S003907,U002586,2025-09-11,11.7,Monthly,Success
S003908,U002586,2025-10-13,11.75,Monthly,Success
S003909,U002589,2024-09-18,11.61,Monthly,Success
S003910,U002589,2024-10-17,12.36,Monthly,Success
S003911,U002589,2024-11-18,12.49,Monthly,Success
S003912,U002589,2024-12-18,12.28,Monthly,Success
S003913,U002589,2025-01-15,11.67,Monthly,Success
S003914,U002589,2025-02-14,12.2,Monthly,Success
S003915,U002589,2025-03-17,12.34,Monthly,Success
S003916,U002589,2025-04-15,11.87,Monthly,Success
S003917,U002589,2025-05-15,12.09,Monthly,Success
S003918,U002589,2025-06-16,12.29,Monthly,Success
S003919,U002589,2025-07-16,11.48,Monthly,Success
S003920,U002589,2025-08-13,12.32,Monthly,Success
S003921,U002590,2025-08-04,34.05,Monthly,Success
S003922,U002591,2025-10-04,12.06,Monthly,Success
S003923,U002592,2025-09-22,11.86,Monthly,Failed
S003924,U002592,2025-10-24,12.57,Monthly,Success
S003925,U002593,2025-05-02,34.34,Monthly,Success
S003926,U002594,2025-04-11,11.75,Monthly,Success
S003927,U002594,2025-05-10,11.71,Monthly,Success
S003928,U002594,2025-06-09,11.42,Monthly,Success
S003929,U002594,2025-07-09,11.84,Monthly,Success
S003930,U002596,2025-09-10,357.98,Annual,Success
S003931,U002598,2025-03-29,125.6,Annual,Success
S003932,U002599,2024-10-24,12.49,Monthly,Success
S003933,U002599,2024-11-23,12.32,Monthly,Success
S003934,U002599,2024-12-21,12.03,Monthly,Success
S003935,U002599,2025-01-21,11.73,Monthly,Success
S003936,U002599,2025-02-21,11.64,Monthly,Success
S003937,U002599,2025-03-23,11.79,Monthly,Success
S003938,U002601,2025-06-21,116.13,Annual,Success
S003939,U002602,2024-03-15,12.03,Monthly,Success
S003940,U002602,2024-04-14,11.58,Monthly,Success
S003941,U002602,2024-05-13,11.72,Monthly,Success
S003942,U002604,2024-11-20,101.43,Monthly,Success
S003943,U002604,2024-12-18,95.16,Monthly,Success
S003944,U002604,2025-01-19,95.11,Monthly,Success
S003945,U002604,2025-02-17,102.94,Monthly,Success
S003946,U002604,2025-03-19,99.43,Monthly,Success
S003947,U002604,2025-04-19,100.58,Monthly,Success
S003948,U002604,2025-05-18,100.46,Monthly,Success
S003949,U002604,2025-06-16,94.9,Monthly,Success
S003950,U002604,2025-07-16,102.35,Monthly,Success
S003951,U002605,2024-01-01,996.9,Annual,Success
S003952,U002606,2025-04-05,12.37,Monthly,Success
S003953,U002606,2025-05-04,11.93,Monthly,Success
S003954,U002606,2025-06-03,12.19,Monthly,Success
S003955,U002606,2025-07-05,12.08,Monthly,Success
S003956,U002606,2025-08-03,11.95,Monthly,Failed
S003957,U002606,2025-09-01,11.66,Monthly,Success
S003958,U002606,2025-10-01,12.46,Monthly,Success
S003959,U002606,2025-11-01,11.83,Monthly,Success
S003960,U002606,2025-12-01,11.99,Monthly,Success
S003961,U002607,2024-03-05,11.67,Monthly,Success
S003962,U002607,2024-04-05,12.52,Monthly,Success
S003963,U002607,2024-05-04,11.59,Monthly,Success
S003964,U002607,2024-06-03,12.43,Monthly,Success
S003965,U002607,2024-07-02,11.5,Monthly,Success
S003966,U002607,2024-08-02,11.57,Monthly,Success
S003967,U002607,2024-09-01,11.51,Monthly,Success
S003968,U002608,2024-10-18,11.66,Monthly,Success
S003969,U002608,2024-11-17,11.91,Monthly,Success
S003970,U002608,2024-12-16,11.84,Monthly,Failed
S003971,U002608,2025-01-14,12.05,Monthly,Success
S003972,U002608,2025-02-13,12.07,Monthly,Success
S003973,U002608,2025-03-16,12.03,Monthly,Success
S003974,U002608,2025-04-16,12.25,Monthly,Success
S003975,U002608,2025-05-14,12.04,Monthly,Success
S003976,U002608,2025-06-15,12.19,Monthly,Success
S003977,U002609,2025-08-02,12.14,Monthly,Success
S003978,U002609,2025-09-01,11.97,Monthly,Success
S003979,U002609,2025-09-30,12.16,Monthly,Success
S003980,U002609,2025-10-31,11.7,Monthly,Success
S003981,U002610,2024-03-27,961.8,Annual,Success
S003982,U002611,2025-10-12,11.84,Monthly,Success
S003983,U002611,2025-11-11,11.44,Monthly,Success
S003984,U002613,2024-09-24,11.82,Monthly,Success
S003985,U002613,2024-10-24,12.02,Monthly,Success
S003986,U002614,2025-08-22,361.99,Annual,Success
S003987,U002615,2024-11-18,35.0,Monthly,Success
S003988,U002615,2024-12-17,35.13,Monthly,Success
S003989,U002615,2025-01-17,35.1,Monthly,Success
S003990,U002615,2025-02-16,36.61,Monthly,Success
S003991,U002615,2025-03-19,33.26,Monthly,Success
S003992,U002615,2025-04-17,35.42,Monthly,Success
S003993,U002615,2025-05-17,34.0,Monthly,Success
S003994,U002615,2025-06-16,36.1,Monthly,Success
S003995,U002616,2024-05-08,11.44,Monthly,Success
S003996,U002616,2024-06-08,12.2,Monthly,Success
S003997,U002622,2025-11-09,35.72,Monthly,Success
S003998,U002624,2025-11-19,35.04,Monthly,Success
S003999,U002627,2024-04-25,11.56,Monthly,Success
S004000,U002629,2025-03-24,348.22,Annual,Success
S004001,U002631,2025-06-19,12.07,Monthly,Success
S004002,U002631,2025-07-19,11.87,Monthly,Success
S004003,U002631,2025-08-19,11.96,Monthly,Success
S004004,U002631,2025-09-17,12.02,Monthly,Success
S004005,U002631,2025-10-17,11.48,Monthly,Success
S004006,U002631,2025-11-15,11.88,Monthly,Success
S004007,U002632,2025-08-01,336.89,Annual,Success
S004008,U002633,2024-01-09,12.52,Monthly,Success
S004009,U002633,2024-02-07,12.1,Monthly,Success
S004010,U002633,2024-03-08,12.34,Monthly,Success
S004011,U002633,2024-04-06,12.1,Monthly,Success
S004012,U002633,2024-05-06,12.38,Monthly,Success
S004013,U002633,2024-06-06,11.74,Monthly,Success
S004014,U002633,2024-07-07,11.61,Monthly,Success
S004015,U002633,2024-08-04,12.3,Monthly,Success
S004016,U002633,2024-09-04,12.11,Monthly,Failed
S004017,U002633,2024-10-05,12.26,Monthly,Success
S004018,U002633,2024-11-04,12.34,Monthly,Success
S004019,U002638,2025-08-31,11.72,Monthly,Success
S004020,U002638,2025-09-30,12.31,Monthly,Success
S004021,U002638,2025-10-31,11.72,Monthly,Success
S004022,U002639,2025-12-07,33.65,Monthly,Success
S004023,U002640,2025-08-01,115.69,Annual,Success
S004024,U002646,2024-12-21,33.71,Monthly,Success
S004025,U002646,2025-01-20,34.9,Monthly,Success
S004026,U002647,2025-12-10,35.44,Monthly,Success
S004027,U002649,2025-02-10,34.4,Monthly,Success
S004028,U002649,2025-03-14,35.79,Monthly,Success
S004029,U002649,2025-04-12,35.42,Monthly,Success
S004030,U002649,2025-05-11,35.98,Monthly,Success
S004031,U002654,2024-03-11,11.56,Monthly,Success
S004032,U002654,2024-04-09,11.82,Monthly,Success
S004033,U002654,2024-05-10,11.88,Monthly,Success
S004034,U002654,2024-06-08,11.95,Monthly,Success
S004035,U002654,2024-07-08,11.96,Monthly,Success
S004036,U002655,2025-09-04,11.64,Monthly,Success
S004037,U002655,2025-10-05,11.8,Monthly,Success
S004038,U002657,2025-10-08,946.14,Annual,Success
S004039,U002658,2025-10-17,12.01,Monthly,Success
S004040,U002662,2025-11-02,99.29,Monthly,Success
S004041,U002662,2025-12-03,102.48,Monthly,Success
S004042,U002664,2025-07-16,983.67,Annual,Success
S004043,U002667,2024-06-17,120.66,Annual,Success
S004044,U002667,2025-06-15,117.46,Annual,Success
S004045,U002668,2025-07-02,334.38,Annual,Success
S004046,U002670,2024-11-16,12.58,Monthly,Success
S004047,U002670,2024-12-17,11.48,Monthly,Success
S004048,U002670,2025-01-17,12.49,Monthly,Success
S004049,U002670,2025-02-16,11.65,Monthly,Success
S004050,U002673,2025-08-08,125.25,Annual,Success
S004051,U002674,2024-08-14,342.46,Annual,Success
S004052,U002674,2025-08-15,333.07,Annual,Success
S004053,U002677,2024-12-27,11.71,Monthly,Success
S004054,U002677,2025-01-25,11.66,Monthly,Success
S004055,U002677,2025-02-26,12.37,Monthly,Success
S004056,U002678,2024-03-17,12.16,Monthly,Success
S004057,U002678,2024-04-16,11.79,Monthly,Success
S004058,U002678,2024-05-16,11.62,Monthly,Success
S004059,U002678,2024-06-17,12.58,Monthly,Success
S004060,U002679,2024-05-21,114.1,Annual,Success
S004061,U002680,2025-04-07,365.16,Annual,Success
S004062,U002682,2025-10-11,95.84,Monthly,Success
S004063,U002683,2024-01-22,33.82,Monthly,Success
S004064,U002683,2024-02-22,36.48,Monthly,Success
S004065,U002683,2024-03-21,34.95,Monthly,Success
S004066,U002683,2024-04-22,35.22,Monthly,Success
S004067,U002683,2024-05-20,34.21,Monthly,Success
S004068,U002683,2024-06-21,36.64,Monthly,Success
S004069,U002683,2024-07-21,35.58,Monthly,Success
S004070,U002683,2024-08-20,36.0,Monthly,Success
S004071,U002683,2024-09-18,33.34,Monthly,Success
S004072,U002683,2024-10-19,34.08,Monthly,Success
S004073,U002688,2025-01-28,122.74,Annual,Refunded
S004074,U002689,2025-03-24,35.72,Monthly,Success
S004075,U002689,2025-04-23,35.47,Monthly,Success
S004076,U002689,2025-05-24,33.48,Monthly,Success
S004077,U002690,2025-01-22,11.95,Monthly,Success
S004078,U002690,2025-02-22,11.71,Monthly,Success
S004079,U002690,2025-03-22,11.75,Monthly,Success
S004080,U002690,2025-04-21,11.58,Monthly,Success
S004081,U002690,2025-05-23,11.76,Monthly,Success
S004082,U002692,2025-05-28,11.48,Monthly,Success
S004083,U002692,2025-06-26,11.85,Monthly,Success
S004084,U002692,2025-07-27,12.02,Monthly,Success
S004085,U002692,2025-08-24,12.12,Monthly,Success
S004086,U002692,2025-09-25,12.32,Monthly,Success
S004087,U002692,2025-10-24,12.49,Monthly,Success
S004088,U002692,2025-11-23,11.7,Monthly,Success
S004089,U002695,2025-12-20,125.21,Annual,Success
S004090,U002697,2025-07-14,11.82,Monthly,Success
S004091,U002697,2025-08-15,12.17,Monthly,Success
S004092,U002698,2024-11-14,35.5,Monthly,Success
S004093,U002698,2024-12-14,35.94,Monthly,Success
S004094,U002698,2025-01-12,33.46,Monthly,Success
S004095,U002698,2025-02-13,35.27,Monthly,Success
S004096,U002698,2025-03-14,33.72,Monthly,Success
S004097,U002698,2025-04-13,35.71,Monthly,Success
S004098,U002698,2025-05-14,33.78,Monthly,Success
S004099,U002699,2025-09-08,33.94,Monthly,Success
S004100,U002699,2025-10-06,33.66,Monthly,Success
S004101,U002699,2025-11-05,36.59,Monthly,Success
S004102,U002701,2025-04-15,122.45,Annual,Success
S004103,U002702,2025-12-20,99.12,Monthly,Success
S004104,U002703,2024-06-05,121.78,Annual,Success
S004105,U002704,2024-01-26,34.07,Monthly,Success
S004106,U002704,2024-02-26,36.16,Monthly,Success
S004107,U002704,2024-03-27,35.28,Monthly,Success
S004108,U002704,2024-04-25,36.46,Monthly,Success
S004109,U002704,2024-05-26,33.77,Monthly,Success
S004110,U002705,2025-09-06,344.79,Annual,Success
S004111,U002707,2024-05-27,12.26,Monthly,Success
S004112,U002707,2024-06-25,12.08,Monthly,Success
S004113,U002707,2024-07-26,12.1,Monthly,Success
S004114,U002707,2024-08-25,12.46,Monthly,Success
S004115,U002707,2024-09-24,11.58,Monthly,Success
S004116,U002708,2024-10-11,343.41,Annual,Success
S004117,U002710,2024-11-01,11.67,Monthly,Success
S004118,U002710,2024-11-30,11.59,Monthly,Success
S004119,U002710,2024-12-31,11.91,Monthly,Success
S004120,U002711,2025-09-11,124.09,Annual,Success
S004121,U002715,2024-01-04,12.29,Monthly,Success
S004122,U002715,2024-02-01,11.88,Monthly,Success
S004123,U002715,2024-03-02,11.43,Monthly,Success
S004124,U002715,2024-04-01,11.42,Monthly,Success
S004125,U002715,2024-05-03,12.59,Monthly,Success
S004126,U002715,2024-05-31,11.87,Monthly,Success
S004127,U002715,2024-07-01,11.41,Monthly,Success
S004128,U002715,2024-07-30,11.76,Monthly,Success
S004129,U002715,2024-08-29,11.65,Monthly,Success
S004130,U002715,2024-09-28,12.29,Monthly,Refunded
S004131,U002718,2025-12-22,351.03,Annual,Success
S004132,U002719,2025-10-17,12.4,Monthly,Success
S004133,U002721,2025-11-13,12.31,Monthly,Success
S004134,U002725,2025-01-17,97.62,Monthly,Success
S004135,U002725,2025-02-18,95.55,Monthly,Success
S004136,U002725,2025-03-18,95.87,Monthly,Success
S004137,U002727,2024-03-28,12.05,Monthly,Success
S004138,U002728,2024-09-08,33.79,Monthly,Success
S004139,U002728,2024-10-06,33.47,Monthly,Success
S004140,U002728,2024-11-05,35.47,Monthly,Success
S004141,U002728,2024-12-07,36.13,Monthly,Success
S004142,U002728,2025-01-05,36.46,Monthly,Success
S004143,U002728,2025-02-04,35.1,Monthly,Success
S004144,U002728,2025-03-05,33.54,Monthly,Success
S004145,U002728,2025-04-06,36.38,Monthly,Success
S004146,U002728,2025-05-05,36.07,Monthly,Success
S004147,U002728,2025-06-03,35.49,Monthly,Success
S004148,U002729,2024-09-21,96.92,Monthly,Success
S004149,U002729,2024-10-22,95.83,Monthly,Failed
S004150,U002729,2024-11-21,96.2,Monthly,Failed
S004151,U002729,2024-12-20,97.57,Monthly,Success
S004152,U002729,2025-01-21,102.03,Monthly,Failed
S004153,U002729,2025-02-18,95.72,Monthly,Success
S004154,U002729,2025-03-20,103.02,Monthly,Success
S004155,U002729,2025-04-20,95.1,Monthly,Success
S004156,U002729,2025-05-21,97.01,Monthly,Success
S004157,U002729,2025-06-19,99.58,Monthly,Success
S004158,U002731,2025-08-27,124.82,Annual,Success
S004159,U002735,2025-12-03,116.75,Annual,Success
S004160,U002738,2025-04-27,11.75,Monthly,Success
S004161,U002738,2025-05-25,12.08,Monthly,Success
S004162,U002738,2025-06-26,11.69,Monthly,Success
S004163,U002738,2025-07-26,11.6,Monthly,Success
S004164,U002739,2025-12-18,951.76,Annual,Success
S004165,U002744,2024-06-19,119.23,Annual,Success
S004166,U002745,2025-06-14,125.42,Annual,Success
S004167,U002746,2025-09-16,122.45,Annual,Success
S004168,U002748,2024-06-25,362.69,Annual,Success
S004169,U002749,2025-09-27,12.57,Monthly,Success
S004170,U002749,2025-10-27,12.39,Monthly,Success
S004171,U002749,2025-11-25,11.87,Monthly,Success
S004172,U002750,2025-06-22,977.93,Annual,Success
S004173,U002751,2025-01-11,11.56,Monthly,Success
S004174,U002751,2025-02-10,11.66,Monthly,Success
S004175,U002753,2024-10-03,11.58,Monthly,Failed
S004176,U002753,2024-11-04,11.79,Monthly,Success
S004177,U002753,2024-12-04,12.6,Monthly,Success
S004178,U002755,2025-11-22,332.62,Annual,Success
S004179,U002756,2024-10-29,35.78,Monthly,Success
S004180,U002756,2024-11-27,35.32,Monthly,Success
S004181,U002756,2024-12-29,33.29,Monthly,Success
S004182,U002756,2025-01-26,33.39,Monthly,Refunded
S004183,U002756,2025-02-27,35.28,Monthly,Success
S004184,U002756,2025-03-29,36.36,Monthly,Success
S004185,U002756,2025-04-27,36.11,Monthly,Success
S004186,U002756,2025-05-28,33.53,Monthly,Success
S004187,U002756,2025-06-25,36.74,Monthly,Success
S004188,U002756,2025-07-25,36.49,Monthly,Success
S004189,U002756,2025-08-26,35.72,Monthly,Success
S004190,U002760,2024-03-27,1013.41,Annual,Success
S004191,U002765,2024-06-16,119.64,Annual,Success
S004192,U002765,2025-06-15,119.11,Annual,Success
S004193,U002766,2025-12-17,351.18,Annual,Success
S004194,U002768,2024-09-19,12.35,Monthly,Success
S004195,U002770,2025-07-20,995.84,Annual,Success
S004196,U002773,2025-09-26,11.95,Monthly,Success
S004197,U002773,2025-10-26,11.54,Monthly,Success
S004198,U002776,2025-02-13,120.39,Annual,Success
S004199,U002777,2024-03-01,33.51,Monthly,Success
S004200,U002777,2024-04-01,35.55,Monthly,Success
S004201,U002777,2024-04-30,35.28,Monthly,Success
S004202,U002777,2024-05-29,33.53,Monthly,Success
S004203,U002777,2024-06-29,33.79,Monthly,Success
S004204,U002777,2024-07-29,33.47,Monthly,Success
S004205,U002779,2025-02-20,11.61,Monthly,Success
S004206,U002779,2025-03-22,11.48,Monthly,Success
S004207,U002780,2024-08-22,12.43,Monthly,Success
S004208,U002780,2024-09-21,12.4,Monthly,Failed
S004209,U002780,2024-10-20,12.43,Monthly,Failed
S004210,U002780,2024-11-19,12.03,Monthly,Success
S004211,U002782,2025-10-15,12.43,Monthly,Success
S004212,U002783,2025-12-23,12.14,Monthly,Success
S004213,U002788,2024-08-10,35.75,Monthly,Success
S004214,U002788,2024-09-09,34.9,Monthly,Success
S004215,U002788,2024-10-09,33.32,Monthly,Success
S004216,U002788,2024-11-09,36.26,Monthly,Success
S004217,U002793,2025-05-12,12.09,Monthly,Success
S004218,U002793,2025-06-11,12.19,Monthly,Success
S004219,U002793,2025-07-11,11.93,Monthly,Success
S004220,U002793,2025-08-11,11.89,Monthly,Success
S004221,U002793,2025-09-10,11.78,Monthly,Success
S004222,U002793,2025-10-09,12.08,Monthly,Success
S004223,U002793,2025-11-09,11.99,Monthly,Failed
S004224,U002797,2024-04-06,35.59,Monthly,Success
S004225,U002797,2024-05-05,33.34,Monthly,Success
S004226,U002797,2024-06-04,34.6,Monthly,Success
S004227,U002797,2024-07-03,36.24,Monthly,Success
S004228,U002797,2024-08-03,35.65,Monthly,Success
S004229,U002797,2024-09-02,33.34,Monthly,Success
S004230,U002797,2024-10-01,36.25,Monthly,Success
S004231,U002798,2025-06-13,349.48,Annual,Success
S004232,U002799,2025-12-22,12.01,Monthly,Success
S004233,U002800,2024-08-03,11.53,Monthly,Success
S004234,U002800,2024-09-03,11.43,Monthly,Success
S004235,U002800,2024-10-01,11.6,Monthly,Success
S004236,U002800,2024-11-02,12.48,Monthly,Success
S004237,U002800,2024-11-30,11.91,Monthly,Success
S004238,U002800,2025-01-01,11.73,Monthly,Success
S004239,U002800,2025-01-29,11.78,Monthly,Success
S004240,U002800,2025-02-28,11.98,Monthly,Success
S004241,U002800,2025-03-30,12.44,Monthly,Success
S004242,U002800,2025-04-29,12.56,Monthly,Success
S004243,U002802,2025-11-17,34.17,Monthly,Success
S004244,U002803,2025-12-04,12.27,Monthly,Success
S004245,U002804,2025-12-14,95.76,Monthly,Success
S004246,U002806,2025-12-20,11.81,Monthly,Success
S004247,U002807,2025-08-29,12.07,Monthly,Success
S004248,U002810,2025-08-08,362.43,Annual,Success
S004249,U002812,2025-06-23,11.71,Monthly,Success
S004250,U002812,2025-07-24,12.57,Monthly,Success
S004251,U002813,2025-07-10,12.08,Monthly,Success
S004252,U002813,2025-08-07,12.28,Monthly,Success
S004253,U002813,2025-09-08,12.21,Monthly,Failed
S004254,U002814,2024-07-09,11.76,Monthly,Success
S004255,U002814,2024-08-07,11.65,Monthly,Success
S004256,U002814,2024-09-08,12.5,Monthly,Success
S004257,U002814,2024-10-06,11.77,Monthly,Success
S004258,U002814,2024-11-05,11.66,Monthly,Success
S004259,U002814,2024-12-05,11.42,Monthly,Success
S004260,U002814,2025-01-04,11.75,Monthly,Success
S004261,U002814,2025-02-05,12.1,Monthly,Success
S004262,U002815,2025-05-14,344.79,Annual,Success
S004263,U002816,2025-09-07,35.96,Monthly,Success
S004264,U002816,2025-10-05,36.51,Monthly,Success
S004265,U002816,2025-11-05,33.49,Monthly,Success
S004266,U002817,2025-03-29,124.1,Annual,Success
S004267,U002821,2025-11-25,11.86,Monthly,Success
S004268,U002825,2024-11-21,11.68,Monthly,Success
S004269,U002825,2024-12-22,11.8,Monthly,Success
S004270,U002825,2025-01-20,12.37,Monthly,Success
S004271,U002825,2025-02-20,11.7,Monthly,Success
S004272,U002825,2025-03-23,11.7,Monthly,Success
S004273,U002827,2025-08-14,12.5,Monthly,Success
S004274,U002827,2025-09-12,12.07,Monthly,Success
S004275,U002829,2025-02-09,974.41,Annual,Success
S004276,U002830,2024-02-12,12.39,Monthly,Success
S004277,U002830,2024-03-12,11.57,Monthly,Success
S004278,U002830,2024-04-12,11.86,Monthly,Success
S004279,U002830,2024-05-10,12.17,Monthly,Success
S004280,U002832,2025-07-05,11.81,Monthly,Success
S004281,U002832,2025-08-05,11.43,Monthly,Success
S004282,U002832,2025-09-03,12.35,Monthly,Success
S004283,U002832,2025-10-03,11.88,Monthly,Success
S004284,U002833,2024-05-26,12.14,Monthly,Success
S004285,U002834,2024-10-28,124.34,Annual,Success
S004286,U002835,2025-01-17,12.6,Monthly,Success
S004287,U002835,2025-02-18,12.02,Monthly,Success
S004288,U002835,2025-03-18,12.5,Monthly,Success
S004289,U002835,2025-04-18,12.58,Monthly,Success
S004290,U002835,2025-05-19,12.57,Monthly,Success
S004291,U002835,2025-06-17,12.18,Monthly,Success
S004292,U002837,2025-12-28,12.18,Monthly,Success
S004293,U002838,2024-03-01,123.51,Annual,Success
S004294,U002839,2025-08-31,11.54,Monthly,Success
S004295,U002839,2025-09-30,11.54,Monthly,Success
S004296,U002839,2025-10-31,11.4,Monthly,Success
S004297,U002839,2025-11-28,12.27,Monthly,Success
S004298,U002840,2024-12-31,94.55,Monthly,Failed
S004299,U002840,2025-01-29,101.76,Monthly,Success
S004300,U002843,2025-11-23,34.06,Monthly,Success
S004301,U002844,2025-12-09,12.04,Monthly,Success
S004302,U002847,2025-09-17,348.19,Annual,Success
S004303,U002851,2025-07-07,967.07,Annual,Success
S004304,U002852,2024-09-16,992.38,Annual,Success
S004305,U002854,2025-11-25,121.18,Annual,Success
S004306,U002857,2024-08-30,360.83,Annual,Success
S004307,U002859,2024-02-19,11.84,Monthly,Success
S004308,U002859,2024-03-22,11.98,Monthly,Success
S004309,U002859,2024-04-21,11.88,Monthly,Success
S004310,U002859,2024-05-19,12.28,Monthly,Success
S004311,U002859,2024-06-20,11.83,Monthly,Success
S004312,U002859,2024-07-19,12.17,Monthly,Success
S004313,U002860,2024-07-22,348.25,Annual,Success
S004314,U002863,2025-12-07,11.44,Monthly,Success
S004315,U002867,2025-04-08,12.42,Monthly,Success
S004316,U002867,2025-05-07,12.02,Monthly,Success
S004317,U002867,2025-06-06,11.6,Monthly,Success
S004318,U002868,2025-08-30,100.87,Monthly,Success
S004319,U002868,2025-09-28,101.7,Monthly,Success
S004320,U002870,2024-12-16,1021.28,Annual,Success
S004321,U002871,2025-11-15,354.9,Annual,Success
S004322,U002872,2025-12-07,36.56,Monthly,Success
S004323,U002876,2025-03-13,12.35,Monthly,Success
S004324,U002876,2025-04-11,11.8,Monthly,Success
S004325,U002876,2025-05-13,12.13,Monthly,Success
S004326,U002877,2025-03-26,98.94,Monthly,Failed
S004327,U002877,2025-04-26,94.08,Monthly,Success
S004328,U002877,2025-05-27,101.49,Monthly,Success
S004329,U002877,2025-06-25,98.12,Monthly,Success
S004330,U002877,2025-07-25,101.32,Monthly,Success
S004331,U002877,2025-08-23,98.36,Monthly,Success
S004332,U002877,2025-09-23,96.12,Monthly,Success
S004333,U002879,2025-05-28,119.85,Annual,Success
S004334,U002881,2024-11-29,12.07,Monthly,Success
S004335,U002881,2024-12-30,11.64,Monthly,Success
S004336,U002881,2025-01-29,12.07,Monthly,Success
S004337,U002881,2025-02-28,11.79,Monthly,Success
S004338,U002881,2025-03-30,11.65,Monthly,Success
S004339,U002881,2025-04-30,11.77,Monthly,Refunded
S004340,U002881,2025-05-28,12.39,Monthly,Success
S004341,U002881,2025-06-27,12.28,Monthly,Success
S004342,U002885,2024-03-30,11.67,Monthly,Success
S004343,U002889,2025-09-29,1031.03,Annual,Success
S004344,U002890,2025-10-11,12.56,Monthly,Success
S004345,U002891,2024-12-01,120.33,Annual,Success
S004346,U002891,2025-12-05,117.69,Annual,Success
S004347,U002892,2025-07-24,12.22,Monthly,Success
S004348,U002892,2025-08-23,11.77,Monthly,Success
S004349,U002898,2024-10-26,122.17,Annual,Success
S004350,U002901,2024-06-03,12.23,Monthly,Success
S004351,U002901,2024-07-04,11.62,Monthly,Success
S004352,U002901,2024-08-03,11.49,Monthly,Success
S004353,U002901,2024-09-02,12.36,Monthly,Success
S004354,U002901,2024-10-02,11.97,Monthly,Success
S004355,U002902,2025-09-04,367.3,Annual,Success
S004356,U002905,2025-04-12,36.09,Monthly,Success
S004357,U002905,2025-05-13,33.26,Monthly,Success
S004358,U002905,2025-06-12,36.06,Monthly,Success
S004359,U002905,2025-07-11,35.87,Monthly,Success
S004360,U002905,2025-08-10,33.54,Monthly,Success
S004361,U002905,2025-09-09,33.97,Monthly,Success
S004362,U002906,2024-03-13,34.0,Monthly,Success
S004363,U002906,2024-04-12,34.03,Monthly,Success
S004364,U002906,2024-05-12,33.71,Monthly,Success
S004365,U002906,2024-06-12,35.52,Monthly,Success
S004366,U002906,2024-07-12,36.21,Monthly,Success
S004367,U002906,2024-08-10,35.92,Monthly,Success
S004368,U002906,2024-09-10,34.95,Monthly,Success
S004369,U002906,2024-10-11,35.77,Monthly,Success
S004370,U002906,2024-11-10,36.32,Monthly,Failed
S004371,U002906,2024-12-10,33.54,Monthly,Success
S004372,U002907,2025-12-18,96.22,Monthly,Success
S004373,U002915,2024-09-04,35.08,Monthly,Failed
S004374,U002915,2024-10-02,36.35,Monthly,Success
S004375,U002915,2024-11-03,33.67,Monthly,Success
S004376,U002915,2024-12-03,35.32,Monthly,Success
S004377,U002915,2024-12-31,35.59,Monthly,Success
S004378,U002915,2025-01-31,36.4,Monthly,Success
S004379,U002915,2025-03-01,34.62,Monthly,Success
S004380,U002915,2025-03-31,34.9,Monthly,Success
S004381,U002915,2025-05-02,35.37,Monthly,Success
S004382,U002915,2025-05-30,35.71,Monthly,Failed
S004383,U002915,2025-07-01,34.4,Monthly,Success
S004384,U002915,2025-07-29,34.25,Monthly,Success
S004385,U002915,2025-08-30,34.9,Monthly,Success
S004386,U002916,2025-07-08,12.35,Monthly,Success
S004387,U002917,2025-08-20,11.78,Monthly,Success
S004388,U002917,2025-09-19,11.79,Monthly,Success
S004389,U002917,2025-10-20,11.48,Monthly,Success
S004390,U002917,2025-11-19,11.62,Monthly,Success
S004391,U002918,2025-10-16,344.84,Annual,Success
S004392,U002919,2025-02-04,118.33,Annual,Success
S004393,U002921,2024-11-24,101.33,Monthly,Success
S004394,U002921,2024-12-24,94.11,Monthly,Success
S004395,U002922,2025-08-05,12.54,Monthly,Success
S004396,U002922,2025-09-03,11.81,Monthly,Success
S004397,U002922,2025-10-02,11.56,Monthly,Success
S004398,U002922,2025-11-02,12.36,Monthly,Success
S004399,U002922,2025-12-03,11.89,Monthly,Success
S004400,U002924,2024-07-30,965.07,Annual,Success
S004401,U002924,2025-07-27,994.52,Annual,Success
S004402,U002926,2025-11-13,12.22,Monthly,Success
S004403,U002928,2025-12-26,11.86,Monthly,Success
S004404,U002929,2025-09-01,117.44,Annual,Success
S004405,U002931,2025-05-26,11.67,Monthly,Success
S004406,U002931,2025-06-24,12.31,Monthly,Success
S004407,U002932,2025-07-10,124.06,Annual,Success
S004408,U002936,2024-07-14,35.47,Monthly,Success
S004409,U002936,2024-08-13,35.76,Monthly,Success
S004410,U002936,2024-09-10,35.14,Monthly,Success
S004411,U002936,2024-10-12,33.28,Monthly,Success
S004412,U002937,2025-09-12,356.24,Annual,Success
S004413,U002938,2025-05-19,337.04,Annual,Success
S004414,U002943,2024-11-01,11.42,Monthly,Success
S004415,U002943,2024-12-02,12.46,Monthly,Success
S004416,U002944,2025-08-07,976.04,Annual,Success
S004417,U002945,2025-08-30,12.06,Monthly,Success
S004418,U002946,2024-05-09,101.2,Monthly,Success
S004419,U002946,2024-06-07,94.91,Monthly,Success
S004420,U002946,2024-07-08,102.99,Monthly,Success
S004421,U002946,2024-08-06,97.57,Monthly,Failed
S004422,U002946,2024-09-04,94.2,Monthly,Success
S004423,U002946,2024-10-04,99.36,Monthly,Success
S004424,U002946,2024-11-03,102.76,Monthly,Success
S004425,U002946,2024-12-05,94.67,Monthly,Success
S004426,U002946,2025-01-02,99.44,Monthly,Success
S004427,U002946,2025-02-02,98.52,Monthly,Failed
S004428,U002948,2025-04-06,977.21,Annual,Success
S004429,U002950,2025-12-01,963.87,Annual,Success
S004430,U002952,2025-07-25,34.3,Monthly,Success
S004431,U002952,2025-08-26,34.48,Monthly,Success
S004432,U002952,2025-09-24,34.23,Monthly,Success
S004433,U002952,2025-10-24,33.42,Monthly,Success
S004434,U002952,2025-11-24,33.65,Monthly,Success
S004435,U002957,2025-08-13,35.61,Monthly,Success
S004436,U002957,2025-09-12,35.38,Monthly,Success
S004437,U002957,2025-10-12,34.3,Monthly,Success
S004438,U002957,2025-11-11,34.06,Monthly,Success
S004439,U002958,2025-10-23,94.62,Monthly,Success
S004440,U002959,2024-10-15,11.68,Monthly,Success
S004441,U002960,2025-09-25,34.63,Monthly,Success
S004442,U002960,2025-10-24,34.36,Monthly,Success
S004443,U002962,2024-12-11,12.48,Monthly,Success
S004444,U002962,2025-01-09,12.41,Monthly,Success
S004445,U002962,2025-02-09,11.53,Monthly,Success
S004446,U002962,2025-03-09,12.56,Monthly,Success
S004447,U002962,2025-04-10,12.16,Monthly,Success
S004448,U002964,2025-12-23,333.98,Annual,Success
S004449,U002966,2025-07-28,11.72,Monthly,Success
S004450,U002966,2025-08-27,12.21,Monthly,Success
S004451,U002966,2025-09-27,12.05,Monthly,Success
S004452,U002973,2025-09-19,338.83,Annual,Success
S004453,U002975,2025-01-07,33.39,Monthly,Success
S004454,U002975,2025-02-08,33.76,Monthly,Success
S004455,U002975,2025-03-10,34.28,Monthly,Success
S004456,U002975,2025-04-09,36.74,Monthly,Success
S004457,U002978,2024-01-17,12.16,Monthly,Success
S004458,U002979,2025-07-31,11.67,Monthly,Success
S004459,U002979,2025-08-30,12.2,Monthly,Success
S004460,U002979,2025-09-28,12.04,Monthly,Success
S004461,U002979,2025-10-29,11.58,Monthly,Success
S004462,U002981,2025-02-15,12.06,Monthly,Success
S004463,U002983,2025-07-31,12.45,Monthly,Success
S004464,U002983,2025-08-30,12.17,Monthly,Failed
S004465,U002983,2025-09-30,12.32,Monthly,Success
S004466,U002984,2025-10-01,12.23,Monthly,Success
S004467,U002984,2025-10-30,11.69,Monthly,Success
S004468,U002984,2025-11-30,12.02,Monthly,Failed
S004469,U002986,2025-12-20,355.84,Annual,Success
S004470,U002987,2024-03-12,353.56,Annual,Success
S004471,U002987,2025-03-10,342.12,Annual,Success
S004472,U002988,2025-04-01,12.02,Monthly,Success
S004473,U002988,2025-04-30,12.12,Monthly,Success
S004474,U002988,2025-05-31,11.53,Monthly,Success
S004475,U002988,2025-06-30,12.59,Monthly,Success
S004476,U002988,2025-07-29,12.54,Monthly,Success
S004477,U002989,2025-08-09,1039.22,Annual,Success
S004478,U002990,2025-10-24,977.93,Annual,Success
S004479,U002991,2024-07-29,118.71,Annual,Success
S004480,U002993,2025-05-06,342.2,Annual,Success
S004481,U002998,2024-11-15,996.11,Annual,Success
S004482,U002999,2024-10-27,35.73,Monthly,Success
S004483,U002999,2024-11-28,34.83,Monthly,Success
S004484,U002999,2024-12-27,34.04,Monthly,Success
S004485,U002999,2025-01-27,35.57,Monthly,Success
S004486,U002999,2025-02-26,34.07,Monthly,Success
S004487,U002999,2025-03-26,34.36,Monthly,Success
S004488,U002999,2025-04-26,35.71,Monthly,Failed
S004489,U002999,2025-05-25,35.7,Monthly,Success
S004490,U002999,2025-06-25,34.13,Monthly,Success
S004491,U002999,2025-07-25,33.28,Monthly,Success
S004492,U002999,2025-08-23,35.11,Monthly,Success
S004493,U002999,2025-09-24,33.38,Monthly,Success
S004494,U003000,2025-11-02,366.02,Annual,Success
S004495,U003004,2025-06-14,95.04,Monthly,Success
S004496,U003004,2025-07-15,102.05,Monthly,Failed
S004497,U003004,2025-08-12,94.94,Monthly,Success
S004498,U003004,2025-09-12,101.23,Monthly,Success
S004499,U003004,2025-10-13,101.68,Monthly,Success
S004500,U003005,2025-05-13,125.8,Annual,Success
S004501,U003011,2025-05-04,1025.2,Annual,Success
S004502,U003013,2024-11-10,12.07,Monthly,Refunded
S004503,U003013,2024-12-09,11.66,Monthly,Success
S004504,U003013,2025-01-10,11.68,Monthly,Success
S004505,U003013,2025-02-09,11.49,Monthly,Success
S004506,U003013,2025-03-11,12.27,Monthly,Success
S004507,U003013,2025-04-10,12.28,Monthly,Success
S004508,U003013,2025-05-09,12.45,Monthly,Success
S004509,U003013,2025-06-09,11.56,Monthly,Success
S004510,U003013,2025-07-09,11.42,Monthly,Success
S004511,U003013,2025-08-08,12.39,Monthly,Success
S004512,U003013,2025-09-07,12.23,Monthly,Success
S004513,U003016,2024-12-02,11.93,Monthly,Success
S004514,U003016,2025-01-02,11.71,Monthly,Success
S004515,U003016,2025-01-30,12.08,Monthly,Success
S004516,U003016,2025-03-02,12.49,Monthly,Success
S004517,U003016,2025-04-01,12.45,Monthly,Success
S004518,U003016,2025-04-30,12.21,Monthly,Success
S004519,U003017,2025-08-14,11.85,Monthly,Success
S004520,U003017,2025-09-15,11.89,Monthly,Success
S004521,U003017,2025-10-14,11.76,Monthly,Success
S004522,U003017,2025-11-13,12.48,Monthly,Success
S004523,U003018,2025-01-22,114.4,Annual,Success
S004524,U003019,2024-04-04,358.42,Annual,Success
S004525,U003020,2025-09-18,363.84,Annual,Success
S004526,U003023,2025-07-20,35.64,Monthly,Success
S004527,U003024,2024-11-30,11.72,Monthly,Success
S004528,U003024,2024-12-30,11.98,Monthly,Success
S004529,U003024,2025-01-30,12.49,Monthly,Success
S004530,U003028,2025-06-24,971.28,Annual,Success
S004531,U003031,2024-08-12,11.43,Monthly,Success
S004532,U003031,2024-09-11,11.73,Monthly,Success
S004533,U003031,2024-10-12,12.41,Monthly,Success
S004534,U003031,2024-11-10,11.97,Monthly,Success
S004535,U003032,2025-01-31,11.82,Monthly,Success
S004536,U003032,2025-03-02,12.13,Monthly,Success
S004537,U003032,2025-04-02,11.74,Monthly,Success
S004538,U003032,2025-05-02,11.76,Monthly,Success
S004539,U003032,2025-05-31,11.45,Monthly,Success
S004540,U003034,2024-05-12,356.5,Annual,Success
S004541,U003035,2024-10-20,357.26,Annual,Success
S004542,U003035,2025-10-22,355.42,Annual,Success
S004543,U003036,2024-10-17,11.62,Monthly,Success
S004544,U003039,2024-03-31,36.68,Monthly,Success
S004545,U003039,2024-04-29,34.35,Monthly,Success
S004546,U003039,2024-05-29,35.39,Monthly,Refunded
S004547,U003039,2024-06-29,36.49,Monthly,Success
S004548,U003039,2024-07-28,35.92,Monthly,Success
S004549,U003040,2025-04-10,34.36,Monthly,Success
S004550,U003040,2025-05-10,35.67,Monthly,Success
S004551,U003040,2025-06-08,36.62,Monthly,Success
S004552,U003040,2025-07-10,35.78,Monthly,Success
S004553,U003040,2025-08-07,34.97,Monthly,Success
S004554,U003040,2025-09-07,36.13,Monthly,Success
S004555,U003041,2024-07-24,96.97,Monthly,Success
S004556,U003041,2024-08-24,98.09,Monthly,Success
S004557,U003041,2024-09-21,102.25,Monthly,Success
S004558,U003041,2024-10-22,100.79,Monthly,Success
S004559,U003041,2024-11-21,100.36,Monthly,Success
S004560,U003041,2024-12-22,96.48,Monthly,Success
S004561,U003041,2025-01-20,101.46,Monthly,Success
S004562,U003041,2025-02-18,97.88,Monthly,Success
S004563,U003041,2025-03-21,98.95,Monthly,Success
S004564,U003041,2025-04-20,100.34,Monthly,Success
S004565,U003041,2025-05-19,98.97,Monthly,Success
S004566,U003042,2025-12-20,124.65,Annual,Success
S004567,U003043,2024-05-24,114.63,Annual,Success
S004568,U003043,2025-05-19,117.85,Annual,Success
S004569,U003048,2024-12-12,12.27,Monthly,Success
S004570,U003048,2025-01-09,11.66,Monthly,Success
S004571,U003048,2025-02-09,12.15,Monthly,Success
S004572,U003050,2024-10-07,11.67,Monthly,Success
S004573,U003050,2024-11-07,12.21,Monthly,Success
S004574,U003050,2024-12-07,11.74,Monthly,Success
S004575,U003050,2025-01-06,12.13,Monthly,Success
S004576,U003050,2025-02-04,11.41,Monthly,Success
S004577,U003050,2025-03-07,11.86,Monthly,Success
S004578,U003050,2025-04-04,12.34,Monthly,Success
S004579,U003052,2025-03-16,115.89,Annual,Success
S004580,U003055,2025-07-05,941.72,Annual,Success
S004581,U003057,2025-06-03,365.76,Annual,Failed
S004582,U003063,2025-05-29,367.06,Annual,Success
S004583,U003065,2025-06-27,12.53,Monthly,Success
S004584,U003065,2025-07-28,12.32,Monthly,Success
S004585,U003065,2025-08-28,12.48,Monthly,Success
S004586,U003065,2025-09-27,11.8,Monthly,Success
S004587,U003068,2025-12-20,335.06,Annual,Success
S004588,U003069,2024-09-26,354.36,Annual,Success
S004589,U003073,2024-11-16,97.45,Monthly,Success
S004590,U003073,2024-12-16,97.36,Monthly,Success
S004591,U003073,2025-01-14,96.5,Monthly,Success
S004592,U003073,2025-02-13,102.13,Monthly,Success
S004593,U003073,2025-03-16,99.19,Monthly,Success
S004594,U003073,2025-04-15,95.41,Monthly,Success
S004595,U003073,2025-05-13,95.16,Monthly,Success
S004596,U003073,2025-06-14,101.65,Monthly,Success
S004597,U003073,2025-07-14,95.82,Monthly,Success
S004598,U003073,2025-08-11,103.39,Monthly,Success
S004599,U003073,2025-09-10,101.74,Monthly,Success
S004600,U003075,2025-06-03,351.37,Annual,Success
S004601,U003077,2025-12-07,33.25,Monthly,Success
S004602,U003078,2024-05-13,12.04,Monthly,Success
S004603,U003078,2024-06-12,12.24,Monthly,Success
S004604,U003078,2024-07-10,12.55,Monthly,Success
S004605,U003078,2024-08-09,11.62,Monthly,Success
S004606,U003078,2024-09-09,12.43,Monthly,Success
S004607,U003078,2024-10-08,11.67,Monthly,Success
S004608,U003078,2024-11-08,12.45,Monthly,Success
S004609,U003078,2024-12-07,12.42,Monthly,Success
S004610,U003078,2025-01-08,11.55,Monthly,Success
S004611,U003079,2024-07-06,114.71,Annual,Success
S004612,U003080,2025-12-04,11.56,Monthly,Success
S004613,U003081,2025-08-23,1007.42,Annual,Success
S004614,U003082,2025-11-06,1020.91,Annual,Success
S004615,U003084,2025-05-23,33.76,Monthly,Success
S004616,U003084,2025-06-22,33.62,Monthly,Success
S004617,U003084,2025-07-23,35.87,Monthly,Success
S004618,U003084,2025-08-21,35.0,Monthly,Success
S004619,U003085,2025-07-29,12.1,Monthly,Success
S004620,U003086,2025-07-19,121.8,Annual,Success
S004621,U003087,2025-01-26,11.92,Monthly,Success
S004622,U003087,2025-02-23,11.45,Monthly,Success
S004623,U003088,2024-01-24,12.43,Monthly,Success
S004624,U003088,2024-02-23,12.46,Monthly,Success
S004625,U003088,2024-03-22,12.13,Monthly,Success
S004626,U003088,2024-04-21,11.79,Monthly,Success
S004627,U003088,2024-05-21,12.56,Monthly,Success
S004628,U003088,2024-06-22,12.47,Monthly,Success
S004629,U003088,2024-07-20,12.57,Monthly,Success
S004630,U003089,2025-05-21,11.6,Monthly,Success
S004631,U003090,2024-09-29,11.45,Monthly,Success
S004632,U003090,2024-10-28,11.61,Monthly,Success
S004633,U003090,2024-11-27,12.02,Monthly,Success
S004634,U003090,2024-12-27,11.57,Monthly,Success
S004635,U003090,2025-01-27,12.3,Monthly,Success
S004636,U003092,2025-12-13,952.6,Annual,Success
S004637,U003093,2025-01-17,11.71,Monthly,Success
S004638,U003093,2025-02-18,12.2,Monthly,Success
S004639,U003093,2025-03-20,12.03,Monthly,Success
S004640,U003093,2025-04-19,12.4,Monthly,Success
S004641,U003093,2025-05-19,12.38,Monthly,Success
S004642,U003093,2025-06-16,11.56,Monthly,Success
S004643,U003093,2025-07-16,12.05,Monthly,Success
S004644,U003093,2025-08-15,12.32,Monthly,Success
S004645,U003093,2025-09-15,11.45,Monthly,Success
S004646,U003095,2024-08-03,117.2,Annual,Success
S004647,U003098,2024-05-11,349.06,Annual,Success
S004648,U003100,2025-02-13,11.85,Monthly,Success
S004649,U003100,2025-03-13,11.49,Monthly,Success
S004650,U003102,2025-08-25,974.08,Annual,Success
S004651,U003103,2025-11-19,35.03,Monthly,Success
S004652,U003105,2024-10-02,12.29,Monthly,Success
S004653,U003105,2024-11-01,11.67,Monthly,Success
S004654,U003105,2024-12-01,11.74,Monthly,Success
S004655,U003105,2025-01-02,12.58,Monthly,Success
S004656,U003105,2025-01-30,11.43,Monthly,Success
S004657,U003106,2025-02-13,945.89,Annual,Success
S004658,U003108,2024-01-15,12.24,Monthly,Success
S004659,U003108,2024-02-14,12.3,Monthly,Success
S004660,U003108,2024-03-14,11.65,Monthly,Success
S004661,U003108,2024-04-15,11.81,Monthly,Success
S004662,U003108,2024-05-13,12.48,Monthly,Success
S004663,U003109,2025-05-25,35.58,Monthly,Success
S004664,U003109,2025-06-22,34.85,Monthly,Success
S004665,U003109,2025-07-23,36.54,Monthly,Success
S004666,U003109,2025-08-21,35.63,Monthly,Success
S004667,U003109,2025-09-21,36.05,Monthly,Refunded
S004668,U003109,2025-10-22,34.95,Monthly,Success
S004669,U003111,2025-06-21,12.12,Monthly,Success
S004670,U003111,2025-07-23,11.59,Monthly,Success
S004671,U003111,2025-08-22,11.63,Monthly,Success
S004672,U003111,2025-09-21,12.25,Monthly,Success
S004673,U003111,2025-10-21,11.91,Monthly,Success
S004674,U003112,2024-09-19,12.34,Monthly,Success
S004675,U003112,2024-10-17,11.74,Monthly,Success
S004676,U003112,2024-11-17,11.62,Monthly,Success
S004677,U003112,2024-12-17,11.61,Monthly,Success
S004678,U003112,2025-01-17,12.07,Monthly,Success
S004679,U003112,2025-02-14,12.59,Monthly,Success
S004680,U003114,2024-04-26,36.5,Monthly,Success
S004681,U003116,2025-11-05,347.05,Annual,Success
S004682,U003122,2024-09-26,343.25,Annual,Success
S004683,U003122,2025-09-26,338.0,Annual,Success
S004684,U003123,2024-03-27,1034.11,Annual,Success
S004685,U003124,2025-02-28,36.19,Monthly,Success
S004686,U003124,2025-04-01,36.59,Monthly,Failed
S004687,U003124,2025-05-01,36.75,Monthly,Success
S004688,U003124,2025-05-30,35.8,Monthly,Success
S004689,U003124,2025-06-29,33.37,Monthly,Success
S004690,U003124,2025-07-28,34.83,Monthly,Success
S004691,U003124,2025-08-28,34.76,Monthly,Success
S004692,U003124,2025-09-26,35.72,Monthly,Success
S004693,U003124,2025-10-26,35.57,Monthly,Success
S004694,U003125,2025-08-16,12.56,Monthly,Success
S004695,U003125,2025-09-15,11.43,Monthly,Success
S004696,U003126,2025-06-03,345.88,Annual,Success
S004697,U003127,2025-07-13,951.12,Annual,Success
S004698,U003131,2025-09-24,11.81,Monthly,Success
S004699,U003132,2025-10-04,1022.83,Annual,Success
S004700,U003133,2025-12-04,119.98,Annual,Success
S004701,U003134,2025-05-01,361.45,Annual,Success
S004702,U003137,2025-08-21,123.32,Annual,Success
S004703,U003138,2025-08-23,1004.17,Annual,Success
S004704,U003140,2024-03-31,34.75,Monthly,Success
S004705,U003140,2024-04-30,36.12,Monthly,Success
S004706,U003140,2024-05-29,36.72,Monthly,Refunded
S004707,U003140,2024-06-28,35.65,Monthly,Success
S004708,U003140,2024-07-28,36.28,Monthly,Success
S004709,U003140,2024-08-28,36.06,Monthly,Success
S004710,U003140,2024-09-28,36.62,Monthly,Success
S004711,U003143,2025-05-20,358.36,Annual,Failed
S004712,U003144,2025-04-25,970.33,Annual,Success
S004713,U003148,2025-07-13,364.07,Annual,Success
S004714,U003151,2025-06-16,12.35,Monthly,Success
S004715,U003151,2025-07-18,12.4,Monthly,Success
S004716,U003151,2025-08-16,11.85,Monthly,Failed
S004717,U003151,2025-09-15,12.14,Monthly,Success
S004718,U003151,2025-10-14,12.01,Monthly,Success
S004719,U003151,2025-11-15,11.99,Monthly,Success
S004720,U003153,2025-08-01,35.93,Monthly,Success
S004721,U003153,2025-08-29,35.88,Monthly,Success
S004722,U003153,2025-09-28,34.07,Monthly,Success
S004723,U003154,2025-02-08,95.55,Monthly,Success
S004724,U003154,2025-03-10,95.95,Monthly,Success
S004725,U003154,2025-04-08,97.95,Monthly,Success
S004726,U003154,2025-05-09,99.55,Monthly,Success
S004727,U003154,2025-06-09,95.02,Monthly,Success
S004728,U003154,2025-07-08,99.03,Monthly,Success
S004729,U003154,2025-08-07,95.58,Monthly,Success
S004730,U003154,2025-09-07,94.6,Monthly,Success
S004731,U003154,2025-10-07,103.29,Monthly,Success
S004732,U003155,2025-02-19,11.65,Monthly,Success
S004733,U003155,2025-03-20,11.9,Monthly,Success
S004734,U003155,2025-04-18,12.35,Monthly,Success
S004735,U003156,2025-07-03,337.91,Annual,Success
S004736,U003157,2025-12-02,12.32,Monthly,Success
S004737,U003159,2025-10-06,12.17,Monthly,Success
S004738,U003160,2024-11-02,361.23,Annual,Success
S004739,U003160,2025-11-01,333.96,Annual,Success
S004740,U003162,2024-01-31,33.75,Monthly,Success
S004741,U003162,2024-03-01,33.69,Monthly,Success
S004742,U003162,2024-04-01,35.85,Monthly,Success
S004743,U003162,2024-05-01,36.58,Monthly,Refunded
S004744,U003162,2024-06-01,36.22,Monthly,Success
S004745,U003162,2024-06-29,34.15,Monthly,Success
S004746,U003162,2024-07-30,34.85,Monthly,Success
S004747,U003162,2024-08-30,34.71,Monthly,Success
S004748,U003162,2024-09-29,34.14,Monthly,Success
S004749,U003162,2024-10-28,34.42,Monthly,Success
S004750,U003162,2024-11-26,34.17,Monthly,Success
S004751,U003162,2024-12-26,36.61,Monthly,Success
S004752,U003162,2025-01-26,35.96,Monthly,Success
S004753,U003165,2024-03-19,123.95,Annual,Success
S004754,U003166,2025-03-22,35.4,Monthly,Success
S004755,U003166,2025-04-23,34.82,Monthly,Failed
S004756,U003166,2025-05-22,36.46,Monthly,Success
S004757,U003166,2025-06-20,33.27,Monthly,Success
S004758,U003166,2025-07-22,35.09,Monthly,Success
S004759,U003167,2025-11-25,357.64,Annual,Success
S004760,U003169,2025-09-02,1020.25,Annual,Failed
S004761,U003176,2024-07-29,33.33,Monthly,Success
S004762,U003176,2024-08-28,35.4,Monthly,Success
S004763,U003176,2024-09-28,33.82,Monthly,Success
S004764,U003176,2024-10-27,35.03,Monthly,Success
S004765,U003176,2024-11-26,36.75,Monthly,Success
S004766,U003176,2024-12-26,35.47,Monthly,Success
S004767,U003177,2025-07-08,98.96,Monthly,Success
S004768,U003177,2025-08-05,97.78,Monthly,Success
S004769,U003177,2025-09-04,96.77,Monthly,Success
S004770,U003178,2025-11-03,36.12,Monthly,Success
S004771,U003179,2025-09-29,123.99,Annual,Success
S004772,U003180,2025-07-25,364.43,Annual,Success
S004773,U003181,2024-05-18,350.33,Annual,Success
S004774,U003182,2024-10-26,121.24,Annual,Failed
S004775,U003184,2024-09-24,12.53,Monthly,Failed
S004776,U003184,2024-10-26,11.72,Monthly,Success
S004777,U003184,2024-11-23,11.94,Monthly,Success
S004778,U003184,2024-12-23,12.26,Monthly,Success
S004779,U003184,2025-01-24,12.22,Monthly,Success
S004780,U003186,2025-04-20,12.14,Monthly,Success
S004781,U003186,2025-05-21,12.57,Monthly,Success
S004782,U003186,2025-06-19,11.7,Monthly,Success
S004783,U003187,2024-12-18,34.72,Monthly,Success
S004784,U003187,2025-01-18,36.6,Monthly,Success
S004785,U003187,2025-02-18,35.64,Monthly,Success
S004786,U003187,2025-03-20,34.33,Monthly,Success
S004787,U003187,2025-04-19,36.11,Monthly,Success
S004788,U003187,2025-05-19,35.08,Monthly,Success
S004789,U003187,2025-06-16,33.48,Monthly,Success
S004790,U003187,2025-07-16,33.96,Monthly,Success
S004791,U003187,2025-08-15,33.27,Monthly,Success
S004792,U003187,2025-09-16,35.7,Monthly,Success
S004793,U003187,2025-10-16,35.8,Monthly,Success
S004794,U003188,2024-12-16,118.72,Annual,Success
S004795,U003188,2025-12-17,116.73,Annual,Success
S004796,U003190,2025-09-17,11.66,Monthly,Success
S004797,U003190,2025-10-17,12.01,Monthly,Success
S004798,U003190,2025-11-16,12.2,Monthly,Success
S004799,U003191,2024-11-10,966.49,Annual,Failed
S004800,U003191,2025-11-14,975.62,Annual,Success
S004801,U003192,2025-11-24,1001.63,Annual,Success
S004802,U003195,2024-12-21,119.24,Annual,Success
S004803,U003196,2025-04-01,11.57,Monthly,Success
S004804,U003196,2025-04-30,12.37,Monthly,Success
S004805,U003196,2025-06-01,12.11,Monthly,Success
S004806,U003199,2024-05-09,355.02,Annual,Success
S004807,U003200,2025-01-13,11.62,Monthly,Success
S004808,U003200,2025-02-14,11.62,Monthly,Success
S004809,U003200,2025-03-14,11.89,Monthly,Success
S004810,U003200,2025-04-15,12.58,Monthly,Success
S004811,U003200,2025-05-15,12.48,Monthly,Success
S004812,U003200,2025-06-13,11.77,Monthly,Failed
S004813,U003200,2025-07-13,11.85,Monthly,Success
S004814,U003200,2025-08-12,12.26,Monthly,Success
S004815,U003203,2024-08-07,12.19,Monthly,Success
S004816,U003207,2025-10-27,124.35,Annual,Success
S004817,U003209,2025-02-16,125.77,Annual,Success
S004818,U003210,2025-06-07,12.37,Monthly,Success
S004819,U003210,2025-07-05,12.55,Monthly,Success
S004820,U003210,2025-08-05,11.49,Monthly,Success
S004821,U003210,2025-09-05,12.06,Monthly,Success
S004822,U003210,2025-10-03,12.17,Monthly,Success
S004823,U003210,2025-11-02,12.2,Monthly,Success
S004824,U003211,2024-07-06,12.47,Monthly,Success
S004825,U003211,2024-08-04,11.69,Monthly,Success
S004826,U003211,2024-09-04,11.41,Monthly,Success
S004827,U003211,2024-10-05,11.6,Monthly,Success
S004828,U003217,2024-07-10,33.84,Monthly,Success
S004829,U003217,2024-08-11,33.78,Monthly,Success
S004830,U003217,2024-09-10,34.24,Monthly,Success
S004831,U003217,2024-10-09,35.38,Monthly,Success
S004832,U003217,2024-11-09,34.79,Monthly,Success
S004833,U003218,2024-01-04,11.97,Monthly,Success
S004834,U003218,2024-02-04,12.2,Monthly,Failed
S004835,U003218,2024-03-05,11.88,Monthly,Success
S004836,U003218,2024-04-04,12.45,Monthly,Success
S004837,U003218,2024-05-04,12.25,Monthly,Success
S004838,U003218,2024-06-02,11.49,Monthly,Success
S004839,U003218,2024-07-02,12.46,Monthly,Success
S004840,U003218,2024-08-01,12.08,Monthly,Success
S004841,U003218,2024-08-30,12.51,Monthly,Success
S004842,U003218,2024-10-01,11.67,Monthly,Success
S004843,U003218,2024-10-29,12.44,Monthly,Success
S004844,U003218,2024-11-30,11.69,Monthly,Success
S004845,U003220,2025-08-14,12.03,Monthly,Success
S004846,U003220,2025-09-14,12.05,Monthly,Success
S004847,U003221,2025-04-06,979.96,Annual,Success
S004848,U003222,2024-07-07,101.82,Monthly,Success
S004849,U003222,2024-08-05,96.09,Monthly,Success
S004850,U003224,2024-01-28,344.34,Annual,Success
S004851,U003225,2024-07-11,12.58,Monthly,Success
S004852,U003225,2024-08-12,12.32,Monthly,Success
S004853,U003226,2025-11-09,970.07,Annual,Success
S004854,U003227,2024-09-18,125.31,Annual,Success
S004855,U003228,2024-12-16,35.68,Monthly,Success
S004856,U003228,2025-01-17,33.62,Monthly,Success
S004857,U003228,2025-02-15,36.32,Monthly,Success
S004858,U003229,2024-05-10,12.33,Monthly,Success
S004859,U003231,2025-04-13,334.43,Annual,Success
S004860,U003235,2025-01-12,101.81,Monthly,Success
S004861,U003235,2025-02-13,96.95,Monthly,Success
S004862,U003235,2025-03-14,99.31,Monthly,Success
S004863,U003235,2025-04-12,99.13,Monthly,Success
S004864,U003235,2025-05-12,103.53,Monthly,Success
S004865,U003235,2025-06-11,102.79,Monthly,Success
S004866,U003235,2025-07-13,97.12,Monthly,Success
S004867,U003235,2025-08-10,97.97,Monthly,Success
S004868,U003235,2025-09-10,99.72,Monthly,Success
S004869,U003238,2025-12-13,118.83,Annual,Success
S004870,U003240,2025-05-05,12.19,Monthly,Success
S004871,U003241,2025-01-31,35.0,Monthly,Success
S004872,U003241,2025-02-28,36.32,Monthly,Failed
S004873,U003241,2025-04-01,34.68,Monthly,Failed
S004874,U003241,2025-04-29,35.2,Monthly,Success
S004875,U003241,2025-05-30,34.27,Monthly,Success
S004876,U003241,2025-06-28,36.49,Monthly,Success
S004877,U003241,2025-07-28,34.57,Monthly,Success
S004878,U003241,2025-08-29,35.04,Monthly,Success
S004879,U003241,2025-09-26,36.14,Monthly,Success
S004880,U003242,2025-02-12,946.3,Annual,Success
S004881,U003244,2025-07-25,11.88,Monthly,Success
S004882,U003244,2025-08-25,11.78,Monthly,Success
S004883,U003244,2025-09-24,11.49,Monthly,Success
S004884,U003244,2025-10-24,12.02,Monthly,Success
S004885,U003244,2025-11-23,11.41,Monthly,Success
S004886,U003251,2025-04-18,34.39,Monthly,Success
S004887,U003251,2025-05-17,35.63,Monthly,Success
S004888,U003251,2025-06-17,34.62,Monthly,Success
S004889,U003251,2025-07-18,34.64,Monthly,Success
S004890,U003251,2025-08-17,35.61,Monthly,Success
S004891,U003251,2025-09-14,34.55,Monthly,Success
S004892,U003251,2025-10-14,33.86,Monthly,Success
S004893,U003252,2024-05-21,994.04,Annual,Success
S004894,U003254,2024-05-25,125.76,Annual,Success
S004895,U003256,2024-06-21,993.19,Annual,Success
S004896,U003256,2025-06-23,950.27,Annual,Success
S004897,U003257,2025-07-24,34.5,Monthly,Success
S004898,U003257,2025-08-22,33.76,Monthly,Success
S004899,U003257,2025-09-21,35.2,Monthly,Success
S004900,U003257,2025-10-23,36.43,Monthly,Success
S004901,U003257,2025-11-21,35.86,Monthly,Success
S004902,U003258,2024-08-19,35.54,Monthly,Success
S004903,U003258,2024-09-17,35.75,Monthly,Success
S004904,U003258,2024-10-18,33.92,Monthly,Success
S004905,U003260,2025-11-11,120.82,Annual,Success
S004906,U003264,2024-01-26,12.01,Monthly,Success
S004907,U003264,2024-02-26,11.86,Monthly,Success
S004908,U003264,2024-03-27,12.33,Monthly,Success
S004909,U003264,2024-04-25,11.81,Monthly,Success
S004910,U003265,2025-09-22,337.84,Annual,Success
S004911,U003270,2025-07-22,361.13,Annual,Success
S004912,U003273,2025-08-11,11.49,Monthly,Success
S004913,U003273,2025-09-09,12.59,Monthly,Success
S004914,U003273,2025-10-09,11.76,Monthly,Success
S004915,U003273,2025-11-09,12.34,Monthly,Success
S004916,U003274,2025-04-20,11.56,Monthly,Success
S004917,U003274,2025-05-19,12.15,Monthly,Success
S004918,U003274,2025-06-18,12.41,Monthly,Success
S004919,U003274,2025-07-18,12.19,Monthly,Success
S004920,U003274,2025-08-17,11.52,Monthly,Success
S004921,U003274,2025-09-18,12.0,Monthly,Success
S004922,U003274,2025-10-18,11.72,Monthly,Success
S004923,U003274,2025-11-15,12.55,Monthly,Success
S004924,U003276,2025-10-04,101.72,Monthly,Success
S004925,U003277,2025-10-15,12.34,Monthly,Success
S004926,U003278,2025-03-24,365.52,Annual,Success
S004927,U003283,2025-10-22,114.14,Annual,Success
S004928,U003287,2025-01-09,335.59,Annual,Success
S004929,U003288,2025-09-23,12.57,Monthly,Success
S004930,U003288,2025-10-24,11.66,Monthly,Success
S004931,U003288,2025-11-23,12.21,Monthly,Success
S004932,U003293,2025-01-12,35.92,Monthly,Success
S004933,U003293,2025-02-12,34.71,Monthly,Success
S004934,U003293,2025-03-12,36.59,Monthly,Success
S004935,U003293,2025-04-13,34.36,Monthly,Success
S004936,U003293,2025-05-11,33.67,Monthly,Success
S004937,U003293,2025-06-10,34.28,Monthly,Success
S004938,U003293,2025-07-12,34.85,Monthly,Success
S004939,U003293,2025-08-09,33.7,Monthly,Success
S004940,U003293,2025-09-08,35.7,Monthly,Success
S004941,U003293,2025-10-09,34.62,Monthly,Success
S004942,U003294,2025-04-28,365.19,Annual,Success
S004943,U003297,2025-06-27,12.22,Monthly,Success
S004944,U003300,2025-09-24,11.66,Monthly,Success
S004945,U003301,2025-02-11,117.39,Annual,Success
S004946,U003303,2025-05-04,99.46,Monthly,Success
S004947,U003303,2025-06-05,94.27,Monthly,Success
S004948,U003303,2025-07-04,96.74,Monthly,Success
S004949,U003303,2025-08-03,101.11,Monthly,Success
S004950,U003303,2025-09-02,98.94,Monthly,Success
S004951,U003305,2024-08-29,36.09,Monthly,Success
S004952,U003305,2024-09-29,36.44,Monthly,Success
S004953,U003305,2024-10-29,35.25,Monthly,Success
S004954,U003307,2024-12-29,12.39,Monthly,Success
S004955,U003307,2025-01-30,12.28,Monthly,Success
S004956,U003307,2025-02-28,12.21,Monthly,Success
S004957,U003307,2025-03-30,11.62,Monthly,Success
S004958,U003308,2024-03-31,1010.07,Annual,Success
S004959,U003310,2025-03-05,34.7,Monthly,Success
S004960,U003310,2025-04-05,36.18,Monthly,Success
S004961,U003310,2025-05-05,36.39,Monthly,Success
S004962,U003310,2025-06-03,36.73,Monthly,Success
S004963,U003310,2025-07-02,35.58,Monthly,Success
S004964,U003310,2025-08-02,35.66,Monthly,Success
S004965,U003310,2025-09-01,33.39,Monthly,Success
S004966,U003310,2025-10-02,35.84,Monthly,Success
S004967,U003311,2025-08-09,34.08,Monthly,Success
S004968,U003311,2025-09-08,36.01,Monthly,Success
S004969,U003311,2025-10-10,35.76,Monthly,Success
S004970,U003311,2025-11-09,35.84,Monthly,Success
S004971,U003313,2025-08-02,12.37,Monthly,Success
S004972,U003313,2025-09-01,11.7,Monthly,Success
S004973,U003313,2025-10-01,11.86,Monthly,Success
S004974,U003313,2025-10-30,11.97,Monthly,Success
S004975,U003314,2024-01-17,956.91,Annual,Success
S004976,U003315,2024-08-27,120.52,Annual,Success
S004977,U003324,2025-05-21,12.01,Monthly,Success
S004978,U003324,2025-06-20,12.15,Monthly,Success
S004979,U003324,2025-07-20,12.57,Monthly,Success
S004980,U003324,2025-08-17,12.32,Monthly,Success
S004981,U003324,2025-09-18,11.56,Monthly,Success
S004982,U003324,2025-10-16,11.88,Monthly,Success
S004983,U003332,2025-08-21,34.32,Monthly,Success
S004984,U003334,2024-08-11,1031.22,Annual,Success
S004985,U003335,2025-11-09,12.4,Monthly,Success
S004986,U003337,2025-11-17,34.39,Monthly,Success
S004987,U003338,2025-08-30,12.4,Monthly,Success
S004988,U003338,2025-09-29,11.69,Monthly,Success
S004989,U003338,2025-10-29,12.36,Monthly,Success
S004990,U003338,2025-11-27,11.8,Monthly,Success
S004991,U003339,2025-05-28,34.97,Monthly,Success
S004992,U003339,2025-06-27,34.01,Monthly,Success
S004993,U003339,2025-07-29,33.74,Monthly,Success
S004994,U003340,2025-07-06,358.71,Annual,Success
S004995,U003342,2025-05-16,35.0,Monthly,Success
S004996,U003342,2025-06-15,36.2,Monthly,Success
S004997,U003342,2025-07-17,33.51,Monthly,Success
S004998,U003342,2025-08-14,34.99,Monthly,Success
S004999,U003342,2025-09-14,36.41,Monthly,Success
S005000,U003344,2024-07-02,12.32,Monthly,Success
S005001,U003344,2024-08-03,11.7,Monthly,Success
S005002,U003344,2024-08-31,12.09,Monthly,Success
S005003,U003344,2024-10-02,11.46,Monthly,Success
S005004,U003347,2024-10-14,36.08,Monthly,Success
S005005,U003347,2024-11-11,34.44,Monthly,Success
S005006,U003347,2024-12-11,33.95,Monthly,Success
S005007,U003347,2025-01-11,35.05,Monthly,Success
S005008,U003347,2025-02-09,34.86,Monthly,Success
S005009,U003347,2025-03-12,36.56,Monthly,Success
S005010,U003347,2025-04-12,35.6,Monthly,Success
S005011,U003347,2025-05-11,34.31,Monthly,Success
S005012,U003347,2025-06-10,36.38,Monthly,Failed
S005013,U003347,2025-07-09,35.37,Monthly,Success
S005014,U003347,2025-08-10,36.15,Monthly,Failed
S005015,U003351,2024-08-25,34.73,Monthly,Success
S005016,U003351,2024-09-26,36.58,Monthly,Success
S005017,U003351,2024-10-26,33.9,Monthly,Success
S005018,U003351,2024-11-23,34.42,Monthly,Success
S005019,U003351,2024-12-25,36.44,Monthly,Failed
S005020,U003351,2025-01-22,36.21,Monthly,Success
S005021,U003351,2025-02-22,36.1,Monthly,Success
S005022,U003351,2025-03-23,36.65,Monthly,Success
S005023,U003351,2025-04-23,35.75,Monthly,Success
S005024,U003351,2025-05-24,36.55,Monthly,Success
S005025,U003351,2025-06-22,36.16,Monthly,Success
S005026,U003351,2025-07-22,33.99,Monthly,Success
S005027,U003351,2025-08-22,35.88,Monthly,Success
S005028,U003351,2025-09-19,34.9,Monthly,Success
S005029,U003351,2025-10-21,34.62,Monthly,Success
S005030,U003352,2025-02-10,1027.02,Annual,Success
S005031,U003353,2025-11-22,360.01,Annual,Success
S005032,U003354,2025-04-02,34.82,Monthly,Success
S005033,U003354,2025-05-01,33.67,Monthly,Success
S005034,U003354,2025-06-01,35.62,Monthly,Success
S005035,U003354,2025-06-30,36.16,Monthly,Success
S005036,U003354,2025-08-01,34.59,Monthly,Success
S005037,U003354,2025-08-31,36.26,Monthly,Success
S005038,U003355,2024-08-01,11.56,Monthly,Success
S005039,U003355,2024-08-31,12.15,Monthly,Refunded
S005040,U003355,2024-09-30,11.52,Monthly,Success
S005041,U003355,2024-10-29,12.38,Monthly,Success
S005042,U003355,2024-11-30,11.96,Monthly,Success
S005043,U003355,2024-12-30,12.49,Monthly,Success
S005044,U003355,2025-01-29,12.15,Monthly,Success
S005045,U003355,2025-02-27,11.78,Monthly,Success
S005046,U003355,2025-03-28,12.26,Monthly,Success
S005047,U003355,2025-04-29,12.04,Monthly,Success
S005048,U003355,2025-05-29,12.28,Monthly,Success
S005049,U003358,2025-01-07,11.93,Monthly,Success
S005050,U003358,2025-02-06,12.13,Monthly,Success
S005051,U003358,2025-03-09,12.51,Monthly,Success
S005052,U003358,2025-04-08,12.39,Monthly,Success
S005053,U003358,2025-05-06,11.82,Monthly,Success
S005054,U003358,2025-06-06,12.18,Monthly,Success
S005055,U003358,2025-07-05,12.26,Monthly,Success
S005056,U003358,2025-08-06,11.95,Monthly,Success
S005057,U003362,2024-10-14,11.84,Monthly,Success
S005058,U003362,2024-11-13,12.29,Monthly,Success
S005059,U003362,2024-12-13,11.86,Monthly,Success
S005060,U003362,2025-01-10,11.61,Monthly,Success
S005061,U003362,2025-02-11,11.99,Monthly,Success
S005062,U003362,2025-03-11,12.34,Monthly,Success
S005063,U003364,2024-10-06,11.44,Monthly,Success
S005064,U003364,2024-11-05,12.18,Monthly,Success
S005065,U003364,2024-12-05,12.4,Monthly,Success
S005066,U003364,2025-01-06,11.67,Monthly,Failed
S005067,U003365,2025-12-01,11.85,Monthly,Success
S005068,U003366,2025-06-22,124.76,Annual,Success
S005069,U003367,2024-11-26,991.81,Annual,Success
S005070,U003367,2025-11-26,946.92,Annual,Success
S005071,U003370,2025-07-26,12.09,Monthly,Success
S005072,U003370,2025-08-25,11.89,Monthly,Success
S005073,U003370,2025-09-24,11.62,Monthly,Success
S005074,U003370,2025-10-24,11.43,Monthly,Success
S005075,U003372,2025-05-28,33.8,Monthly,Success
S005076,U003374,2025-07-08,122.67,Annual,Success
S005077,U003376,2025-09-09,103.33,Monthly,Success
S005078,U003376,2025-10-10,100.09,Monthly,Failed
S005079,U003377,2025-09-01,36.39,Monthly,Success
S005080,U003378,2024-08-02,356.65,Annual,Success
S005081,U003378,2025-08-01,342.31,Annual,Success
S005082,U003379,2024-04-28,364.88,Annual,Success
S005083,U003379,2025-04-24,354.4,Annual,Success
S005084,U003382,2025-02-12,12.34,Monthly,Success
S005085,U003382,2025-03-14,11.86,Monthly,Success
S005086,U003382,2025-04-12,11.75,Monthly,Success
S005087,U003382,2025-05-11,12.57,Monthly,Success
S005088,U003382,2025-06-10,12.19,Monthly,Success
S005089,U003382,2025-07-11,12.57,Monthly,Success
S005090,U003382,2025-08-10,12.6,Monthly,Success
S005091,U003382,2025-09-10,11.75,Monthly,Success
S005092,U003382,2025-10-08,11.51,Monthly,Success
S005093,U003387,2024-09-22,123.23,Annual,Success
S005094,U003389,2024-02-26,120.02,Annual,Success
S005095,U003390,2025-07-14,350.76,Annual,Success
S005096,U003394,2024-11-28,989.55,Annual,Success
S005097,U003394,2025-11-30,993.8,Annual,Success
S005098,U003395,2025-11-14,11.99,Monthly,Success
S005099,U003397,2025-10-05,12.57,Monthly,Success
S005100,U003399,2024-09-24,97.46,Monthly,Success
S005101,U003399,2024-10-25,98.47,Monthly,Success
S005102,U003399,2024-11-24,100.42,Monthly,Success
S005103,U003399,2024-12-24,99.1,Monthly,Success
S005104,U003399,2025-01-22,95.32,Monthly,Success
S005105,U003399,2025-02-22,99.94,Monthly,Success
S005106,U003399,2025-03-22,99.58,Monthly,Success
S005107,U003399,2025-04-22,101.95,Monthly,Success
S005108,U003399,2025-05-21,95.62,Monthly,Success
S005109,U003399,2025-06-20,96.4,Monthly,Success
S005110,U003399,2025-07-22,102.88,Monthly,Success
S005111,U003399,2025-08-21,102.0,Monthly,Success
S005112,U003399,2025-09-20,96.41,Monthly,Success
S005113,U003399,2025-10-20,96.4,Monthly,Success
S005114,U003400,2025-05-15,943.92,Annual,Success
S005115,U003401,2024-03-28,12.59,Monthly,Success
S005116,U003401,2024-04-27,12.34,Monthly,Success
S005117,U003401,2024-05-27,12.27,Monthly,Success
S005118,U003401,2024-06-28,11.8,Monthly,Success
S005119,U003401,2024-07-28,11.9,Monthly,Refunded
S005120,U003401,2024-08-26,11.59,Monthly,Success
S005121,U003401,2024-09-24,11.82,Monthly,Success
S005122,U003402,2024-04-29,34.58,Monthly,Success
S005123,U003402,2024-05-31,35.48,Monthly,Success
S005124,U003402,2024-06-30,33.49,Monthly,Success
S005125,U003402,2024-07-30,34.58,Monthly,Success
S005126,U003402,2024-08-29,34.01,Monthly,Success
S005127,U003402,2024-09-26,36.37,Monthly,Success
S005128,U003402,2024-10-28,36.63,Monthly,Success
S005129,U003402,2024-11-25,33.79,Monthly,Success
S005130,U003402,2024-12-26,33.63,Monthly,Success
S005131,U003402,2025-01-25,34.21,Monthly,Success
S005132,U003402,2025-02-24,33.52,Monthly,Success
S005133,U003402,2025-03-25,36.62,Monthly,Success
S005134,U003402,2025-04-25,36.41,Monthly,Success
S005135,U003404,2024-11-25,11.95,Monthly,Success
S005136,U003404,2024-12-27,11.42,Monthly,Success
S005137,U003404,2025-01-25,12.38,Monthly,Success
S005138,U003404,2025-02-25,11.78,Monthly,Success
S005139,U003404,2025-03-26,11.96,Monthly,Success
S005140,U003404,2025-04-26,12.43,Monthly,Success
S005141,U003404,2025-05-25,12.05,Monthly,Success
S005142,U003404,2025-06-25,11.66,Monthly,Failed
S005143,U003404,2025-07-25,11.47,Monthly,Success
S005144,U003405,2025-08-23,336.84,Annual,Success
S005145,U003406,2025-09-28,116.4,Annual,Success
S005146,U003408,2025-12-30,33.5,Monthly,Success
S005147,U003410,2024-02-26,12.34,Monthly,Success
S005148,U003410,2024-03-27,12.32,Monthly,Success
S005149,U003410,2024-04-24,12.58,Monthly,Success
S005150,U003410,2024-05-25,12.58,Monthly,Success
S005151,U003410,2024-06-24,12.17,Monthly,Success
S005152,U003410,2024-07-24,12.14,Monthly,Success
S005153,U003410,2024-08-23,12.37,Monthly,Success
S005154,U003410,2024-09-23,11.51,Monthly,Success
S005155,U003410,2024-10-21,11.51,Monthly,Success
S005156,U003410,2024-11-20,11.68,Monthly,Success
S005157,U003410,2024-12-22,11.93,Monthly,Success
S005158,U003413,2024-02-01,12.18,Monthly,Success
S005159,U003413,2024-03-03,11.64,Monthly,Success
S005160,U003413,2024-04-02,12.17,Monthly,Success
S005161,U003414,2024-12-22,12.14,Monthly,Success
S005162,U003414,2025-01-19,11.55,Monthly,Success
S005163,U003414,2025-02-19,11.69,Monthly,Success
S005164,U003414,2025-03-20,11.78,Monthly,Success
S005165,U003414,2025-04-21,12.41,Monthly,Success
S005166,U003414,2025-05-19,12.03,Monthly,Success
S005167,U003414,2025-06-20,11.97,Monthly,Success
S005168,U003414,2025-07-18,12.39,Monthly,Success
S005169,U003414,2025-08-19,12.59,Monthly,Success
S005170,U003415,2025-09-13,11.69,Monthly,Success
S005171,U003418,2025-07-03,100.9,Monthly,Success
S005172,U003418,2025-08-01,103.36,Monthly,Success
S005173,U003418,2025-08-30,99.6,Monthly,Success
S005174,U003418,2025-10-01,100.56,Monthly,Success
S005175,U003418,2025-10-30,94.95,Monthly,Success
S005176,U003420,2024-01-27,1020.53,Annual,Success
S005177,U003420,2025-01-21,993.69,Annual,Success
S005178,U003421,2025-09-02,360.83,Annual,Success
S005179,U003422,2025-06-13,102.8,Monthly,Success
S005180,U003423,2025-08-31,33.95,Monthly,Success
S005181,U003425,2025-10-11,99.48,Monthly,Success
S005182,U003430,2025-05-22,12.28,Monthly,Success
S005183,U003430,2025-06-20,12.19,Monthly,Success
S005184,U003430,2025-07-21,11.61,Monthly,Success
S005185,U003430,2025-08-21,11.59,Monthly,Success
S005186,U003430,2025-09-19,11.62,Monthly,Success
S005187,U003430,2025-10-18,12.42,Monthly,Success
S005188,U003433,2025-09-02,125.75,Annual,Success
S005189,U003440,2025-11-28,12.39,Monthly,Success
S005190,U003441,2024-12-09,11.44,Monthly,Success
S005191,U003441,2025-01-07,12.6,Monthly,Success
S005192,U003441,2025-02-05,11.69,Monthly,Success
S005193,U003441,2025-03-07,11.5,Monthly,Success
S005194,U003441,2025-04-07,11.8,Monthly,Success
S005195,U003441,2025-05-07,11.64,Monthly,Success
S005196,U003445,2025-12-24,960.53,Annual,Success
S005197,U003447,2025-09-25,33.98,Monthly,Success
S005198,U003447,2025-10-23,33.8,Monthly,Success
S005199,U003447,2025-11-22,36.19,Monthly,Success
S005200,U003448,2025-08-05,346.31,Annual,Success
S005201,U003450,2024-03-14,1010.97,Annual,Success
S005202,U003451,2025-02-26,12.09,Monthly,Success
S005203,U003451,2025-03-29,11.69,Monthly,Success
S005204,U003451,2025-04-27,12.4,Monthly,Success
S005205,U003452,2025-07-16,117.56,Annual,Success
S005206,U003457,2025-03-29,33.41,Monthly,Success
S005207,U003457,2025-04-29,36.3,Monthly,Success
S005208,U003457,2025-05-29,34.15,Monthly,Success
S005209,U003457,2025-06-28,33.79,Monthly,Success
S005210,U003458,2025-07-24,34.11,Monthly,Success
S005211,U003458,2025-08-23,36.73,Monthly,Success
S005212,U003458,2025-09-22,34.09,Monthly,Success
S005213,U003460,2025-06-27,355.27,Annual,Success
S005214,U003461,2024-10-15,12.45,Monthly,Success
S005215,U003461,2024-11-14,12.54,Monthly,Success
S005216,U003461,2024-12-14,12.12,Monthly,Success
S005217,U003461,2025-01-14,12.0,Monthly,Success
S005218,U003461,2025-02-13,12.21,Monthly,Success
S005219,U003461,2025-03-14,11.84,Monthly,Success
S005220,U003465,2024-07-23,12.06,Monthly,Success
S005221,U003466,2025-08-01,337.77,Annual,Success
S005222,U003469,2025-10-10,11.52,Monthly,Success
S005223,U003470,2024-07-16,12.14,Monthly,Success
S005224,U003470,2024-08-15,12.13,Monthly,Success
S005225,U003470,2024-09-13,12.14,Monthly,Success
S005226,U003473,2025-06-06,94.82,Monthly,Success
S005227,U003473,2025-07-04,99.42,Monthly,Success
S005228,U003473,2025-08-03,100.48,Monthly,Success
S005229,U003473,2025-09-02,101.48,Monthly,Success
S005230,U003476,2025-09-24,351.1,Annual,Success
S005231,U003478,2025-04-20,34.23,Monthly,Success
S005232,U003478,2025-05-21,36.48,Monthly,Success
S005233,U003478,2025-06-21,35.35,Monthly,Success
S005234,U003478,2025-07-19,35.98,Monthly,Success
S005235,U003478,2025-08-18,36.35,Monthly,Success
S005236,U003478,2025-09-18,34.44,Monthly,Success
S005237,U003478,2025-10-18,33.49,Monthly,Success
S005238,U003484,2025-11-23,344.12,Annual,Success
S005239,U003486,2025-05-25,34.71,Monthly,Success
S005240,U003486,2025-06-26,36.38,Monthly,Success
S005241,U003486,2025-07-24,34.63,Monthly,Success
S005242,U003486,2025-08-23,34.95,Monthly,Refunded
S005243,U003487,2024-12-16,11.75,Monthly,Success
S005244,U003487,2025-01-16,12.23,Monthly,Success
S005245,U003487,2025-02-15,11.7,Monthly,Success
S005246,U003487,2025-03-16,12.2,Monthly,Success
S005247,U003487,2025-04-16,11.54,Monthly,Success
S005248,U003487,2025-05-17,12.42,Monthly,Success
S005249,U003487,2025-06-14,11.43,Monthly,Success
S005250,U003487,2025-07-15,12.57,Monthly,Success
S005251,U003487,2025-08-15,12.47,Monthly,Success
S005252,U003489,2024-02-18,114.14,Annual,Success
S005253,U003489,2025-02-16,124.5,Annual,Success
S005254,U003490,2025-02-06,11.88,Monthly,Success
S005255,U003490,2025-03-07,11.42,Monthly,Success
S005256,U003490,2025-04-05,11.8,Monthly,Success
S005257,U003490,2025-05-05,11.6,Monthly,Success
S005258,U003490,2025-06-05,12.05,Monthly,Success
S005259,U003490,2025-07-04,12.19,Monthly,Success
S005260,U003490,2025-08-04,12.18,Monthly,Success
S005261,U003490,2025-09-04,11.61,Monthly,Success
S005262,U003493,2025-11-07,1031.01,Annual,Success
S005263,U003494,2025-11-03,11.86,Monthly,Success
S005264,U003497,2025-10-25,12.56,Monthly,Success
S005265,U003499,2024-08-08,36.61,Monthly,Success
S005266,U003499,2024-09-09,33.71,Monthly,Success
S005267,U003499,2024-10-07,36.25,Monthly,Success
S005268,U003499,2024-11-07,35.46,Monthly,Success
S005269,U003499,2024-12-07,33.96,Monthly,Success
S005270,U003499,2025-01-05,34.56,Monthly,Success
S005271,U003499,2025-02-06,34.88,Monthly,Success
S005272,U003499,2025-03-06,35.08,Monthly,Success
S005273,U003499,2025-04-07,34.49,Monthly,Success
S005274,U003499,2025-05-07,35.94,Monthly,Success
S005275,U003499,2025-06-06,36.34,Monthly,Success
S005276,U003500,2025-08-23,351.16,Annual,Success
S005277,U003501,2024-10-24,12.45,Monthly,Success
S005278,U003501,2024-11-23,11.83,Monthly,Success
S005279,U003501,2024-12-24,12.46,Monthly,Success
S005280,U003501,2025-01-24,11.53,Monthly,Success
S005281,U003501,2025-02-23,12.33,Monthly,Success
S005282,U003505,2025-11-10,11.53,Monthly,Success
S005283,U003510,2024-03-25,359.03,Annual,Success
S005284,U003513,2025-12-19,36.05,Monthly,Success
S005285,U003514,2025-10-01,35.73,Monthly,Success
S005286,U003517,2024-04-22,970.29,Annual,Success
S005287,U003517,2025-04-20,1021.27,Annual,Success
S005288,U003518,2025-01-09,11.51,Monthly,Success
S005289,U003518,2025-02-07,12.11,Monthly,Success
S005290,U003518,2025-03-10,12.5,Monthly,Success
S005291,U003518,2025-04-10,11.76,Monthly,Success
S005292,U003518,2025-05-09,12.1,Monthly,Success
S005293,U003520,2024-08-26,346.5,Annual,Success
S005294,U003521,2024-09-07,11.78,Monthly,Success
S005295,U003521,2024-10-07,12.47,Monthly,Success
S005296,U003521,2024-11-06,12.5,Monthly,Success
S005297,U003525,2024-07-12,98.81,Monthly,Success
S005298,U003525,2024-08-13,99.3,Monthly,Success
S005299,U003528,2025-08-31,1010.48,Annual,Success
S005300,U003530,2025-02-17,36.44,Monthly,Success
S005301,U003530,2025-03-19,34.62,Monthly,Success
S005302,U003530,2025-04-16,35.23,Monthly,Success
S005303,U003530,2025-05-18,34.33,Monthly,Success
S005304,U003530,2025-06-16,34.81,Monthly,Success
S005305,U003530,2025-07-16,35.44,Monthly,Success
S005306,U003530,2025-08-14,35.98,Monthly,Success
S005307,U003530,2025-09-15,35.13,Monthly,Success
S005308,U003535,2024-09-09,12.35,Monthly,Success
S005309,U003535,2024-10-09,11.92,Monthly,Success
S005310,U003535,2024-11-10,11.57,Monthly,Success
S005311,U003536,2024-06-05,12.49,Monthly,Success
S005312,U003536,2024-07-07,12.55,Monthly,Success
S005313,U003536,2024-08-06,12.03,Monthly,Success
S005314,U003536,2024-09-04,12.16,Monthly,Success
S005315,U003536,2024-10-05,12.09,Monthly,Success
S005316,U003536,2024-11-03,12.35,Monthly,Success
S005317,U003536,2024-12-03,12.39,Monthly,Success
S005318,U003536,2025-01-01,12.28,Monthly,Success
S005319,U003537,2024-10-02,12.48,Monthly,Success
S005320,U003537,2024-10-30,11.8,Monthly,Success
S005321,U003537,2024-11-29,12.36,Monthly,Success
S005322,U003537,2024-12-29,12.44,Monthly,Success
S005323,U003538,2024-12-20,361.49,Annual,Success
S005324,U003540,2024-03-25,12.19,Monthly,Success
S005325,U003541,2024-08-24,357.58,Annual,Success
S005326,U003542,2025-09-28,124.68,Annual,Success
S005327,U003543,2024-06-23,12.27,Monthly,Success
S005328,U003543,2024-07-24,11.74,Monthly,Success
S005329,U003543,2024-08-21,12.55,Monthly,Success
S005330,U003544,2024-12-09,11.68,Monthly,Success
S005331,U003544,2025-01-06,12.07,Monthly,Success
S005332,U003544,2025-02-05,12.6,Monthly,Success
S005333,U003544,2025-03-08,12.43,Monthly,Success
S005334,U003544,2025-04-07,12.29,Monthly,Success
S005335,U003544,2025-05-08,12.31,Monthly,Success
S005336,U003544,2025-06-07,11.5,Monthly,Success
S005337,U003548,2025-03-17,95.01,Monthly,Success
S005338,U003548,2025-04-17,94.21,Monthly,Success
S005339,U003548,2025-05-16,96.87,Monthly,Success
S005340,U003548,2025-06-15,101.7,Monthly,Success
S005341,U003548,2025-07-15,101.6,Monthly,Success
S005342,U003548,2025-08-14,102.13,Monthly,Success
S005343,U003548,2025-09-13,96.47,Monthly,Success
S005344,U003549,2024-11-11,357.85,Annual,Success
S005345,U003549,2025-11-11,362.4,Annual,Success
S005346,U003550,2025-05-09,11.6,Monthly,Success
S005347,U003550,2025-06-08,12.09,Monthly,Success
S005348,U003550,2025-07-07,11.87,Monthly,Success
S005349,U003553,2025-05-18,35.93,Monthly,Success
S005350,U003554,2025-04-05,347.49,Annual,Success
S005351,U003556,2025-06-14,341.97,Annual,Success
S005352,U003557,2024-10-20,114.75,Annual,Success
S005353,U003559,2024-04-17,11.94,Monthly,Success
S005354,U003559,2024-05-16,12.42,Monthly,Success
S005355,U003560,2025-03-03,11.61,Monthly,Success
S005356,U003560,2025-04-02,11.45,Monthly,Success
S005357,U003560,2025-05-02,12.59,Monthly,Success
S005358,U003560,2025-05-31,12.13,Monthly,Success
S005359,U003560,2025-06-29,12.34,Monthly,Success
S005360,U003560,2025-07-31,12.31,Monthly,Success
S005361,U003561,2024-11-14,342.46,Annual,Success
S005362,U003561,2025-11-10,336.3,Annual,Success
S005363,U003566,2025-08-11,12.52,Monthly,Refunded
S005364,U003566,2025-09-11,12.25,Monthly,Success
S005365,U003570,2025-10-26,122.65,Annual,Success
S005366,U003571,2024-11-17,36.5,Monthly,Success
S005367,U003571,2024-12-16,36.5,Monthly,Success
S005368,U003571,2025-01-14,36.52,Monthly,Success
S005369,U003571,2025-02-13,33.6,Monthly,Success
S005370,U003571,2025-03-16,34.72,Monthly,Success
S005371,U003571,2025-04-14,36.22,Monthly,Success
S005372,U003571,2025-05-14,35.79,Monthly,Success
S005373,U003571,2025-06-15,33.97,Monthly,Success
S005374,U003571,2025-07-14,34.65,Monthly,Success
S005375,U003571,2025-08-14,33.85,Monthly,Success
S005376,U003572,2025-04-21,11.88,Monthly,Success
S005377,U003572,2025-05-23,12.16,Monthly,Success
S005378,U003579,2025-08-19,11.44,Monthly,Success
S005379,U003579,2025-09-18,12.4,Monthly,Failed
S005380,U003579,2025-10-20,12.54,Monthly,Success
S005381,U003580,2025-03-25,102.07,Monthly,Success
S005382,U003580,2025-04-22,96.74,Monthly,Success
S005383,U003580,2025-05-24,95.29,Monthly,Success
S005384,U003580,2025-06-23,99.05,Monthly,Success
S005385,U003580,2025-07-21,94.35,Monthly,Success
S005386,U003582,2025-10-16,361.75,Annual,Success
S005387,U003584,2025-10-24,11.64,Monthly,Success
S005388,U003585,2025-01-24,12.6,Monthly,Success
S005389,U003585,2025-02-24,12.12,Monthly,Success
S005390,U003585,2025-03-26,11.9,Monthly,Success
S005391,U003585,2025-04-24,12.01,Monthly,Success
S005392,U003585,2025-05-23,12.05,Monthly,Success
S005393,U003585,2025-06-23,12.33,Monthly,Success
S005394,U003586,2024-12-01,1006.62,Annual,Success
S005395,U003590,2024-08-08,12.07,Monthly,Success
S005396,U003590,2024-09-07,12.0,Monthly,Success
S005397,U003590,2024-10-09,11.53,Monthly,Success
S005398,U003590,2024-11-06,12.56,Monthly,Success
S005399,U003590,2024-12-08,12.47,Monthly,Success
S005400,U003590,2025-01-05,11.83,Monthly,Failed
S005401,U003590,2025-02-06,11.79,Monthly,Success
S005402,U003590,2025-03-07,12.03,Monthly,Success
S005403,U003590,2025-04-06,12.45,Monthly,Success
S005404,U003590,2025-05-06,12.33,Monthly,Success
S005405,U003591,2025-12-09,338.86,Annual,Success
S005406,U003593,2025-05-12,125.06,Annual,Success
S005407,U003594,2025-05-23,121.42,Annual,Success
S005408,U003595,2025-03-23,36.05,Monthly,Success
S005409,U003595,2025-04-22,35.79,Monthly,Success
S005410,U003595,2025-05-22,36.71,Monthly,Success
S005411,U003595,2025-06-20,35.3,Monthly,Success
S005412,U003595,2025-07-20,34.44,Monthly,Success
S005413,U003598,2025-05-01,117.23,Annual,Success
S005414,U003602,2025-05-13,35.88,Monthly,Success
S005415,U003602,2025-06-11,33.84,Monthly,Success
S005416,U003602,2025-07-11,33.6,Monthly,Success
S005417,U003602,2025-08-11,35.41,Monthly,Success
S005418,U003602,2025-09-09,33.75,Monthly,Success
S005419,U003603,2024-07-31,34.73,Monthly,Success
S005420,U003603,2024-08-28,35.6,Monthly,Success
S005421,U003603,2024-09-27,35.72,Monthly,Success
S005422,U003603,2024-10-29,33.7,Monthly,Success
S005423,U003603,2024-11-27,35.63,Monthly,Failed
S005424,U003603,2024-12-26,36.35,Monthly,Success
S005425,U003603,2025-01-27,36.45,Monthly,Success
S005426,U003603,2025-02-26,36.11,Monthly,Success
S005427,U003603,2025-03-27,35.82,Monthly,Success
S005428,U003603,2025-04-27,36.1,Monthly,Success
S005429,U003603,2025-05-25,36.16,Monthly,Success
S005430,U003603,2025-06-26,33.44,Monthly,Success
S005431,U003605,2024-08-30,12.33,Monthly,Refunded
S005432,U003605,2024-09-28,11.45,Monthly,Success
S005433,U003606,2024-07-29,11.52,Monthly,Success
S005434,U003606,2024-08-28,12.56,Monthly,Success
S005435,U003607,2025-10-06,33.97,Monthly,Success
S005436,U003609,2025-11-27,12.51,Monthly,Success
S005437,U003610,2025-12-19,34.71,Monthly,Success
S005438,U003613,2025-01-02,12.4,Monthly,Success
S005439,U003613,2025-01-30,12.52,Monthly,Success
S005440,U003613,2025-03-03,11.52,Monthly,Success
S005441,U003613,2025-03-31,11.73,Monthly,Success
S005442,U003619,2025-09-18,12.51,Monthly,Success
S005443,U003620,2024-07-19,34.79,Monthly,Success
S005444,U003620,2024-08-18,35.63,Monthly,Success
S005445,U003620,2024-09-18,34.56,Monthly,Success
S005446,U003620,2024-10-19,33.38,Monthly,Success
S005447,U003620,2024-11-17,34.38,Monthly,Success
S005448,U003621,2025-07-13,12.5,Monthly,Success
S005449,U003621,2025-08-10,11.56,Monthly,Success
S005450,U003621,2025-09-09,11.78,Monthly,Success
S005451,U003621,2025-10-11,11.65,Monthly,Success
S005452,U003621,2025-11-10,12.48,Monthly,Success
S005453,U003622,2024-09-02,115.37,Annual,Success
S005454,U003623,2024-08-30,120.81,Annual,Success
S005455,U003627,2024-01-03,12.2,Monthly,Success
S005456,U003627,2024-01-31,11.55,Monthly,Success
S005457,U003627,2024-03-01,11.77,Monthly,Success
S005458,U003627,2024-04-01,12.18,Monthly,Success
S005459,U003628,2025-10-30,12.18,Monthly,Success
S005460,U003629,2025-09-16,342.25,Annual,Success
S005461,U003630,2025-06-17,120.92,Annual,Success
S005462,U003632,2024-06-27,11.94,Monthly,Success
S005463,U003632,2024-07-29,11.63,Monthly,Success
S005464,U003632,2024-08-28,11.79,Monthly,Success
S005465,U003632,2024-09-25,12.57,Monthly,Success
S005466,U003632,2024-10-27,11.54,Monthly,Success
S005467,U003635,2024-05-01,119.33,Annual,Success
S005468,U003636,2025-03-18,1003.6,Annual,Failed
S005469,U003637,2025-11-23,36.28,Monthly,Success
S005470,U003638,2024-02-26,1007.22,Annual,Success
S005471,U003644,2025-03-06,12.0,Monthly,Success
S005472,U003644,2025-04-04,11.65,Monthly,Success
S005473,U003644,2025-05-06,12.01,Monthly,Success
S005474,U003644,2025-06-03,11.82,Monthly,Success
S005475,U003644,2025-07-04,11.94,Monthly,Success
S005476,U003646,2024-07-02,33.32,Monthly,Success
S005477,U003646,2024-07-30,33.57,Monthly,Success
S005478,U003646,2024-08-31,36.31,Monthly,Success
S005479,U003646,2024-09-28,35.73,Monthly,Success
S005480,U003646,2024-10-30,34.7,Monthly,Success
S005481,U003646,2024-11-28,35.12,Monthly,Success
S005482,U003646,2024-12-27,35.25,Monthly,Success
S005483,U003646,2025-01-28,33.54,Monthly,Success
S005484,U003646,2025-02-25,35.3,Monthly,Success
S005485,U003646,2025-03-27,36.5,Monthly,Success
S005486,U003646,2025-04-27,34.86,Monthly,Success
S005487,U003647,2025-03-21,33.81,Monthly,Success
S005488,U003647,2025-04-18,35.04,Monthly,Success
S005489,U003649,2025-05-27,34.09,Monthly,Success
S005490,U003649,2025-06-28,33.46,Monthly,Success
S005491,U003649,2025-07-26,35.07,Monthly,Success
S005492,U003649,2025-08-25,33.47,Monthly,Success
S005493,U003651,2025-09-04,122.92,Annual,Success
S005494,U003652,2025-01-21,335.18,Annual,Success
S005495,U003654,2024-07-16,11.46,Monthly,Success
S005496,U003654,2024-08-14,12.04,Monthly,Success
S005497,U003654,2024-09-14,12.46,Monthly,Success
S005498,U003654,2024-10-14,12.53,Monthly,Success
S005499,U003654,2024-11-12,12.06,Monthly,Success
S005500,U003654,2024-12-14,12.02,Monthly,Success
S005501,U003654,2025-01-11,11.75,Monthly,Success
S005502,U003654,2025-02-11,12.44,Monthly,Success
S005503,U003655,2024-02-16,343.89,Annual,Success
S005504,U003656,2024-08-18,34.16,Monthly,Success
S005505,U003656,2024-09-15,36.02,Monthly,Success
S005506,U003656,2024-10-17,34.37,Monthly,Success
S005507,U003656,2024-11-15,34.25,Monthly,Success
S005508,U003656,2024-12-15,33.7,Monthly,Success
S005509,U003656,2025-01-13,35.27,Monthly,Failed
S005510,U003656,2025-02-12,35.03,Monthly,Success
S005511,U003656,2025-03-16,35.57,Monthly,Success
S005512,U003656,2025-04-14,33.86,Monthly,Success
S005513,U003657,2024-12-05,102.86,Monthly,Success
S005514,U003657,2025-01-04,99.73,Monthly,Success
S005515,U003657,2025-02-03,101.22,Monthly,Success
S005516,U003657,2025-03-07,95.6,Monthly,Failed
S005517,U003663,2024-03-08,35.56,Monthly,Success
S005518,U003663,2024-04-07,34.02,Monthly,Success
S005519,U003663,2024-05-08,33.69,Monthly,Success
S005520,U003663,2024-06-07,34.91,Monthly,Success
S005521,U003665,2025-05-05,985.48,Annual,Success
S005522,U003666,2025-02-15,360.11,Annual,Success
S005523,U003669,2024-02-04,11.51,Monthly,Success
S005524,U003669,2024-03-05,11.79,Monthly,Success
S005525,U003669,2024-04-05,12.37,Monthly,Success
S005526,U003669,2024-05-06,12.29,Monthly,Success
S005527,U003671,2024-09-15,12.48,Monthly,Success
S005528,U003671,2024-10-15,11.92,Monthly,Success
S005529,U003671,2024-11-15,12.11,Monthly,Success
S005530,U003673,2025-08-16,360.28,Annual,Success
S005531,U003674,2024-05-17,12.58,Monthly,Success
S005532,U003674,2024-06-16,11.9,Monthly,Success
S005533,U003674,2024-07-18,12.12,Monthly,Success
S005534,U003674,2024-08-17,12.14,Monthly,Success
S005535,U003674,2024-09-15,11.75,Monthly,Success
S005536,U003674,2024-10-15,11.75,Monthly,Success
S005537,U003674,2024-11-14,12.58,Monthly,Success
S005538,U003675,2025-06-03,34.75,Monthly,Success
S005539,U003675,2025-07-04,33.54,Monthly,Success
S005540,U003675,2025-08-03,34.28,Monthly,Success
S005541,U003675,2025-09-01,34.83,Monthly,Success
S005542,U003675,2025-10-03,34.16,Monthly,Success
S005543,U003675,2025-11-02,34.79,Monthly,Success
S005544,U003675,2025-11-30,36.47,Monthly,Success
S005545,U003676,2024-10-21,35.33,Monthly,Success
S005546,U003676,2024-11-20,33.57,Monthly,Success
S005547,U003679,2025-09-23,33.34,Monthly,Success
S005548,U003680,2025-01-15,97.57,Monthly,Success
S005549,U003680,2025-02-13,94.59,Monthly,Success
S005550,U003680,2025-03-15,96.14,Monthly,Success
S005551,U003686,2025-05-08,11.84,Monthly,Success
S005552,U003686,2025-06-07,11.83,Monthly,Success
S005553,U003686,2025-07-07,11.72,Monthly,Success
S005554,U003687,2025-11-27,36.36,Monthly,Success
S005555,U003690,2024-01-30,114.53,Annual,Success
S005556,U003691,2025-10-05,35.3,Monthly,Success
S005557,U003691,2025-11-04,33.72,Monthly,Success
S005558,U003693,2025-09-13,349.21,Annual,Success
S005559,U003697,2025-12-16,347.2,Annual,Success
S005560,U003698,2025-07-09,11.72,Monthly,Success
S005561,U003698,2025-08-08,12.47,Monthly,Success
S005562,U003699,2025-12-01,120.38,Annual,Success
S005563,U003700,2024-10-08,12.14,Monthly,Success
S005564,U003700,2024-11-07,12.15,Monthly,Success
S005565,U003701,2025-06-05,12.45,Monthly,Success
S005566,U003701,2025-07-06,12.24,Monthly,Success
S005567,U003703,2024-11-21,339.79,Annual,Success
S005568,U003704,2025-10-16,12.24,Monthly,Success
S005569,U003704,2025-11-17,12.03,Monthly,Success
S005570,U003706,2025-11-06,120.79,Annual,Success
S005571,U003707,2025-08-18,12.08,Monthly,Success
S005572,U003707,2025-09-17,11.82,Monthly,Success
S005573,U003711,2024-01-17,12.33,Monthly,Success
S005574,U003711,2024-02-15,12.54,Monthly,Success
S005575,U003711,2024-03-15,11.55,Monthly,Success
S005576,U003711,2024-04-16,11.59,Monthly,Success
S005577,U003711,2024-05-16,12.38,Monthly,Success
S005578,U003711,2024-06-13,12.05,Monthly,Success
S005579,U003711,2024-07-14,11.77,Monthly,Success
S005580,U003711,2024-08-13,12.56,Monthly,Failed
S005581,U003711,2024-09-12,11.78,Monthly,Success
S005582,U003711,2024-10-13,11.74,Monthly,Success
S005583,U003711,2024-11-10,12.4,Monthly,Success
S005584,U003711,2024-12-11,12.31,Monthly,Success
S005585,U003716,2024-11-14,981.2,Annual,Success
S005586,U003720,2024-10-04,33.49,Monthly,Success
S005587,U003720,2024-11-03,35.85,Monthly,Success
S005588,U003720,2024-12-04,34.97,Monthly,Success
S005589,U003720,2025-01-02,33.6,Monthly,Success
S005590,U003720,2025-02-01,35.46,Monthly,Success
S005591,U003720,2025-03-04,36.01,Monthly,Success
S005592,U003720,2025-04-01,36.4,Monthly,Success
S005593,U003724,2024-08-02,1027.76,Annual,Success
S005594,U003724,2025-07-31,980.49,Annual,Success
S005595,U003730,2025-05-26,11.76,Monthly,Success
S005596,U003730,2025-06-27,11.69,Monthly,Success
S005597,U003730,2025-07-25,11.66,Monthly,Success
S005598,U003732,2025-12-19,367.04,Annual,Success
S005599,U003737,2025-07-05,34.57,Monthly,Success
S005600,U003737,2025-08-05,36.31,Monthly,Failed
S005601,U003737,2025-09-05,36.13,Monthly,Success
S005602,U003737,2025-10-05,33.71,Monthly,Success
S005603,U003737,2025-11-04,36.34,Monthly,Success
S005604,U003740,2025-05-17,965.02,Annual,Success
S005605,U003742,2025-10-02,35.0,Monthly,Success
S005606,U003745,2024-01-11,11.49,Monthly,Success
S005607,U003746,2024-08-25,11.47,Monthly,Success
S005608,U003746,2024-09-23,11.69,Monthly,Success
S005609,U003746,2024-10-24,11.44,Monthly,Success
S005610,U003748,2025-01-30,347.72,Annual,Success
S005611,U003749,2025-01-23,955.18,Annual,Success
S005612,U003751,2025-11-10,348.67,Annual,Success
S005613,U003752,2025-11-18,11.87,Monthly,Success
S005614,U003753,2024-11-21,339.38,Annual,Success
S005615,U003755,2024-10-13,34.65,Monthly,Success
S005616,U003755,2024-11-13,35.6,Monthly,Success
S005617,U003755,2024-12-12,35.54,Monthly,Success
S005618,U003757,2024-07-29,947.93,Annual,Success
S005619,U003758,2024-12-09,12.07,Monthly,Success
S005620,U003758,2025-01-07,11.65,Monthly,Success
S005621,U003758,2025-02-07,11.95,Monthly,Success
S005622,U003758,2025-03-09,12.23,Monthly,Success
S005623,U003761,2024-05-27,12.17,Monthly,Success
S005624,U003761,2024-06-27,12.08,Monthly,Success
S005625,U003761,2024-07-26,11.4,Monthly,Success
S005626,U003763,2025-04-18,12.52,Monthly,Success
S005627,U003763,2025-05-18,11.88,Monthly,Success
S005628,U003763,2025-06-17,12.45,Monthly,Success
S005629,U003763,2025-07-16,11.45,Monthly,Success
S005630,U003763,2025-08-17,11.66,Monthly,Success
S005631,U003763,2025-09-14,11.78,Monthly,Success
S005632,U003763,2025-10-14,11.74,Monthly,Success
S005633,U003765,2025-03-28,356.01,Annual,Success
S005634,U003768,2025-02-12,989.64,Annual,Success
S005635,U003769,2024-07-11,11.91,Monthly,Success
S005636,U003769,2024-08-10,12.54,Monthly,Failed
S005637,U003769,2024-09-08,11.8,Monthly,Success
S005638,U003769,2024-10-07,11.63,Monthly,Success
S005639,U003772,2025-11-15,11.43,Monthly,Success
S005640,U003774,2025-08-17,11.74,Monthly,Success
S005641,U003774,2025-09-16,11.77,Monthly,Success
S005642,U003775,2025-07-03,12.16,Monthly,Success
S005643,U003775,2025-08-02,12.28,Monthly,Success
S005644,U003775,2025-09-01,12.22,Monthly,Success
S005645,U003775,2025-10-02,11.77,Monthly,Success
S005646,U003775,2025-11-02,12.05,Monthly,Success
S005647,U003777,2025-10-02,33.75,Monthly,Success
S005648,U003778,2025-05-11,12.51,Monthly,Success
S005649,U003779,2025-07-03,11.83,Monthly,Success
S005650,U003779,2025-08-01,11.62,Monthly,Success
S005651,U003779,2025-08-31,12.44,Monthly,Success
S005652,U003779,2025-10-02,11.6,Monthly,Success
S005653,U003781,2025-01-23,122.13,Annual,Success
S005654,U003784,2025-10-06,96.85,Monthly,Success
S005655,U003786,2024-05-10,12.21,Monthly,Success
S005656,U003786,2024-06-09,12.15,Monthly,Success
S005657,U003788,2025-03-06,123.96,Annual,Success
S005658,U003789,2024-05-24,357.6,Annual,Success
S005659,U003791,2024-08-31,356.44,Annual,Success
S005660,U003791,2025-08-29,364.75,Annual,Success
S005661,U003794,2025-08-19,114.92,Annual,Success
S005662,U003797,2025-04-18,11.98,Monthly,Success
S005663,U003797,2025-05-18,12.35,Monthly,Success
S005664,U003797,2025-06-16,12.47,Monthly,Success
S005665,U003797,2025-07-17,12.35,Monthly,Success
S005666,U003797,2025-08-16,12.54,Monthly,Success
S005667,U003797,2025-09-15,11.67,Monthly,Success
S005668,U003797,2025-10-16,12.21,Monthly,Success
S005669,U003797,2025-11-13,11.47,Monthly,Success
S005670,U003800,2025-05-10,33.63,Monthly,Success
S005671,U003800,2025-06-11,33.59,Monthly,Success
S005672,U003800,2025-07-10,36.7,Monthly,Success
S005673,U003800,2025-08-10,35.67,Monthly,Failed
S005674,U003800,2025-09-07,35.42,Monthly,Success
S005675,U003800,2025-10-08,33.66,Monthly,Success
S005676,U003800,2025-11-08,33.87,Monthly,Success
S005677,U003802,2025-12-03,11.73,Monthly,Success
S005678,U003804,2025-12-23,33.39,Monthly,Success
S005679,U003807,2025-02-14,993.23,Annual,Success
S005680,U003809,2024-03-10,11.75,Monthly,Success
S005681,U003809,2024-04-08,12.1,Monthly,Success
S005682,U003809,2024-05-08,11.53,Monthly,Success
S005683,U003809,2024-06-06,11.43,Monthly,Success
S005684,U003809,2024-07-07,12.33,Monthly,Success
S005685,U003809,2024-08-07,12.49,Monthly,Success
S005686,U003809,2024-09-04,11.58,Monthly,Success
S005687,U003810,2024-03-11,124.44,Annual,Success
S005688,U003811,2025-07-22,347.35,Annual,Success
S005689,U003812,2025-02-28,982.96,Annual,Success
S005690,U003815,2024-09-27,34.39,Monthly,Success
S005691,U003815,2024-10-28,33.95,Monthly,Success
S005692,U003815,2024-11-26,35.78,Monthly,Success
S005693,U003816,2025-05-21,121.52,Annual,Success
S005694,U003817,2024-12-21,12.33,Monthly,Success
S005695,U003817,2025-01-18,12.38,Monthly,Success
S005696,U003817,2025-02-19,12.46,Monthly,Success
S005697,U003817,2025-03-19,11.87,Monthly,Success
S005698,U003817,2025-04-18,11.61,Monthly,Success
S005699,U003817,2025-05-20,12.2,Monthly,Failed
S005700,U003817,2025-06-17,11.84,Monthly,Success
S005701,U003819,2025-10-02,354.88,Annual,Refunded
S005702,U003820,2025-03-13,11.56,Monthly,Success
S005703,U003820,2025-04-13,12.18,Monthly,Success
S005704,U003820,2025-05-11,11.64,Monthly,Success
S005705,U003822,2024-12-23,11.9,Monthly,Success
S005706,U003822,2025-01-21,12.49,Monthly,Success
S005707,U003822,2025-02-22,11.71,Monthly,Success
S005708,U003822,2025-03-24,11.85,Monthly,Success
S005709,U003822,2025-04-22,11.68,Monthly,Success
S005710,U003822,2025-05-23,12.59,Monthly,Success
S005711,U003822,2025-06-21,12.5,Monthly,Success
S005712,U003822,2025-07-22,11.58,Monthly,Success
S005713,U003822,2025-08-20,11.5,Monthly,Success
S005714,U003822,2025-09-18,11.97,Monthly,Success
S005715,U003822,2025-10-20,11.57,Monthly,Success
S005716,U003823,2025-09-28,352.0,Annual,Success
S005717,U003825,2024-08-26,360.15,Annual,Success
S005718,U003826,2024-04-19,12.58,Monthly,Success
S005719,U003828,2025-03-18,11.49,Monthly,Success
S005720,U003828,2025-04-17,12.22,Monthly,Failed
S005721,U003828,2025-05-17,12.58,Monthly,Success
S005722,U003828,2025-06-15,12.2,Monthly,Success
S005723,U003828,2025-07-14,11.46,Monthly,Success
S005724,U003828,2025-08-15,11.56,Monthly,Success
S005725,U003828,2025-09-12,12.05,Monthly,Success
S005726,U003828,2025-10-12,12.01,Monthly,Success
S005727,U003831,2025-01-04,12.02,Monthly,Success
S005728,U003832,2025-09-27,12.57,Monthly,Success
S005729,U003832,2025-10-26,12.23,Monthly,Success
S005730,U003833,2025-10-04,34.39,Monthly,Success
S005731,U003833,2025-11-04,33.86,Monthly,Success
S005732,U003837,2025-11-29,11.79,Monthly,Success
S005733,U003839,2025-11-29,12.47,Monthly,Success
S005734,U003841,2025-04-20,364.13,Annual,Success
S005735,U003842,2024-02-18,124.77,Annual,Success
S005736,U003842,2025-02-16,114.1,Annual,Success
S005737,U003843,2025-03-11,102.53,Monthly,Success
S005738,U003843,2025-04-12,95.65,Monthly,Success
S005739,U003843,2025-05-12,96.18,Monthly,Success
S005740,U003843,2025-06-09,102.46,Monthly,Success
S005741,U003843,2025-07-10,100.04,Monthly,Success
S005742,U003843,2025-08-10,94.89,Monthly,Success
S005743,U003843,2025-09-07,94.41,Monthly,Success
S005744,U003843,2025-10-07,97.43,Monthly,Success
S005745,U003846,2025-07-04,11.47,Monthly,Success
S005746,U003846,2025-08-01,11.68,Monthly,Success
S005747,U003846,2025-09-01,12.06,Monthly,Success
S005748,U003846,2025-10-02,12.13,Monthly,Success
S005749,U003847,2025-12-20,345.36,Annual,Success
S005750,U003849,2025-08-06,98.2,Monthly,Success
S005751,U003852,2024-05-23,11.9,Monthly,Success
S005752,U003852,2024-06-22,11.42,Monthly,Success
S005753,U003852,2024-07-23,11.65,Monthly,Success
S005754,U003852,2024-08-21,12.31,Monthly,Success
S005755,U003853,2025-06-08,12.32,Monthly,Success
S005756,U003853,2025-07-06,12.07,Monthly,Success
S005757,U003853,2025-08-07,11.51,Monthly,Success
S005758,U003853,2025-09-06,12.56,Monthly,Success
S005759,U003853,2025-10-04,11.65,Monthly,Success
S005760,U003854,2025-12-02,12.02,Monthly,Success
S005761,U003857,2024-12-17,125.32,Annual,Success
S005762,U003859,2025-01-20,943.7,Annual,Success
S005763,U003860,2025-10-10,348.84,Annual,Success
S005764,U003861,2025-09-29,124.09,Annual,Success
S005765,U003863,2024-12-30,102.88,Monthly,Success
S005766,U003863,2025-01-31,95.02,Monthly,Success
S005767,U003863,2025-03-01,97.73,Monthly,Success
S005768,U003863,2025-04-01,101.42,Monthly,Success
S005769,U003863,2025-04-29,95.11,Monthly,Success
S005770,U003863,2025-05-29,100.21,Monthly,Success
S005771,U003863,2025-06-28,103.15,Monthly,Success
S005772,U003863,2025-07-29,102.16,Monthly,Success
S005773,U003863,2025-08-29,95.75,Monthly,Success
S005774,U003863,2025-09-27,97.26,Monthly,Failed
S005775,U003863,2025-10-28,99.74,Monthly,Success
S005776,U003863,2025-11-26,94.05,Monthly,Success
S005777,U003868,2025-07-13,355.79,Annual,Success
S005778,U003869,2025-07-04,12.57,Monthly,Success
S005779,U003869,2025-08-02,12.11,Monthly,Success
S005780,U003869,2025-09-03,11.66,Monthly,Success
S005781,U003869,2025-10-01,12.09,Monthly,Success
S005782,U003869,2025-11-02,11.62,Monthly,Success
S005783,U003870,2024-04-04,970.99,Annual,Success
S005784,U003872,2024-07-30,125.44,Annual,Success
S005785,U003873,2024-07-03,99.56,Monthly,Success
S005786,U003873,2024-08-01,99.37,Monthly,Success
S005787,U003874,2025-10-09,360.69,Annual,Success
S005788,U003875,2024-02-27,341.36,Annual,Success
S005789,U003877,2024-07-14,12.39,Monthly,Success
S005790,U003877,2024-08-14,11.93,Monthly,Success
S005791,U003877,2024-09-13,11.86,Monthly,Success
S005792,U003877,2024-10-11,11.51,Monthly,Success
S005793,U003877,2024-11-12,12.46,Monthly,Success
S005794,U003877,2024-12-12,12.17,Monthly,Success
S005795,U003877,2025-01-09,11.63,Monthly,Success
S005796,U003877,2025-02-09,11.78,Monthly,Success
S005797,U003877,2025-03-12,12.0,Monthly,Success
S005798,U003877,2025-04-10,12.23,Monthly,Success
S005799,U003877,2025-05-10,11.96,Monthly,Success
S005800,U003879,2025-05-07,122.02,Annual,Success
S005801,U003880,2024-09-08,11.41,Monthly,Success
S005802,U003880,2024-10-09,11.53,Monthly,Success
S005803,U003880,2024-11-07,11.63,Monthly,Success
S005804,U003880,2024-12-09,11.67,Monthly,Success
S005805,U003880,2025-01-07,12.56,Monthly,Success
S005806,U003880,2025-02-05,11.6,Monthly,Success
S005807,U003880,2025-03-07,11.64,Monthly,Success
S005808,U003880,2025-04-06,11.83,Monthly,Success
S005809,U003882,2025-08-14,33.73,Monthly,Success
S005810,U003883,2025-12-13,12.07,Monthly,Success
S005811,U003886,2025-11-30,11.98,Monthly,Success
S005812,U003891,2025-08-27,99.87,Monthly,Success
S005813,U003891,2025-09-24,95.17,Monthly,Failed
S005814,U003891,2025-10-26,103.13,Monthly,Success
S005815,U003893,2025-07-14,11.66,Monthly,Success
S005816,U003893,2025-08-15,12.46,Monthly,Success
S005817,U003893,2025-09-13,11.78,Monthly,Success
S005818,U003893,2025-10-12,11.89,Monthly,Success
S005819,U003893,2025-11-13,11.92,Monthly,Success
S005820,U003894,2025-02-09,12.32,Monthly,Success
S005821,U003894,2025-03-11,12.52,Monthly,Success
S005822,U003894,2025-04-10,11.81,Monthly,Success
S005823,U003896,2025-10-03,984.37,Annual,Success
S005824,U003897,2024-06-22,11.72,Monthly,Success
S005825,U003897,2024-07-23,11.59,Monthly,Success
S005826,U003898,2025-10-11,990.52,Annual,Success
S005827,U003903,2025-11-24,358.98,Annual,Success
S005828,U003905,2025-10-15,11.7,Monthly,Success
S005829,U003907,2025-04-08,36.67,Monthly,Success
S005830,U003907,2025-05-07,35.79,Monthly,Success
S005831,U003907,2025-06-07,33.75,Monthly,Success
S005832,U003907,2025-07-05,34.09,Monthly,Success
S005833,U003907,2025-08-06,36.36,Monthly,Success
S005834,U003907,2025-09-05,34.95,Monthly,Success
S005835,U003907,2025-10-03,34.15,Monthly,Success
S005836,U003908,2024-11-13,11.69,Monthly,Success
S005837,U003908,2024-12-11,11.67,Monthly,Success
S005838,U003908,2025-01-12,11.77,Monthly,Success
S005839,U003908,2025-02-10,12.57,Monthly,Success
S005840,U003908,2025-03-13,12.47,Monthly,Success
S005841,U003908,2025-04-12,11.67,Monthly,Success
S005842,U003911,2024-02-24,35.53,Monthly,Success
S005843,U003911,2024-03-26,33.82,Monthly,Success
S005844,U003911,2024-04-23,36.57,Monthly,Success
S005845,U003911,2024-05-25,36.27,Monthly,Success
S005846,U003911,2024-06-23,35.66,Monthly,Success
S005847,U003911,2024-07-24,34.29,Monthly,Refunded
S005848,U003911,2024-08-23,33.37,Monthly,Success
S005849,U003911,2024-09-21,35.26,Monthly,Success
S005850,U003911,2024-10-20,34.27,Monthly,Success
S005851,U003911,2024-11-20,34.64,Monthly,Success
S005852,U003911,2024-12-20,35.32,Monthly,Success
S005853,U003911,2025-01-20,35.66,Monthly,Success
S005854,U003911,2025-02-19,34.59,Monthly,Success
S005855,U003911,2025-03-21,35.08,Monthly,Failed
S005856,U003911,2025-04-19,33.71,Monthly,Success
S005857,U003911,2025-05-19,35.89,Monthly,Success
S005858,U003911,2025-06-17,34.22,Monthly,Success
S005859,U003911,2025-07-18,36.62,Monthly,Success
S005860,U003914,2025-12-21,11.56,Monthly,Success
S005861,U003915,2025-12-16,98.27,Monthly,Success
S005862,U003916,2025-01-15,994.5,Annual,Success
S005863,U003918,2024-12-11,11.87,Monthly,Success
S005864,U003918,2025-01-10,11.94,Monthly,Success
S005865,U003918,2025-02-09,12.08,Monthly,Success
S005866,U003918,2025-03-11,12.41,Monthly,Success
S005867,U003918,2025-04-08,11.91,Monthly,Success
S005868,U003918,2025-05-08,11.44,Monthly,Success
S005869,U003918,2025-06-09,11.94,Monthly,Success
S005870,U003919,2025-07-15,991.58,Annual,Success
S005871,U003920,2025-09-23,12.08,Monthly,Success
S005872,U003922,2025-01-20,11.73,Monthly,Success
S005873,U003925,2025-12-28,11.97,Monthly,Success
S005874,U003928,2025-07-05,11.7,Monthly,Success
S005875,U003928,2025-08-05,12.57,Monthly,Success
S005876,U003928,2025-09-04,12.24,Monthly,Success
S005877,U003928,2025-10-04,12.15,Monthly,Success
S005878,U003928,2025-11-02,11.98,Monthly,Success
S005879,U003928,2025-12-03,11.46,Monthly,Success
S005880,U003929,2025-07-25,123.84,Annual,Success
S005881,U003930,2024-06-01,951.9,Annual,Success
S005882,U003932,2024-07-25,12.51,Monthly,Success
S005883,U003932,2024-08-25,12.45,Monthly,Success
S005884,U003932,2024-09-24,12.31,Monthly,Success
S005885,U003932,2024-10-25,11.98,Monthly,Success
S005886,U003932,2024-11-24,12.3,Monthly,Success
S005887,U003932,2024-12-22,12.02,Monthly,Success
S005888,U003932,2025-01-23,12.43,Monthly,Success
S005889,U003932,2025-02-21,11.96,Monthly,Success
S005890,U003934,2024-09-03,11.73,Monthly,Success
S005891,U003934,2024-10-03,11.42,Monthly,Success
S005892,U003934,2024-11-01,12.33,Monthly,Success
S005893,U003934,2024-11-30,12.35,Monthly,Success
S005894,U003934,2025-01-01,11.47,Monthly,Success
S005895,U003934,2025-01-31,11.9,Monthly,Success
S005896,U003934,2025-02-28,12.23,Monthly,Success
S005897,U003934,2025-03-31,11.69,Monthly,Success
S005898,U003934,2025-05-01,11.56,Monthly,Success
S005899,U003934,2025-05-29,11.81,Monthly,Success
S005900,U003935,2024-11-11,12.45,Monthly,Success
S005901,U003935,2024-12-10,11.6,Monthly,Success
S005902,U003935,2025-01-10,11.82,Monthly,Success
S005903,U003935,2025-02-09,12.43,Monthly,Success
S005904,U003935,2025-03-11,12.03,Monthly,Success
S005905,U003939,2024-07-17,11.76,Monthly,Success
S005906,U003939,2024-08-17,12.01,Monthly,Failed
S005907,U003939,2024-09-16,12.54,Monthly,Success
S005908,U003939,2024-10-14,12.36,Monthly,Success
S005909,U003939,2024-11-14,12.5,Monthly,Success
S005910,U003939,2024-12-14,11.54,Monthly,Success
S005911,U003939,2025-01-13,11.96,Monthly,Success
S005912,U003939,2025-02-11,11.99,Monthly,Success
S005913,U003939,2025-03-13,11.83,Monthly,Success
S005914,U003939,2025-04-14,11.52,Monthly,Failed
S005915,U003941,2025-08-28,12.59,Monthly,Success
S005916,U003941,2025-09-27,12.1,Monthly,Success
S005917,U003941,2025-10-29,12.59,Monthly,Success
S005918,U003942,2025-11-12,124.84,Annual,Success
S005919,U003943,2024-04-18,103.09,Monthly,Success
S005920,U003944,2025-01-13,34.9,Monthly,Success
S005921,U003944,2025-02-13,36.53,Monthly,Success
S005922,U003944,2025-03-15,33.48,Monthly,Success
S005923,U003944,2025-04-14,33.78,Monthly,Success
S005924,U003944,2025-05-13,36.36,Monthly,Success
S005925,U003944,2025-06-14,34.5,Monthly,Success
S005926,U003944,2025-07-13,33.73,Monthly,Success
S005927,U003944,2025-08-12,35.9,Monthly,Success
S005928,U003944,2025-09-12,33.89,Monthly,Success
S005929,U003945,2024-05-05,35.8,Monthly,Success
S005930,U003945,2024-06-06,36.05,Monthly,Success
S005931,U003945,2024-07-06,34.01,Monthly,Success
S005932,U003945,2024-08-05,35.44,Monthly,Success
S005933,U003945,2024-09-02,35.63,Monthly,Success
S005934,U003945,2024-10-04,35.06,Monthly,Success
S005935,U003945,2024-11-01,36.69,Monthly,Success
S005936,U003945,2024-12-01,35.47,Monthly,Success
S005937,U003945,2025-01-02,34.24,Monthly,Success
S005938,U003945,2025-01-31,36.56,Monthly,Success
S005939,U003945,2025-03-01,34.7,Monthly,Success
S005940,U003945,2025-04-02,34.28,Monthly,Success
S005941,U003945,2025-05-01,36.0,Monthly,Success
S005942,U003945,2025-05-30,35.3,Monthly,Success
S005943,U003946,2024-01-24,11.63,Monthly,Success
S005944,U003946,2024-02-24,11.66,Monthly,Success
S005945,U003947,2025-07-07,340.95,Annual,Success
S005946,U003948,2025-05-31,994.46,Annual,Success
S005947,U003950,2024-09-13,121.63,Annual,Success
S005948,U003951,2024-02-04,11.56,Monthly,Success
S005949,U003951,2024-03-05,11.7,Monthly,Success
S005950,U003951,2024-04-04,11.41,Monthly,Success
S005951,U003951,2024-05-03,12.02,Monthly,Success
S005952,U003951,2024-06-02,12.2,Monthly,Success
S005953,U003951,2024-07-03,11.67,Monthly,Success
S005954,U003951,2024-08-03,11.44,Monthly,Success
S005955,U003952,2025-10-09,12.23,Monthly,Success
S005956,U003958,2025-02-05,121.18,Annual,Success
S005957,U003959,2024-03-14,353.92,Annual,Success
S005958,U003960,2024-02-24,33.76,Monthly,Success
S005959,U003960,2024-03-24,34.81,Monthly,Success
S005960,U003960,2024-04-25,33.98,Monthly,Success
S005961,U003960,2024-05-24,33.87,Monthly,Success
S005962,U003960,2024-06-24,33.49,Monthly,Success
S005963,U003960,2024-07-22,35.85,Monthly,Success
S005964,U003960,2024-08-21,36.44,Monthly,Success
S005965,U003960,2024-09-22,35.45,Monthly,Success
S005966,U003960,2024-10-22,35.39,Monthly,Success
S005967,U003960,2024-11-19,35.45,Monthly,Success
S005968,U003960,2024-12-19,34.82,Monthly,Failed
S005969,U003960,2025-01-18,35.09,Monthly,Success
S005970,U003960,2025-02-18,36.26,Monthly,Success
S005971,U003960,2025-03-19,36.55,Monthly,Success
S005972,U003961,2025-05-19,340.94,Annual,Success
S005973,U003962,2025-01-13,34.62,Monthly,Success
S005974,U003962,2025-02-13,33.97,Monthly,Refunded
S005975,U003962,2025-03-16,34.97,Monthly,Failed
S005976,U003962,2025-04-13,33.66,Monthly,Success
S005977,U003962,2025-05-13,36.45,Monthly,Success
S005978,U003962,2025-06-12,36.18,Monthly,Success
S005979,U003966,2025-09-16,95.3,Monthly,Success
S005980,U003968,2024-02-24,11.61,Monthly,Success
S005981,U003968,2024-03-27,11.44,Monthly,Success
S005982,U003968,2024-04-24,11.71,Monthly,Success
S005983,U003968,2024-05-25,11.61,Monthly,Success
S005984,U003968,2024-06-23,11.42,Monthly,Success
S005985,U003968,2024-07-25,11.86,Monthly,Success
S005986,U003969,2025-05-24,11.46,Monthly,Success
S005987,U003969,2025-06-21,12.25,Monthly,Failed
S005988,U003969,2025-07-22,11.82,Monthly,Success
S005989,U003969,2025-08-22,11.45,Monthly,Success
S005990,U003970,2025-01-17,942.46,Annual,Refunded
S005991,U003972,2025-04-25,345.7,Annual,Success
S005992,U003975,2024-10-16,120.48,Annual,Success
S005993,U003975,2025-10-13,123.97,Annual,Success
S005994,U003976,2025-11-14,100.65,Monthly,Success
S005995,U003978,2025-05-04,334.99,Annual,Success
S005996,U003979,2024-03-14,340.63,Annual,Success
S005997,U003979,2025-03-12,333.81,Annual,Success
S005998,U003980,2025-02-08,36.57,Monthly,Success
S005999,U003980,2025-03-09,35.22,Monthly,Success
S006000,U003980,2025-04-09,34.13,Monthly,Success
S006001,U003980,2025-05-07,35.58,Monthly,Success
S006002,U003980,2025-06-08,34.1,Monthly,Success
S006003,U003980,2025-07-06,34.78,Monthly,Success
S006004,U003980,2025-08-05,34.64,Monthly,Success
S006005,U003982,2025-09-25,12.25,Monthly,Success
S006006,U003984,2024-09-05,956.98,Annual,Success
S006007,U003985,2025-10-02,33.9,Monthly,Success
S006008,U003986,2025-11-27,34.96,Monthly,Success
S006009,U003989,2024-12-05,34.17,Monthly,Success
S006010,U003989,2025-01-02,35.09,Monthly,Success
S006011,U003989,2025-02-01,34.56,Monthly,Success
S006012,U003989,2025-03-05,35.42,Monthly,Success
S006013,U003989,2025-04-03,36.57,Monthly,Success
S006014,U003989,2025-05-02,33.93,Monthly,Success
S006015,U003989,2025-06-02,36.73,Monthly,Success
S006016,U003989,2025-07-01,36.16,Monthly,Success
S006017,U003991,2024-04-20,115.07,Annual,Success
S006018,U003993,2025-08-25,12.35,Monthly,Success
S006019,U003994,2024-03-09,34.37,Monthly,Failed
S006020,U003994,2024-04-10,34.19,Monthly,Success
S006021,U003994,2024-05-09,33.65,Monthly,Success
S006022,U003994,2024-06-08,35.68,Monthly,Success
S006023,U003997,2024-12-05,979.9,Annual,Success
S006024,U003998,2025-01-15,340.9,Annual,Refunded
S006025,U003999,2025-04-16,123.98,Annual,Success
S006026,U004000,2024-07-08,350.79,Annual,Success
S006027,U004003,2025-08-31,11.78,Monthly,Success
S006028,U004003,2025-09-30,11.99,Monthly,Success
S006029,U004003,2025-10-30,11.9,Monthly,Success
S006030,U004004,2024-07-01,11.77,Monthly,Success
S006031,U004004,2024-07-30,12.3,Monthly,Failed
S006032,U004004,2024-08-30,11.94,Monthly,Success
S006033,U004004,2024-09-29,11.51,Monthly,Success
S006034,U004004,2024-10-29,11.69,Monthly,Success
S006035,U004004,2024-11-28,11.6,Monthly,Success
S006036,U004004,2024-12-26,11.62,Monthly,Success
S006037,U004004,2025-01-27,11.85,Monthly,Success
S006038,U004004,2025-02-26,12.28,Monthly,Success
S006039,U004004,2025-03-27,11.93,Monthly,Success
S006040,U004004,2025-04-25,12.27,Monthly,Success
S006041,U004004,2025-05-27,11.65,Monthly,Success
S006042,U004004,2025-06-26,11.6,Monthly,Success
S006043,U004004,2025-07-25,12.59,Monthly,Success
S006044,U004005,2024-06-29,119.38,Annual,Success
S006045,U004006,2024-10-09,11.51,Monthly,Success
S006046,U004006,2024-11-08,12.4,Monthly,Success
S006047,U004006,2024-12-08,11.91,Monthly,Success
S006048,U004006,2025-01-07,11.48,Monthly,Success
S006049,U004006,2025-02-08,12.5,Monthly,Success
S006050,U004006,2025-03-08,11.85,Monthly,Success
S006051,U004006,2025-04-07,11.96,Monthly,Success
S006052,U004008,2025-01-24,11.66,Monthly,Success
S006053,U004011,2024-02-17,12.25,Monthly,Success
S006054,U004012,2025-01-17,353.58,Annual,Success
S006055,U004014,2024-08-07,11.43,Monthly,Success
S006056,U004014,2024-09-05,12.11,Monthly,Success
S006057,U004014,2024-10-05,12.05,Monthly,Success
S006058,U004014,2024-11-03,12.36,Monthly,Success
S006059,U004014,2024-12-04,12.35,Monthly,Success
S006060,U004014,2025-01-04,11.76,Monthly,Success
S006061,U004014,2025-02-02,11.63,Monthly,Success
S006062,U004014,2025-03-04,12.45,Monthly,Success
S006063,U004014,2025-04-02,11.74,Monthly,Success
S006064,U004017,2025-11-06,12.23,Monthly,Success
S006065,U004018,2025-11-14,358.35,Annual,Success
S006066,U004019,2024-11-04,12.31,Monthly,Success
S006067,U004019,2024-12-03,12.13,Monthly,Success
S006068,U004019,2025-01-01,11.48,Monthly,Success
S006069,U004019,2025-01-31,12.32,Monthly,Success
S006070,U004019,2025-03-03,11.59,Monthly,Success
S006071,U004019,2025-04-01,11.65,Monthly,Success
S006072,U004019,2025-05-03,12.53,Monthly,Success
S006073,U004019,2025-06-02,12.51,Monthly,Failed
S006074,U004019,2025-07-02,11.92,Monthly,Success
S006075,U004019,2025-07-30,11.85,Monthly,Success
S006076,U004019,2025-08-29,12.58,Monthly,Success
S006077,U004019,2025-09-30,12.54,Monthly,Success
S006078,U004019,2025-10-30,12.03,Monthly,Success
S006079,U004021,2025-01-29,362.87,Annual,Success
S006080,U004030,2024-12-25,1022.48,Annual,Success
S006081,U004031,2025-07-12,123.09,Annual,Success
S006082,U004032,2024-10-13,11.45,Monthly,Success
S006083,U004032,2024-11-11,11.88,Monthly,Success
S006084,U004032,2024-12-10,12.22,Monthly,Failed
S006085,U004032,2025-01-11,11.51,Monthly,Success
S006086,U004032,2025-02-08,12.56,Monthly,Success
S006087,U004033,2024-04-14,12.32,Monthly,Success
S006088,U004033,2024-05-15,11.8,Monthly,Success
S006089,U004033,2024-06-13,11.87,Monthly,Success
S006090,U004035,2024-07-05,125.92,Annual,Success
S006091,U004036,2025-12-28,11.83,Monthly,Success
S006092,U004044,2025-06-10,12.52,Monthly,Success
S006093,U004044,2025-07-12,12.09,Monthly,Success
S006094,U004044,2025-08-11,12.42,Monthly,Failed
S006095,U004044,2025-09-09,12.43,Monthly,Success
S006096,U004044,2025-10-08,12.4,Monthly,Success
S006097,U004044,2025-11-08,12.59,Monthly,Success
S006098,U004046,2025-02-08,12.1,Monthly,Success
S006099,U004047,2024-11-30,11.64,Monthly,Success
S006100,U004047,2024-12-28,12.37,Monthly,Success
S006101,U004047,2025-01-29,12.23,Monthly,Success
S006102,U004047,2025-02-27,11.71,Monthly,Success
S006103,U004047,2025-03-29,11.92,Monthly,Success
S006104,U004047,2025-04-28,11.88,Monthly,Success
S006105,U004047,2025-05-28,11.42,Monthly,Success
S006106,U004047,2025-06-26,11.78,Monthly,Success
S006107,U004047,2025-07-27,11.74,Monthly,Success
S006108,U004047,2025-08-27,12.43,Monthly,Success
S006109,U004047,2025-09-26,11.71,Monthly,Success
S006110,U004048,2025-05-09,11.53,Monthly,Success
S006111,U004048,2025-06-07,12.36,Monthly,Success
S006112,U004048,2025-07-06,12.24,Monthly,Success
S006113,U004048,2025-08-06,11.8,Monthly,Success
S006114,U004048,2025-09-06,12.51,Monthly,Success
S006115,U004048,2025-10-05,11.91,Monthly,Success
S006116,U004048,2025-11-05,12.58,Monthly,Success
S006117,U004050,2024-08-18,119.41,Annual,Success
S006118,U004050,2025-08-18,116.8,Annual,Success
S006119,U004053,2025-10-03,12.15,Monthly,Success
S006120,U004053,2025-11-04,11.67,Monthly,Success
S006121,U004059,2025-11-06,97.71,Monthly,Refunded
S006122,U004060,2025-12-30,11.63,Monthly,Success
S006123,U004061,2024-11-01,12.05,Monthly,Success
S006124,U004061,2024-12-01,11.87,Monthly,Success
S006125,U004061,2024-12-31,12.34,Monthly,Success
S006126,U004061,2025-01-29,12.57,Monthly,Success
S006127,U004061,2025-03-01,12.39,Monthly,Success
S006128,U004061,2025-03-31,11.54,Monthly,Success
S006129,U004062,2024-08-27,345.16,Annual,Success
S006130,U004063,2025-09-03,36.75,Monthly,Success
S006131,U004063,2025-10-04,35.92,Monthly,Success
S006132,U004063,2025-11-02,35.71,Monthly,Success
S006133,U004064,2024-09-28,35.98,Monthly,Success
S006134,U004064,2024-10-28,34.65,Monthly,Success
S006135,U004064,2024-11-28,33.7,Monthly,Success
S006136,U004065,2025-10-26,35.29,Monthly,Success
S006137,U004066,2024-05-09,118.37,Annual,Success
S006138,U004066,2025-05-12,120.98,Annual,Success
S006139,U004067,2024-06-01,943.25,Annual,Success
S006140,U004069,2025-07-14,359.66,Annual,Success
S006141,U004070,2025-10-16,333.35,Annual,Success
S006142,U004072,2025-07-14,98.94,Monthly,Success
S006143,U004075,2025-07-20,994.91,Annual,Success
S006144,U004077,2025-02-13,116.55,Annual,Success
S006145,U004079,2025-09-05,33.81,Monthly,Success
S006146,U004079,2025-10-03,35.92,Monthly,Success
S006147,U004080,2024-09-05,33.33,Monthly,Success
S006148,U004080,2024-10-06,35.58,Monthly,Success
S006149,U004080,2024-11-05,33.69,Monthly,Success
S006150,U004080,2024-12-03,34.72,Monthly,Success
S006151,U004080,2025-01-03,36.63,Monthly,Success
S006152,U004080,2025-02-03,36.57,Monthly,Success
S006153,U004080,2025-03-03,34.59,Monthly,Success
S006154,U004080,2025-04-04,35.23,Monthly,Success
S006155,U004080,2025-05-04,34.33,Monthly,Success
S006156,U004080,2025-06-01,36.43,Monthly,Success
S006157,U004080,2025-07-03,35.96,Monthly,Success
S006158,U004080,2025-07-31,35.83,Monthly,Success
S006159,U004084,2025-08-27,1009.27,Annual,Success
S006160,U004085,2024-08-28,35.34,Monthly,Success
S006161,U004085,2024-09-28,36.04,Monthly,Success
S006162,U004085,2024-10-29,36.61,Monthly,Success
S006163,U004085,2024-11-28,35.37,Monthly,Success
S006164,U004085,2024-12-28,34.14,Monthly,Success
S006165,U004085,2025-01-27,36.49,Monthly,Success
S006166,U004088,2025-06-02,34.41,Monthly,Success
S006167,U004088,2025-07-02,35.74,Monthly,Success
S006168,U004088,2025-08-02,33.96,Monthly,Success
S006169,U004088,2025-09-02,35.73,Monthly,Success
S006170,U004088,2025-09-30,35.37,Monthly,Success
S006171,U004089,2025-10-19,12.46,Monthly,Success
S006172,U004089,2025-11-17,12.04,Monthly,Success
S006173,U004092,2024-12-08,11.5,Monthly,Success
S006174,U004092,2025-01-07,11.46,Monthly,Success
S006175,U004092,2025-02-05,12.37,Monthly,Success
S006176,U004093,2025-03-15,120.06,Annual,Success
S006177,U004094,2025-11-28,101.01,Monthly,Success
S006178,U004095,2024-12-01,11.99,Monthly,Success
S006179,U004095,2024-12-31,11.5,Monthly,Success
S006180,U004095,2025-01-29,11.55,Monthly,Success
S006181,U004095,2025-03-01,12.21,Monthly,Success
S006182,U004095,2025-03-29,11.69,Monthly,Success
S006183,U004095,2025-04-30,12.23,Monthly,Success
S006184,U004096,2025-03-06,33.41,Monthly,Success
S006185,U004096,2025-04-04,33.89,Monthly,Success
S006186,U004096,2025-05-03,33.27,Monthly,Success
S006187,U004096,2025-06-02,36.46,Monthly,Success
S006188,U004096,2025-07-04,34.04,Monthly,Success
S006189,U004097,2024-01-20,12.08,Monthly,Success
S006190,U004097,2024-02-19,11.85,Monthly,Success
S006191,U004097,2024-03-20,11.76,Monthly,Success
S006192,U004097,2024-04-20,12.14,Monthly,Success
S006193,U004097,2024-05-20,11.76,Monthly,Success
S006194,U004098,2024-04-16,1026.69,Annual,Success
S006195,U004102,2025-02-07,978.67,Annual,Success
S006196,U004103,2025-04-27,11.97,Monthly,Success
S006197,U004103,2025-05-29,12.16,Monthly,Success
S006198,U004110,2025-05-16,11.63,Monthly,Success
S006199,U004110,2025-06-14,12.52,Monthly,Success
S006200,U004110,2025-07-16,12.04,Monthly,Success
S006201,U004111,2025-05-08,335.02,Annual,Success
S006202,U004112,2025-03-29,99.15,Monthly,Success
S006203,U004114,2024-04-25,11.86,Monthly,Success
S006204,U004114,2024-05-23,11.6,Monthly,Success
S006205,U004114,2024-06-23,11.96,Monthly,Success
S006206,U004121,2024-10-30,11.97,Monthly,Success
S006207,U004121,2024-11-29,12.59,Monthly,Success
S006208,U004121,2024-12-29,12.28,Monthly,Success
S006209,U004121,2025-01-30,12.04,Monthly,Success
S006210,U004123,2025-07-28,12.56,Monthly,Success
S006211,U004123,2025-08-27,12.23,Monthly,Success
S006212,U004123,2025-09-24,12.07,Monthly,Success
S006213,U004123,2025-10-24,11.79,Monthly,Success
S006214,U004130,2024-01-03,34.13,Monthly,Success
S006215,U004130,2024-02-03,35.37,Monthly,Success
S006216,U004130,2024-03-03,35.32,Monthly,Success
S006217,U004130,2024-04-01,34.65,Monthly,Success
S006218,U004130,2024-05-01,35.64,Monthly,Success
S006219,U004130,2024-05-31,36.46,Monthly,Success
S006220,U004130,2024-07-02,35.26,Monthly,Success
S006221,U004130,2024-07-31,35.63,Monthly,Success
S006222,U004130,2024-08-31,36.1,Monthly,Success
S006223,U004130,2024-09-28,34.14,Monthly,Success
S006224,U004130,2024-10-29,33.36,Monthly,Success
S006225,U004130,2024-11-29,33.26,Monthly,Success
S006226,U004130,2024-12-29,33.78,Monthly,Success
S006227,U004130,2025-01-26,34.07,Monthly,Success
S006228,U004130,2025-02-27,34.53,Monthly,Success
S006229,U004130,2025-03-28,33.83,Monthly,Failed
S006230,U004130,2025-04-27,34.13,Monthly,Success
S006231,U004130,2025-05-27,36.63,Monthly,Success
S006232,U004133,2025-07-07,11.85,Monthly,Refunded
S006233,U004133,2025-08-05,12.36,Monthly,Success
S006234,U004136,2024-01-26,12.37,Monthly,Failed
S006235,U004136,2024-02-25,12.33,Monthly,Success
S006236,U004136,2024-03-24,12.28,Monthly,Success
S006237,U004136,2024-04-23,12.2,Monthly,Success
S006238,U004136,2024-05-25,11.86,Monthly,Success
S006239,U004137,2025-08-12,11.66,Monthly,Success
S006240,U004137,2025-09-11,12.5,Monthly,Success
S006241,U004137,2025-10-12,12.31,Monthly,Success
S006242,U004138,2024-11-22,11.99,Monthly,Failed
S006243,U004138,2024-12-24,11.42,Monthly,Success
S006244,U004138,2025-01-22,12.01,Monthly,Success
S006245,U004138,2025-02-22,12.07,Monthly,Success
S006246,U004138,2025-03-24,11.53,Monthly,Success
S006247,U004138,2025-04-22,11.78,Monthly,Success
S006248,U004138,2025-05-21,12.23,Monthly,Success
S006249,U004139,2025-07-07,11.95,Monthly,Success
S006250,U004139,2025-08-06,12.52,Monthly,Success
S006251,U004139,2025-09-06,11.53,Monthly,Success
S006252,U004143,2024-04-29,34.86,Monthly,Success
S006253,U004143,2024-05-30,35.48,Monthly,Success
S006254,U004143,2024-06-27,33.69,Monthly,Success
S006255,U004143,2024-07-28,34.98,Monthly,Success
S006256,U004143,2024-08-28,33.28,Monthly,Success
S006257,U004143,2024-09-26,34.3,Monthly,Failed
S006258,U004143,2024-10-25,34.86,Monthly,Success
S006259,U004143,2024-11-25,36.03,Monthly,Success
S006260,U004143,2024-12-26,36.5,Monthly,Success
S006261,U004143,2025-01-25,33.79,Monthly,Success
S006262,U004144,2025-10-07,102.54,Monthly,Success
S006263,U004144,2025-11-06,95.62,Monthly,Success
S006264,U004150,2025-09-09,11.9,Monthly,Success
S006265,U004150,2025-10-09,12.16,Monthly,Success
S006266,U004150,2025-11-09,12.38,Monthly,Success
S006267,U004151,2024-05-27,360.2,Annual,Success
S006268,U004157,2025-04-22,351.32,Annual,Success
S006269,U004159,2025-12-11,1006.09,Annual,Success
S006270,U004160,2025-05-14,118.64,Annual,Success
S006271,U004161,2025-04-11,123.82,Annual,Success
S006272,U004162,2024-04-18,11.81,Monthly,Success
S006273,U004162,2024-05-18,12.58,Monthly,Success
S006274,U004162,2024-06-18,12.16,Monthly,Success
S006275,U004162,2024-07-19,12.38,Monthly,Success
S006276,U004162,2024-08-18,11.47,Monthly,Success
S006277,U004162,2024-09-16,12.03,Monthly,Success
S006278,U004162,2024-10-17,12.38,Monthly,Success
S006279,U004162,2024-11-16,12.33,Monthly,Failed
S006280,U004163,2025-04-29,359.15,Annual,Success
S006281,U004164,2025-01-09,117.58,Annual,Success
S006282,U004167,2024-09-18,35.35,Monthly,Success
S006283,U004167,2024-10-16,34.4,Monthly,Success
S006284,U004167,2024-11-17,36.42,Monthly,Success
S006285,U004167,2024-12-16,34.64,Monthly,Success
S006286,U004174,2025-04-22,362.07,Annual,Success
S006287,U004177,2025-05-20,34.33,Monthly,Success
S006288,U004177,2025-06-19,34.81,Monthly,Success
S006289,U004177,2025-07-20,36.71,Monthly,Success
S006290,U004177,2025-08-18,34.26,Monthly,Success
S006291,U004177,2025-09-18,35.55,Monthly,Success
S006292,U004179,2024-11-25,12.39,Monthly,Success
S006293,U004179,2024-12-27,11.96,Monthly,Success
S006294,U004179,2025-01-26,11.75,Monthly,Failed
S006295,U004179,2025-02-23,12.51,Monthly,Success
S006296,U004179,2025-03-25,11.41,Monthly,Success
S006297,U004179,2025-04-26,12.06,Monthly,Success
S006298,U004179,2025-05-24,12.35,Monthly,Success
S006299,U004179,2025-06-25,12.03,Monthly,Success
S006300,U004179,2025-07-25,12.33,Monthly,Failed
S006301,U004180,2024-11-10,362.09,Annual,Success
S006302,U004181,2025-01-22,363.79,Annual,Success
S006303,U004182,2025-07-15,354.68,Annual,Success
S006304,U004183,2025-07-19,333.94,Annual,Success
S006305,U004185,2024-06-12,346.61,Annual,Success
S006306,U004185,2025-06-14,350.25,Annual,Success
S006307,U004187,2024-06-05,11.66,Monthly,Success
S006308,U004187,2024-07-03,11.52,Monthly,Success
S006309,U004187,2024-08-02,12.42,Monthly,Success
S006310,U004187,2024-09-02,12.03,Monthly,Success
S006311,U004187,2024-10-03,12.53,Monthly,Success
S006312,U004187,2024-11-02,11.88,Monthly,Success
S006313,U004187,2024-12-01,12.32,Monthly,Success
S006314,U004189,2025-07-25,36.39,Monthly,Success
S006315,U004189,2025-08-23,33.52,Monthly,Success
S006316,U004190,2025-07-29,12.51,Monthly,Success
S006317,U004190,2025-08-27,11.58,Monthly,Success
S006318,U004192,2025-10-29,33.51,Monthly,Success
S006319,U004193,2025-03-27,36.36,Monthly,Success
S006320,U004193,2025-04-27,35.7,Monthly,Success
S006321,U004193,2025-05-26,34.83,Monthly,Success
S006322,U004193,2025-06-25,33.37,Monthly,Success
S006323,U004194,2025-08-17,336.48,Annual,Success
S006324,U004196,2024-08-01,100.73,Monthly,Success
S006325,U004197,2024-02-07,12.57,Monthly,Success
S006326,U004197,2024-03-07,12.16,Monthly,Success
S006327,U004197,2024-04-05,11.51,Monthly,Success
S006328,U004197,2024-05-07,11.95,Monthly,Success
S006329,U004197,2024-06-05,11.85,Monthly,Success
S006330,U004197,2024-07-05,12.38,Monthly,Success
S006331,U004199,2025-02-19,95.97,Monthly,Success
S006332,U004199,2025-03-20,97.21,Monthly,Success
S006333,U004199,2025-04-18,98.2,Monthly,Success
S006334,U004199,2025-05-19,103.02,Monthly,Success
S006335,U004199,2025-06-19,98.94,Monthly,Success
S006336,U004199,2025-07-18,99.81,Monthly,Success
S006337,U004199,2025-08-18,95.97,Monthly,Success
S006338,U004202,2024-08-10,12.08,Monthly,Success
S006339,U004202,2024-09-09,11.42,Monthly,Success
S006340,U004202,2024-10-07,12.05,Monthly,Success
S006341,U004202,2024-11-06,11.94,Monthly,Success
S006342,U004202,2024-12-08,11.63,Monthly,Success
S006343,U004202,2025-01-06,12.41,Monthly,Success
S006344,U004202,2025-02-04,12.33,Monthly,Success
S006345,U004202,2025-03-06,11.67,Monthly,Success
S006346,U004202,2025-04-05,12.51,Monthly,Success
S006347,U004203,2024-06-05,336.64,Annual,Success
S006348,U004205,2024-05-14,12.28,Monthly,Success
S006349,U004205,2024-06-14,12.34,Monthly,Success
S006350,U004205,2024-07-12,11.65,Monthly,Success
S006351,U004205,2024-08-13,11.51,Monthly,Success
S006352,U004205,2024-09-12,12.06,Monthly,Success
S006353,U004205,2024-10-11,11.49,Monthly,Success
S006354,U004205,2024-11-11,11.98,Monthly,Success
S006355,U004205,2024-12-09,12.13,Monthly,Success
S006356,U004206,2025-03-17,119.05,Annual,Success
S006357,U004208,2025-04-24,35.54,Monthly,Success
S006358,U004208,2025-05-24,35.8,Monthly,Success
S006359,U004210,2024-03-17,11.66,Monthly,Success
S006360,U004210,2024-04-16,11.4,Monthly,Success
S006361,U004210,2024-05-17,11.95,Monthly,Success
S006362,U004210,2024-06-15,11.68,Monthly,Success
S006363,U004212,2025-05-21,11.65,Monthly,Success
S006364,U004212,2025-06-21,12.59,Monthly,Success
S006365,U004212,2025-07-22,12.27,Monthly,Success
S006366,U004212,2025-08-20,12.5,Monthly,Success
S006367,U004212,2025-09-18,12.1,Monthly,Success
S006368,U004212,2025-10-19,11.45,Monthly,Success
S006369,U004215,2025-06-22,34.88,Monthly,Success
S006370,U004215,2025-07-23,33.91,Monthly,Success
S006371,U004215,2025-08-22,33.84,Monthly,Success
S006372,U004215,2025-09-19,35.03,Monthly,Success
S006373,U004215,2025-10-21,36.42,Monthly,Success
S006374,U004220,2024-09-28,359.02,Annual,Success
S006375,U004224,2025-10-01,114.02,Annual,Success
S006376,U004227,2024-12-24,35.35,Monthly,Success
S006377,U004227,2025-01-23,33.49,Monthly,Success
S006378,U004227,2025-02-23,34.36,Monthly,Success
S006379,U004227,2025-03-25,36.72,Monthly,Success
S006380,U004227,2025-04-24,35.24,Monthly,Success
S006381,U004227,2025-05-24,36.31,Monthly,Success
S006382,U004227,2025-06-22,36.54,Monthly,Success
S006383,U004227,2025-07-24,34.68,Monthly,Success
S006384,U004227,2025-08-21,35.24,Monthly,Success
S006385,U004227,2025-09-22,34.57,Monthly,Success
S006386,U004228,2025-06-28,356.35,Annual,Success
S006387,U004229,2025-03-06,11.68,Monthly,Success
S006388,U004229,2025-04-05,12.03,Monthly,Success
S006389,U004229,2025-05-04,12.48,Monthly,Success
S006390,U004231,2025-07-29,347.45,Annual,Success
S006391,U004232,2025-05-03,11.71,Monthly,Refunded
S006392,U004233,2024-12-21,36.01,Monthly,Success
S006393,U004234,2025-11-19,99.55,Monthly,Success
S006394,U004235,2024-01-31,959.37,Annual,Success
S006395,U004236,2024-11-21,984.36,Annual,Success
S006396,U004238,2025-09-03,33.79,Monthly,Success
S006397,U004238,2025-10-04,35.42,Monthly,Success
S006398,U004240,2024-12-03,958.31,Annual,Success
S006399,U004242,2025-01-18,116.46,Annual,Success
S006400,U004244,2025-02-27,11.69,Monthly,Success
S006401,U004247,2024-09-26,35.56,Monthly,Success
S006402,U004247,2024-10-26,36.46,Monthly,Success
S006403,U004247,2024-11-26,35.6,Monthly,Success
S006404,U004247,2024-12-25,35.84,Monthly,Success
S006405,U004247,2025-01-23,36.6,Monthly,Success
S006406,U004247,2025-02-23,33.29,Monthly,Success
S006407,U004248,2024-05-28,33.53,Monthly,Success
S006408,U004248,2024-06-26,35.7,Monthly,Success
S006409,U004248,2024-07-25,34.63,Monthly,Success
S006410,U004248,2024-08-25,33.78,Monthly,Success
S006411,U004248,2024-09-25,34.51,Monthly,Success
S006412,U004248,2024-10-25,33.99,Monthly,Success
S006413,U004248,2024-11-24,36.03,Monthly,Success
S006414,U004248,2024-12-22,36.15,Monthly,Success
S006415,U004248,2025-01-23,36.2,Monthly,Failed
S006416,U004248,2025-02-20,33.86,Monthly,Success
S006417,U004248,2025-03-23,33.68,Monthly,Success
S006418,U004248,2025-04-22,34.02,Monthly,Success
S006419,U004248,2025-05-22,36.6,Monthly,Success
S006420,U004248,2025-06-21,34.01,Monthly,Success
S006421,U004248,2025-07-22,36.43,Monthly,Success
S006422,U004248,2025-08-20,36.46,Monthly,Success
S006423,U004248,2025-09-18,33.26,Monthly,Success
S006424,U004248,2025-10-18,33.61,Monthly,Success
S006425,U004250,2025-12-18,11.89,Monthly,Success
S006426,U004252,2024-03-23,12.02,Monthly,Success
S006427,U004253,2024-12-07,957.68,Annual,Success
S006428,U004254,2025-03-31,11.61,Monthly,Success
S006429,U004254,2025-05-02,11.82,Monthly,Success
S006430,U004254,2025-05-31,11.57,Monthly,Success
S006431,U004261,2024-05-25,346.9,Annual,Success
S006432,U004262,2025-11-05,36.04,Monthly,Success
S006433,U004264,2025-01-09,114.5,Annual,Success
S006434,U004265,2025-07-06,12.56,Monthly,Success
S006435,U004265,2025-08-05,11.73,Monthly,Success
S006436,U004265,2025-09-02,11.59,Monthly,Success
S006437,U004265,2025-10-04,12.46,Monthly,Success
S006438,U004265,2025-11-01,11.75,Monthly,Success
S006439,U004270,2025-12-02,33.4,Monthly,Success
S006440,U004277,2025-01-19,36.14,Monthly,Success
S006441,U004277,2025-02-18,34.14,Monthly,Success
S006442,U004277,2025-03-21,36.02,Monthly,Success
S006443,U004277,2025-04-20,35.49,Monthly,Success
S006444,U004278,2024-12-10,1023.25,Annual,Success
S006445,U004279,2024-06-04,12.45,Monthly,Success
S006446,U004279,2024-07-03,12.54,Monthly,Success
S006447,U004279,2024-08-03,12.36,Monthly,Success
S006448,U004279,2024-09-02,11.68,Monthly,Success
S006449,U004279,2024-10-01,11.53,Monthly,Success
S006450,U004279,2024-10-30,12.34,Monthly,Success
S006451,U004279,2024-11-29,12.35,Monthly,Success
S006452,U004279,2024-12-31,11.55,Monthly,Success
S006453,U004279,2025-01-28,12.04,Monthly,Success
S006454,U004279,2025-02-28,12.23,Monthly,Success
S006455,U004279,2025-03-30,11.5,Monthly,Success
S006456,U004281,2024-07-10,11.97,Monthly,Success
S006457,U004281,2024-08-07,11.75,Monthly,Success
S006458,U004286,2025-05-28,96.57,Monthly,Success
S006459,U004286,2025-06-27,101.68,Monthly,Success
S006460,U004286,2025-07-25,99.28,Monthly,Success
S006461,U004291,2025-04-22,35.95,Monthly,Success
S006462,U004291,2025-05-24,35.24,Monthly,Success
S006463,U004291,2025-06-21,33.9,Monthly,Success
S006464,U004291,2025-07-21,36.71,Monthly,Success
S006465,U004291,2025-08-20,33.75,Monthly,Success
S006466,U004293,2025-05-09,11.95,Monthly,Success
S006467,U004293,2025-06-09,12.43,Monthly,Refunded
S006468,U004293,2025-07-07,12.57,Monthly,Success
S006469,U004293,2025-08-06,12.17,Monthly,Success
S006470,U004293,2025-09-06,11.74,Monthly,Success
S006471,U004294,2025-11-17,333.1,Annual,Success
S006472,U004295,2025-01-16,119.42,Annual,Success
S006473,U004299,2025-02-10,12.01,Monthly,Success
S006474,U004299,2025-03-14,11.83,Monthly,Success
S006475,U004299,2025-04-11,12.08,Monthly,Success
S006476,U004299,2025-05-13,11.68,Monthly,Success
S006477,U004299,2025-06-10,12.39,Monthly,Success
S006478,U004299,2025-07-10,12.15,Monthly,Success
S006479,U004299,2025-08-10,11.5,Monthly,Success
S006480,U004302,2025-12-03,33.48,Monthly,Success
S006481,U004308,2025-06-17,362.91,Annual,Success
S006482,U004310,2025-09-12,12.03,Monthly,Success
S006483,U004310,2025-10-12,11.46,Monthly,Success
S006484,U004313,2024-06-01,1000.81,Annual,Success
S006485,U004313,2025-06-01,1030.89,Annual,Success
S006486,U004315,2025-12-18,959.57,Annual,Success
S006487,U004316,2024-07-23,952.37,Annual,Success
S006488,U004317,2025-08-11,11.49,Monthly,Success
S006489,U004317,2025-09-08,11.62,Monthly,Success
S006490,U004317,2025-10-09,11.62,Monthly,Success
S006491,U004319,2025-01-25,114.63,Annual,Success
S006492,U004320,2025-04-07,357.83,Annual,Success
S006493,U004322,2025-12-01,11.55,Monthly,Success
S006494,U004325,2025-09-27,333.4,Annual,Success
S006495,U004328,2025-12-25,33.28,Monthly,Success
S006496,U004335,2025-01-04,11.86,Monthly,Success
S006497,U004335,2025-02-05,12.28,Monthly,Success
S006498,U004335,2025-03-06,12.04,Monthly,Failed
S006499,U004335,2025-04-05,12.0,Monthly,Success
S006500,U004335,2025-05-04,11.7,Monthly,Success
S006501,U004335,2025-06-04,12.23,Monthly,Success
S006502,U004335,2025-07-05,11.81,Monthly,Success
S006503,U004335,2025-08-03,11.73,Monthly,Success
S006504,U004335,2025-09-03,12.3,Monthly,Success
S006505,U004335,2025-10-02,12.36,Monthly,Success
S006506,U004336,2024-03-14,33.31,Monthly,Success
S006507,U004336,2024-04-12,35.29,Monthly,Success
S006508,U004337,2025-06-02,1011.76,Annual,Success
S006509,U004339,2025-01-07,12.09,Monthly,Success
S006510,U004339,2025-02-05,11.5,Monthly,Success
S006511,U004340,2024-08-27,33.4,Monthly,Success
S006512,U004340,2024-09-26,34.58,Monthly,Success
S006513,U004340,2024-10-27,35.11,Monthly,Success
S006514,U004340,2024-11-24,33.7,Monthly,Success
S006515,U004340,2024-12-26,34.38,Monthly,Success
S006516,U004340,2025-01-23,34.95,Monthly,Success
S006517,U004340,2025-02-24,34.03,Monthly,Success
S006518,U004340,2025-03-26,34.03,Monthly,Success
S006519,U004342,2024-03-11,333.78,Annual,Success
S006520,U004343,2025-10-03,96.04,Monthly,Success
S006521,U004343,2025-10-31,101.7,Monthly,Success
S006522,U004343,2025-12-02,94.85,Monthly,Success
S006523,U004348,2025-05-03,102.2,Monthly,Success
S006524,U004348,2025-06-02,101.14,Monthly,Success
S006525,U004348,2025-07-02,103.34,Monthly,Success
S006526,U004348,2025-07-31,100.51,Monthly,Success
S006527,U004348,2025-08-29,103.17,Monthly,Success
S006528,U004348,2025-09-29,95.57,Monthly,Success
S006529,U004349,2025-10-07,1005.11,Annual,Success
S006530,U004351,2025-09-16,114.4,Annual,Success
S006531,U004352,2025-05-29,11.78,Monthly,Success
S006532,U004352,2025-06-29,11.64,Monthly,Success
S006533,U004352,2025-07-29,12.46,Monthly,Success
S006534,U004352,2025-08-27,12.35,Monthly,Success
S006535,U004352,2025-09-25,12.12,Monthly,Success
S006536,U004355,2025-04-25,96.76,Monthly,Success
S006537,U004355,2025-05-23,96.41,Monthly,Success
S006538,U004355,2025-06-22,100.81,Monthly,Success
S006539,U004355,2025-07-23,102.24,Monthly,Success
S006540,U004355,2025-08-23,102.11,Monthly,Success
S006541,U004355,2025-09-21,95.54,Monthly,Success
S006542,U004355,2025-10-22,95.85,Monthly,Success
S006543,U004362,2025-06-03,12.24,Monthly,Success
S006544,U004362,2025-07-01,11.93,Monthly,Success
S006545,U004362,2025-07-31,11.52,Monthly,Failed
S006546,U004362,2025-08-31,11.75,Monthly,Success
S006547,U004362,2025-09-30,12.49,Monthly,Success
S006548,U004363,2025-09-03,334.99,Annual,Success
S006549,U004366,2025-07-14,340.78,Annual,Success
S006550,U004367,2024-04-14,12.54,Monthly,Failed
S006551,U004370,2024-07-29,34.98,Monthly,Success
S006552,U004370,2024-08-27,34.06,Monthly,Success
S006553,U004370,2024-09-26,36.17,Monthly,Success
S006554,U004370,2024-10-26,34.93,Monthly,Success
S006555,U004370,2024-11-26,34.31,Monthly,Success
S006556,U004377,2025-01-07,12.39,Monthly,Success
S006557,U004377,2025-02-06,12.05,Monthly,Success
S006558,U004377,2025-03-07,11.98,Monthly,Failed
S006559,U004377,2025-04-06,11.57,Monthly,Success
S006560,U004378,2025-10-11,36.19,Monthly,Success
S006561,U004378,2025-11-12,33.81,Monthly,Success
S006562,U004379,2024-06-27,1005.47,Annual,Success
S006563,U004379,2025-06-26,976.73,Annual,Success
S006564,U004382,2024-04-03,12.55,Monthly,Success
S006565,U004382,2024-05-02,11.65,Monthly,Success
S006566,U004382,2024-06-02,12.56,Monthly,Success
S006567,U004382,2024-07-01,12.12,Monthly,Success
S006568,U004382,2024-08-01,11.77,Monthly,Success
S006569,U004382,2024-08-30,11.87,Monthly,Success
S006570,U004382,2024-10-01,12.26,Monthly,Success
S006571,U004382,2024-10-30,12.38,Monthly,Success
S006572,U004383,2025-05-14,11.76,Monthly,Success
S006573,U004383,2025-06-13,11.47,Monthly,Refunded
S006574,U004383,2025-07-12,11.7,Monthly,Success
S006575,U004383,2025-08-13,11.65,Monthly,Success
S006576,U004389,2024-05-04,1017.96,Annual,Success
S006577,U004391,2024-08-03,1032.83,Annual,Success
S006578,U004392,2025-04-24,11.84,Monthly,Success
S006579,U004392,2025-05-25,11.63,Monthly,Success
S006580,U004392,2025-06-23,12.2,Monthly,Success
S006581,U004392,2025-07-24,11.65,Monthly,Refunded
S006582,U004393,2025-06-27,12.09,Monthly,Success
S006583,U004394,2024-03-02,11.81,Monthly,Success
S006584,U004394,2024-04-02,12.46,Monthly,Success
S006585,U004394,2024-05-03,12.46,Monthly,Success
S006586,U004394,2024-06-01,11.96,Monthly,Success
S006587,U004394,2024-06-30,12.1,Monthly,Success
S006588,U004394,2024-07-30,11.93,Monthly,Success
S006589,U004394,2024-08-31,11.69,Monthly,Success
S006590,U004394,2024-09-28,11.4,Monthly,Success
S006591,U004395,2025-12-06,11.57,Monthly,Success
S006592,U004398,2024-04-11,12.19,Monthly,Success
S006593,U004398,2024-05-09,12.35,Monthly,Success
S006594,U004398,2024-06-08,12.52,Monthly,Success
S006595,U004398,2024-07-09,11.77,Monthly,Success
S006596,U004398,2024-08-08,11.75,Monthly,Success
S006597,U004398,2024-09-06,12.24,Monthly,Success
S006598,U004398,2024-10-06,11.56,Monthly,Success
S006599,U004399,2024-07-17,335.88,Annual,Failed
S006600,U004400,2024-06-04,12.08,Monthly,Success
S006601,U004400,2024-07-02,12.46,Monthly,Success
S006602,U004400,2024-08-02,11.98,Monthly,Success
S006603,U004400,2024-09-02,12.51,Monthly,Success
S006604,U004402,2025-04-13,117.36,Annual,Success
S006605,U004403,2024-09-21,11.93,Monthly,Failed
S006606,U004403,2024-10-21,11.54,Monthly,Success
S006607,U004403,2024-11-22,11.76,Monthly,Success
S006608,U004403,2024-12-21,12.44,Monthly,Success
S006609,U004403,2025-01-21,12.45,Monthly,Success
S006610,U004403,2025-02-18,11.7,Monthly,Success
S006611,U004403,2025-03-20,12.53,Monthly,Success
S006612,U004403,2025-04-21,11.7,Monthly,Success
S006613,U004403,2025-05-21,11.75,Monthly,Success
S006614,U004406,2025-07-18,34.32,Monthly,Success
S006615,U004406,2025-08-18,36.35,Monthly,Success
S006616,U004406,2025-09-17,35.44,Monthly,Success
S006617,U004406,2025-10-16,33.98,Monthly,Success
S006618,U004406,2025-11-15,33.57,Monthly,Success
S006619,U004407,2025-12-06,11.51,Monthly,Success
S006620,U004408,2024-06-20,11.63,Monthly,Success
S006621,U004408,2024-07-20,11.49,Monthly,Refunded
S006622,U004408,2024-08-17,12.02,Monthly,Success
S006623,U004408,2024-09-18,12.4,Monthly,Success
S006624,U004408,2024-10-16,11.7,Monthly,Success
S006625,U004408,2024-11-16,11.74,Monthly,Success
S006626,U004408,2024-12-15,12.37,Monthly,Success
S006627,U004409,2025-01-07,11.86,Monthly,Success
S006628,U004409,2025-02-06,12.57,Monthly,Success
S006629,U004409,2025-03-08,11.65,Monthly,Success
S006630,U004409,2025-04-06,11.85,Monthly,Success
S006631,U004409,2025-05-07,11.65,Monthly,Success
S006632,U004409,2025-06-05,12.02,Monthly,Success
S006633,U004409,2025-07-04,12.46,Monthly,Success
S006634,U004409,2025-08-03,12.27,Monthly,Success
S006635,U004410,2025-05-01,36.46,Monthly,Success
S006636,U004410,2025-06-01,36.31,Monthly,Refunded
S006637,U004410,2025-06-30,33.68,Monthly,Success
S006638,U004410,2025-07-30,33.38,Monthly,Success
S006639,U004410,2025-08-29,35.52,Monthly,Success
S006640,U004410,2025-09-30,34.04,Monthly,Success
S006641,U004410,2025-10-29,34.97,Monthly,Success
S006642,U004413,2025-07-11,990.73,Annual,Success
S006643,U004418,2024-02-05,11.88,Monthly,Success
S006644,U004418,2024-03-05,12.29,Monthly,Success
S006645,U004418,2024-04-04,12.11,Monthly,Refunded
S006646,U004418,2024-05-03,12.32,Monthly,Success
S006647,U004418,2024-06-03,12.35,Monthly,Success
S006648,U004420,2024-07-21,34.92,Monthly,Success
S006649,U004420,2024-08-21,34.23,Monthly,Success
S006650,U004420,2024-09-20,33.42,Monthly,Success
S006651,U004420,2024-10-21,35.09,Monthly,Success
S006652,U004420,2024-11-19,34.46,Monthly,Success
S006653,U004420,2024-12-19,34.26,Monthly,Success
S006654,U004420,2025-01-19,34.21,Monthly,Success
S006655,U004420,2025-02-18,34.2,Monthly,Success
S006656,U004420,2025-03-19,33.54,Monthly,Success
S006657,U004420,2025-04-18,35.75,Monthly,Success
S006658,U004420,2025-05-19,36.38,Monthly,Success
S006659,U004420,2025-06-18,35.55,Monthly,Success
S006660,U004420,2025-07-18,36.13,Monthly,Success
S006661,U004424,2025-08-12,12.07,Monthly,Success
S006662,U004424,2025-09-11,11.71,Monthly,Success
S006663,U004425,2024-11-16,11.4,Monthly,Success
S006664,U004425,2024-12-18,11.94,Monthly,Success
S006665,U004425,2025-01-15,12.23,Monthly,Success
S006666,U004425,2025-02-14,12.32,Monthly,Success
S006667,U004428,2024-05-01,94.17,Monthly,Failed
S006668,U004428,2024-06-02,95.83,Monthly,Success
S006669,U004428,2024-07-01,98.16,Monthly,Success
S006670,U004428,2024-07-31,102.29,Monthly,Success
S006671,U004428,2024-08-29,100.99,Monthly,Success
S006672,U004428,2024-09-30,103.03,Monthly,Success
S006673,U004430,2025-09-19,11.9,Monthly,Failed
S006674,U004435,2024-04-06,96.0,Monthly,Success
S006675,U004435,2024-05-04,100.31,Monthly,Success
S006676,U004435,2024-06-04,102.06,Monthly,Success
S006677,U004435,2024-07-04,97.48,Monthly,Success
S006678,U004435,2024-08-03,94.8,Monthly,Success
S006679,U004435,2024-09-03,95.25,Monthly,Success
S006680,U004435,2024-10-03,95.8,Monthly,Success
S006681,U004436,2024-10-22,352.43,Annual,Success
S006682,U004437,2024-12-14,334.2,Annual,Success
S006683,U004437,2025-12-18,353.72,Annual,Success
S006684,U004438,2025-09-13,11.68,Monthly,Success
S006685,U004439,2025-12-30,12.48,Monthly,Success
S006686,U004440,2024-09-16,12.13,Monthly,Success
S006687,U004440,2024-10-16,11.57,Monthly,Success
S006688,U004440,2024-11-16,12.57,Monthly,Success
S006689,U004440,2024-12-17,12.3,Monthly,Failed
S006690,U004440,2025-01-15,12.02,Monthly,Success
S006691,U004440,2025-02-13,12.14,Monthly,Success
S006692,U004440,2025-03-16,12.53,Monthly,Success
S006693,U004441,2025-11-02,119.09,Annual,Success
S006694,U004444,2025-01-19,12.51,Monthly,Success
S006695,U004444,2025-02-19,12.31,Monthly,Success
S006696,U004444,2025-03-19,11.62,Monthly,Success
S006697,U004444,2025-04-20,11.89,Monthly,Success
S006698,U004444,2025-05-18,12.34,Monthly,Success
S006699,U004444,2025-06-17,11.78,Monthly,Success
S006700,U004445,2025-01-27,101.87,Monthly,Success
S006701,U004445,2025-02-24,99.62,Monthly,Success
S006702,U004445,2025-03-27,101.46,Monthly,Success
S006703,U004445,2025-04-27,97.32,Monthly,Success
S006704,U004445,2025-05-27,102.37,Monthly,Success
S006705,U004445,2025-06-25,102.37,Monthly,Success
S006706,U004445,2025-07-25,102.4,Monthly,Failed
S006707,U004445,2025-08-25,100.29,Monthly,Success
S006708,U004446,2025-12-26,1037.91,Annual,Success
S006709,U004447,2024-07-27,12.04,Monthly,Success
S006710,U004447,2024-08-24,12.17,Monthly,Success
S006711,U004447,2024-09-23,11.89,Monthly,Success
S006712,U004447,2024-10-25,12.43,Monthly,Success
S006713,U004447,2024-11-24,11.73,Monthly,Success
S006714,U004447,2024-12-23,11.54,Monthly,Success
S006715,U004450,2025-08-16,942.54,Annual,Success
S006716,U004453,2025-10-14,121.6,Annual,Success
S006717,U004455,2025-10-26,36.35,Monthly,Success
S006718,U004456,2024-03-20,12.09,Monthly,Success
S006719,U004456,2024-04-20,12.01,Monthly,Success
S006720,U004456,2024-05-19,11.43,Monthly,Success
S006721,U004456,2024-06-18,11.75,Monthly,Success
S006722,U004456,2024-07-17,12.48,Monthly,Success
S006723,U004456,2024-08-18,11.93,Monthly,Success
S006724,U004460,2025-04-28,33.69,Monthly,Success
S006725,U004460,2025-05-29,34.57,Monthly,Success
S006726,U004460,2025-06-27,35.08,Monthly,Success
S006727,U004468,2024-07-05,101.21,Monthly,Success
S006728,U004471,2025-11-18,338.18,Annual,Success
S006729,U004472,2025-12-28,12.5,Monthly,Success
S006730,U004474,2024-12-17,346.91,Annual,Success
S006731,U004474,2025-12-23,356.74,Annual,Success
S006732,U004475,2025-07-12,364.64,Annual,Success
S006733,U004477,2025-02-02,12.24,Monthly,Success
S006734,U004478,2024-12-18,337.26,Annual,Success
S006735,U004478,2025-12-19,343.5,Annual,Success
S006736,U004480,2025-05-16,34.51,Monthly,Success
S006737,U004480,2025-06-14,35.61,Monthly,Success
S006738,U004481,2024-07-07,96.95,Monthly,Success
S006739,U004481,2024-08-07,101.2,Monthly,Success
S006740,U004482,2025-03-10,119.88,Annual,Success
S006741,U004485,2024-08-27,117.92,Annual,Success
S006742,U004485,2025-08-22,123.33,Annual,Success
S006743,U004487,2024-02-06,11.46,Monthly,Success
S006744,U004487,2024-03-08,12.27,Monthly,Success
S006745,U004487,2024-04-07,11.83,Monthly,Success
S006746,U004488,2024-12-17,11.45,Monthly,Success
S006747,U004488,2025-01-16,11.95,Monthly,Success
S006748,U004488,2025-02-14,11.47,Monthly,Success
S006749,U004488,2025-03-17,12.21,Monthly,Success
S006750,U004488,2025-04-15,12.07,Monthly,Success
S006751,U004488,2025-05-16,11.42,Monthly,Success
S006752,U004488,2025-06-15,11.52,Monthly,Success
S006753,U004488,2025-07-15,11.89,Monthly,Success
S006754,U004488,2025-08-13,12.55,Monthly,Success
S006755,U004490,2025-05-12,358.74,Annual,Success
S006756,U004492,2025-07-24,12.09,Monthly,Success
S006757,U004492,2025-08-23,11.93,Monthly,Failed
S006758,U004492,2025-09-24,11.67,Monthly,Success
S006759,U004492,2025-10-23,11.78,Monthly,Success
S006760,U004494,2025-09-20,12.23,Monthly,Success
S006761,U004494,2025-10-20,12.48,Monthly,Success
S006762,U004494,2025-11-19,11.54,Monthly,Success
S006763,U004495,2025-08-17,102.73,Monthly,Success
S006764,U004495,2025-09-17,97.29,Monthly,Success
S006765,U004495,2025-10-15,100.3,Monthly,Success
S006766,U004496,2025-06-05,11.62,Monthly,Success
S006767,U004496,2025-07-06,12.59,Monthly,Success
S006768,U004496,2025-08-03,12.22,Monthly,Success
S006769,U004496,2025-09-03,11.44,Monthly,Success
S006770,U004496,2025-10-04,11.83,Monthly,Success
S006771,U004496,2025-11-03,12.49,Monthly,Success
S006772,U004496,2025-12-02,12.01,Monthly,Success
S006773,U004499,2024-10-05,35.59,Monthly,Success
S006774,U004499,2024-11-04,35.13,Monthly,Success
S006775,U004499,2024-12-04,33.69,Monthly,Success
S006776,U004499,2025-01-03,36.34,Monthly,Success
S006777,U004499,2025-02-02,34.11,Monthly,Success
S006778,U004499,2025-03-04,36.44,Monthly,Success
S006779,U004500,2025-02-06,999.88,Annual,Success
S006780,U004502,2025-04-06,351.15,Annual,Success
S006781,U004505,2025-03-27,352.38,Annual,Success
S006782,U004510,2025-12-03,35.82,Monthly,Success
S006783,U004512,2025-03-11,120.83,Annual,Success
S006784,U004514,2025-06-14,11.89,Monthly,Success
S006785,U004514,2025-07-15,12.52,Monthly,Success
S006786,U004516,2025-01-25,34.33,Monthly,Success
S006787,U004516,2025-02-22,35.52,Monthly,Success
S006788,U004516,2025-03-26,35.66,Monthly,Success
S006789,U004517,2025-04-11,11.44,Monthly,Failed
S006790,U004517,2025-05-10,12.04,Monthly,Success
S006791,U004518,2025-11-16,946.39,Annual,Success
S006792,U004519,2024-08-08,99.3,Monthly,Success
S006793,U004519,2024-09-07,102.5,Monthly,Success
S006794,U004519,2024-10-08,95.93,Monthly,Success
S006795,U004519,2024-11-07,95.14,Monthly,Success
S006796,U004519,2024-12-06,97.62,Monthly,Success
S006797,U004519,2025-01-05,101.12,Monthly,Success
S006798,U004519,2025-02-05,94.82,Monthly,Success
S006799,U004519,2025-03-06,95.98,Monthly,Success
S006800,U004519,2025-04-06,94.29,Monthly,Success
S006801,U004519,2025-05-05,100.1,Monthly,Success
S006802,U004519,2025-06-05,96.1,Monthly,Success
S006803,U004523,2025-11-08,34.52,Monthly,Success
S006804,U004526,2025-02-09,11.81,Monthly,Success
S006805,U004526,2025-03-10,11.72,Monthly,Success
S006806,U004526,2025-04-09,12.32,Monthly,Success
S006807,U004526,2025-05-09,11.64,Monthly,Success
S006808,U004527,2025-08-24,99.3,Monthly,Success
S006809,U004527,2025-09-24,97.95,Monthly,Success
S006810,U004527,2025-10-23,97.25,Monthly,Success
S006811,U004528,2025-11-23,349.05,Annual,Success
S006812,U004533,2024-09-22,11.62,Monthly,Success
S006813,U004533,2024-10-22,11.87,Monthly,Success
S006814,U004534,2024-11-11,36.57,Monthly,Success
S006815,U004534,2024-12-09,33.49,Monthly,Success
S006816,U004534,2025-01-08,34.85,Monthly,Success
S006817,U004534,2025-02-09,34.42,Monthly,Success
S006818,U004535,2025-05-06,120.73,Annual,Success
S006819,U004537,2025-02-06,11.84,Monthly,Success
S006820,U004537,2025-03-09,12.38,Monthly,Success
S006821,U004537,2025-04-07,11.98,Monthly,Success
S006822,U004537,2025-05-08,11.65,Monthly,Success
S006823,U004537,2025-06-08,12.01,Monthly,Success
S006824,U004537,2025-07-06,11.6,Monthly,Success
S006825,U004538,2025-06-11,974.87,Annual,Success
S006826,U004541,2024-07-17,119.44,Annual,Success
S006827,U004541,2025-07-17,114.29,Annual,Success
S006828,U004542,2025-04-10,11.59,Monthly,Success
S006829,U004542,2025-05-08,11.59,Monthly,Success
S006830,U004542,2025-06-08,12.5,Monthly,Success
S006831,U004542,2025-07-08,12.43,Monthly,Success
S006832,U004542,2025-08-08,12.04,Monthly,Success
S006833,U004542,2025-09-06,11.5,Monthly,Success
S006834,U004542,2025-10-07,11.44,Monthly,Success
S006835,U004543,2024-08-25,99.58,Monthly,Success
S006836,U004543,2024-09-24,97.01,Monthly,Success
S006837,U004543,2024-10-24,96.1,Monthly,Success
S006838,U004543,2024-11-23,99.07,Monthly,Success
S006839,U004543,2024-12-22,98.62,Monthly,Success
S006840,U004543,2025-01-22,101.37,Monthly,Success
S006841,U004543,2025-02-21,96.26,Monthly,Failed
S006842,U004543,2025-03-24,101.34,Monthly,Failed
S006843,U004543,2025-04-21,96.4,Monthly,Success
S006844,U004543,2025-05-23,95.55,Monthly,Success
S006845,U004543,2025-06-21,100.14,Monthly,Success
S006846,U004543,2025-07-22,96.16,Monthly,Success
S006847,U004543,2025-08-21,102.83,Monthly,Success
S006848,U004543,2025-09-20,103.88,Monthly,Refunded
S006849,U004543,2025-10-19,102.02,Monthly,Success
S006850,U004547,2024-01-26,1036.44,Annual,Success
S006851,U004548,2025-07-03,119.41,Annual,Success
S006852,U004549,2025-07-09,36.13,Monthly,Success
S006853,U004549,2025-08-10,36.29,Monthly,Success
S006854,U004549,2025-09-09,34.42,Monthly,Success
S006855,U004551,2025-11-28,34.88,Monthly,Success
S006856,U004552,2024-01-29,12.58,Monthly,Success
S006857,U004552,2024-02-29,11.94,Monthly,Failed
S006858,U004552,2024-03-30,11.83,Monthly,Success
S006859,U004552,2024-04-28,11.69,Monthly,Success
S006860,U004552,2024-05-30,12.52,Monthly,Success
S006861,U004552,2024-06-28,12.33,Monthly,Success
S006862,U004555,2025-03-06,115.76,Annual,Success
S006863,U004557,2025-07-06,12.47,Monthly,Success
S006864,U004560,2025-12-30,12.0,Monthly,Success
S006865,U004562,2024-10-26,12.06,Monthly,Success
S006866,U004563,2025-11-02,12.2,Monthly,Success
S006867,U004564,2024-03-09,98.91,Monthly,Success
S006868,U004564,2024-04-06,95.04,Monthly,Success
S006869,U004564,2024-05-06,97.39,Monthly,Failed
S006870,U004564,2024-06-06,96.15,Monthly,Success
S006871,U004564,2024-07-06,98.03,Monthly,Success
S006872,U004566,2025-11-13,365.64,Annual,Refunded
S006873,U004567,2024-09-29,11.92,Monthly,Success
S006874,U004567,2024-10-29,12.56,Monthly,Success
S006875,U004567,2024-11-30,11.8,Monthly,Success
S006876,U004567,2024-12-29,11.48,Monthly,Success
S006877,U004567,2025-01-29,11.79,Monthly,Success
S006878,U004567,2025-02-26,11.82,Monthly,Success
S006879,U004568,2024-09-01,12.13,Monthly,Success
S006880,U004568,2024-09-30,12.33,Monthly,Success
S006881,U004568,2024-10-29,12.12,Monthly,Success
S006882,U004568,2024-11-29,11.65,Monthly,Success
S006883,U004568,2024-12-30,11.5,Monthly,Success
S006884,U004568,2025-01-29,12.5,Monthly,Success
S006885,U004568,2025-02-28,11.68,Monthly,Success
S006886,U004568,2025-03-28,12.52,Monthly,Success
S006887,U004569,2024-06-19,125.41,Annual,Success
S006888,U004569,2025-06-19,124.51,Annual,Success
S006889,U004570,2025-10-24,122.78,Annual,Failed
S006890,U004572,2025-07-18,965.51,Annual,Success
S006891,U004573,2024-09-17,11.46,Monthly,Success
S006892,U004573,2024-10-15,12.21,Monthly,Success
S006893,U004575,2025-08-30,102.4,Monthly,Success
S006894,U004577,2025-01-31,987.62,Annual,Success
S006895,U004579,2025-12-21,35.79,Monthly,Success
S006896,U004580,2025-06-26,11.55,Monthly,Success
S006897,U004580,2025-07-26,12.56,Monthly,Success
S006898,U004585,2025-07-26,1013.83,Annual,Failed
S006899,U004587,2025-01-18,114.62,Annual,Success
S006900,U004588,2024-06-07,35.34,Monthly,Success
S006901,U004588,2024-07-07,34.64,Monthly,Success
S006902,U004588,2024-08-07,34.66,Monthly,Success
S006903,U004588,2024-09-04,34.12,Monthly,Success
S006904,U004588,2024-10-04,34.45,Monthly,Success
S006905,U004588,2024-11-03,33.36,Monthly,Success
S006906,U004588,2024-12-03,36.24,Monthly,Success
S006907,U004589,2025-07-11,978.96,Annual,Success
S006908,U004591,2025-05-16,333.89,Annual,Success
S006909,U004593,2025-04-01,36.51,Monthly,Success
S006910,U004593,2025-04-30,34.91,Monthly,Success
S006911,U004593,2025-05-31,36.07,Monthly,Success
S006912,U004593,2025-06-29,33.94,Monthly,Success
S006913,U004593,2025-07-29,34.29,Monthly,Success
S006914,U004593,2025-08-29,35.44,Monthly,Success
S006915,U004593,2025-09-26,36.69,Monthly,Failed
S006916,U004593,2025-10-28,33.43,Monthly,Success
S006917,U004593,2025-11-25,36.7,Monthly,Success
S006918,U004594,2024-11-15,33.71,Monthly,Failed
S006919,U004594,2024-12-16,34.23,Monthly,Success
S006920,U004594,2025-01-13,36.67,Monthly,Success
S006921,U004594,2025-02-13,35.16,Monthly,Success
S006922,U004594,2025-03-14,35.71,Monthly,Success
S006923,U004594,2025-04-13,36.45,Monthly,Success
S006924,U004594,2025-05-14,36.15,Monthly,Failed
S006925,U004594,2025-06-13,36.09,Monthly,Success
S006926,U004594,2025-07-12,36.02,Monthly,Success
S006927,U004594,2025-08-12,36.1,Monthly,Success
S006928,U004599,2025-01-24,991.23,Annual,Success
S006929,U004601,2024-08-11,33.29,Monthly,Success
S006930,U004601,2024-09-09,34.39,Monthly,Success
S006931,U004601,2024-10-10,33.52,Monthly,Success
S006932,U004603,2025-11-16,1023.38,Annual,Success
S006933,U004604,2024-12-28,11.89,Monthly,Success
S006934,U004604,2025-01-28,12.06,Monthly,Success
S006935,U004604,2025-02-28,12.25,Monthly,Success
S006936,U004604,2025-03-28,12.56,Monthly,Failed
S006937,U004604,2025-04-28,12.44,Monthly,Success
S006938,U004604,2025-05-29,12.17,Monthly,Success
S006939,U004604,2025-06-28,12.2,Monthly,Success
S006940,U004605,2025-08-25,349.54,Annual,Success
S006941,U004610,2025-01-03,11.73,Monthly,Success
S006942,U004611,2024-12-07,12.35,Monthly,Success
S006943,U004611,2025-01-06,12.33,Monthly,Success
S006944,U004611,2025-02-05,11.51,Monthly,Success
S006945,U004611,2025-03-07,12.52,Monthly,Success
S006946,U004611,2025-04-06,11.69,Monthly,Success
S006947,U004611,2025-05-04,12.07,Monthly,Success
S006948,U004611,2025-06-03,11.6,Monthly,Success
S006949,U004613,2025-03-20,119.71,Annual,Success
S006950,U004614,2024-05-14,12.18,Monthly,Success
S006951,U004614,2024-06-13,12.02,Monthly,Success
S006952,U004614,2024-07-13,12.47,Monthly,Success
S006953,U004614,2024-08-12,12.3,Monthly,Success
S006954,U004616,2024-11-19,11.82,Monthly,Success
S006955,U004616,2024-12-19,11.45,Monthly,Success
S006956,U004617,2025-09-27,34.41,Monthly,Success
S006957,U004619,2024-11-07,11.55,Monthly,Success
S006958,U004620,2025-10-22,118.29,Annual,Failed
S006959,U004621,2025-10-26,339.39,Annual,Success
S006960,U004623,2024-06-28,361.19,Annual,Success
S006961,U004627,2024-12-01,36.35,Monthly,Success
S006962,U004627,2024-12-29,33.9,Monthly,Success
S006963,U004627,2025-01-30,33.61,Monthly,Success
S006964,U004627,2025-03-01,36.42,Monthly,Success
S006965,U004627,2025-03-30,36.18,Monthly,Success
S006966,U004627,2025-04-30,34.86,Monthly,Refunded
S006967,U004627,2025-05-29,34.1,Monthly,Success
S006968,U004627,2025-06-28,35.41,Monthly,Success
S006969,U004634,2025-10-23,11.93,Monthly,Success
S006970,U004634,2025-11-22,12.35,Monthly,Success
S006971,U004635,2024-06-16,348.89,Annual,Success
S006972,U004635,2025-06-17,360.0,Annual,Success
S006973,U004636,2025-12-10,96.8,Monthly,Success
S006974,U004637,2024-11-27,12.5,Monthly,Success
S006975,U004637,2024-12-29,12.17,Monthly,Success
S006976,U004637,2025-01-28,12.43,Monthly,Success
S006977,U004637,2025-02-27,12.05,Monthly,Success
S006978,U004637,2025-03-27,12.55,Monthly,Success
S006979,U004637,2025-04-26,11.61,Monthly,Success
S006980,U004640,2025-09-29,120.45,Annual,Success
S006981,U004642,2024-11-16,362.2,Annual,Success
S006982,U004643,2025-10-27,1006.46,Annual,Success
S006983,U004644,2024-06-08,35.28,Monthly,Success
S006984,U004644,2024-07-07,34.14,Monthly,Success
S006985,U004644,2024-08-06,36.17,Monthly,Success
S006986,U004644,2024-09-05,35.21,Monthly,Success
S006987,U004644,2024-10-07,35.77,Monthly,Success
S006988,U004644,2024-11-05,34.56,Monthly,Success
S006989,U004644,2024-12-05,35.95,Monthly,Success
S006990,U004647,2025-07-16,35.05,Monthly,Success
S006991,U004647,2025-08-13,34.79,Monthly,Success
S006992,U004647,2025-09-13,33.68,Monthly,Success
S006993,U004647,2025-10-12,33.79,Monthly,Success
S006994,U004648,2024-09-28,122.18,Annual,Success
S006995,U004650,2024-07-15,35.28,Monthly,Success
S006996,U004650,2024-08-14,36.09,Monthly,Success
S006997,U004650,2024-09-14,34.7,Monthly,Success
S006998,U004650,2024-10-12,35.7,Monthly,Success
S006999,U004650,2024-11-12,34.58,Monthly,Success
S007000,U004650,2024-12-12,34.39,Monthly,Success
S007001,U004650,2025-01-11,36.5,Monthly,Success
S007002,U004650,2025-02-09,35.69,Monthly,Success
S007003,U004650,2025-03-13,36.53,Monthly,Success
S007004,U004650,2025-04-10,33.91,Monthly,Success
S007005,U004650,2025-05-11,36.66,Monthly,Failed
S007006,U004650,2025-06-09,36.44,Monthly,Success
S007007,U004651,2024-03-13,11.87,Monthly,Failed
S007008,U004651,2024-04-13,11.58,Monthly,Success
S007009,U004652,2025-08-06,11.86,Monthly,Failed
S007010,U004654,2025-10-19,346.19,Annual,Success
S007011,U004655,2025-01-11,120.33,Annual,Success
S007012,U004657,2025-10-16,123.86,Annual,Success
S007013,U004659,2024-08-03,35.12,Monthly,Success
S007014,U004659,2024-09-03,36.31,Monthly,Success
S007015,U004659,2024-10-03,34.88,Monthly,Success
S007016,U004659,2024-11-02,35.36,Monthly,Success
S007017,U004659,2024-12-02,34.57,Monthly,Success
S007018,U004659,2024-12-30,34.17,Monthly,Failed
S007019,U004659,2025-01-30,35.97,Monthly,Success
S007020,U004661,2025-04-08,973.06,Annual,Failed
S007021,U004663,2025-03-03,11.52,Monthly,Success
S007022,U004663,2025-03-31,11.9,Monthly,Success
S007023,U004663,2025-05-01,12.46,Monthly,Success
S007024,U004663,2025-05-31,12.03,Monthly,Success
S007025,U004663,2025-07-01,12.3,Monthly,Success
S007026,U004663,2025-07-29,11.97,Monthly,Success
S007027,U004663,2025-08-28,12.37,Monthly,Success
S007028,U004663,2025-09-27,11.48,Monthly,Success
S007029,U004664,2025-10-07,36.13,Monthly,Success
S007030,U004666,2025-08-01,11.76,Monthly,Success
S007031,U004666,2025-09-01,11.49,Monthly,Success
S007032,U004666,2025-10-01,12.11,Monthly,Success
S007033,U004666,2025-10-31,12.56,Monthly,Success
S007034,U004667,2024-05-10,102.15,Monthly,Success
S007035,U004667,2024-06-11,97.41,Monthly,Success
S007036,U004667,2024-07-10,97.66,Monthly,Success
S007037,U004667,2024-08-08,96.31,Monthly,Success
S007038,U004668,2025-10-11,333.75,Annual,Success
S007039,U004673,2025-08-11,954.28,Annual,Success
S007040,U004674,2024-05-19,360.72,Annual,Success
S007041,U004675,2025-01-28,345.66,Annual,Success
S007042,U004677,2024-03-04,33.25,Monthly,Success
S007043,U004677,2024-04-04,35.54,Monthly,Success
S007044,U004677,2024-05-03,33.4,Monthly,Success
S007045,U004677,2024-06-02,36.06,Monthly,Success
S007046,U004677,2024-07-03,36.05,Monthly,Success
S007047,U004677,2024-08-02,34.25,Monthly,Success
S007048,U004677,2024-09-02,36.4,Monthly,Success
S007049,U004677,2024-10-01,34.92,Monthly,Success
S007050,U004677,2024-10-30,35.32,Monthly,Success
S007051,U004677,2024-12-01,34.57,Monthly,Success
S007052,U004677,2024-12-30,34.49,Monthly,Success
S007053,U004677,2025-01-29,35.91,Monthly,Success
S007054,U004679,2025-07-16,11.58,Monthly,Failed
S007055,U004679,2025-08-14,12.42,Monthly,Failed
S007056,U004679,2025-09-14,11.87,Monthly,Success
S007057,U004679,2025-10-13,11.46,Monthly,Success
S007058,U004680,2025-06-23,114.77,Annual,Success
S007059,U004682,2024-09-28,123.0,Annual,Success
S007060,U004684,2024-11-07,122.32,Annual,Success
S007061,U004685,2025-09-08,121.54,Annual,Success
S007062,U004686,2025-01-13,355.23,Annual,Success
S007063,U004687,2024-06-15,968.88,Annual,Success
S007064,U004688,2024-01-17,11.84,Monthly,Success
S007065,U004688,2024-02-16,12.12,Monthly,Success
S007066,U004688,2024-03-17,11.63,Monthly,Success
S007067,U004688,2024-04-15,11.82,Monthly,Success
S007068,U004688,2024-05-15,12.55,Monthly,Success
S007069,U004688,2024-06-16,11.88,Monthly,Success
S007070,U004688,2024-07-15,11.4,Monthly,Success
S007071,U004688,2024-08-13,12.12,Monthly,Success
S007072,U004688,2024-09-12,11.8,Monthly,Success
S007073,U004688,2024-10-14,12.39,Monthly,Success
S007074,U004688,2024-11-12,12.59,Monthly,Success
S007075,U004689,2025-04-25,11.77,Monthly,Success
S007076,U004689,2025-05-27,12.29,Monthly,Success
S007077,U004689,2025-06-25,11.65,Monthly,Success
S007078,U004689,2025-07-24,12.32,Monthly,Success
S007079,U004689,2025-08-23,11.53,Monthly,Success
S007080,U004690,2025-12-22,12.6,Monthly,Success
S007081,U004691,2024-12-31,120.72,Annual,Success
S007082,U004693,2024-12-10,97.04,Monthly,Success
S007083,U004693,2025-01-07,101.3,Monthly,Success
S007084,U004693,2025-02-06,101.81,Monthly,Success
S007085,U004693,2025-03-10,103.65,Monthly,Success
S007086,U004693,2025-04-09,95.73,Monthly,Success
S007087,U004693,2025-05-07,101.42,Monthly,Refunded
S007088,U004693,2025-06-07,96.54,Monthly,Success
S007089,U004700,2025-12-28,122.4,Annual,Success
S007090,U004703,2025-07-06,12.13,Monthly,Success
S007091,U004703,2025-08-07,12.15,Monthly,Success
S007092,U004706,2025-02-05,11.98,Monthly,Success
S007093,U004706,2025-03-07,12.55,Monthly,Success
S007094,U004710,2025-06-28,33.42,Monthly,Success
S007095,U004710,2025-07-28,35.17,Monthly,Success
S007096,U004710,2025-08-26,34.83,Monthly,Success
S007097,U004710,2025-09-26,33.94,Monthly,Success
S007098,U004711,2025-02-04,341.4,Annual,Success
S007099,U004712,2025-02-28,11.91,Monthly,Success
S007100,U004716,2024-11-21,11.72,Monthly,Success
S007101,U004716,2024-12-22,12.52,Monthly,Success
S007102,U004716,2025-01-20,11.79,Monthly,Success
S007103,U004716,2025-02-18,11.74,Monthly,Success
S007104,U004716,2025-03-21,12.31,Monthly,Success
S007105,U004720,2025-11-23,12.11,Monthly,Success
S007106,U004721,2024-12-11,1028.83,Annual,Success
S007107,U004721,2025-12-15,945.4,Annual,Success
S007108,U004722,2024-03-17,362.16,Annual,Success
S007109,U004725,2024-09-01,346.91,Annual,Success
S007110,U004726,2024-01-01,11.96,Monthly,Success
S007111,U004726,2024-02-02,12.07,Monthly,Success
S007112,U004726,2024-03-03,11.88,Monthly,Failed
S007113,U004726,2024-03-31,11.59,Monthly,Success
S007114,U004726,2024-05-01,11.76,Monthly,Success
S007115,U004726,2024-05-31,12.11,Monthly,Success
S007116,U004726,2024-07-01,11.66,Monthly,Success
S007117,U004726,2024-07-30,12.37,Monthly,Success
S007118,U004726,2024-08-30,11.83,Monthly,Success
S007119,U004726,2024-09-28,11.58,Monthly,Success
S007120,U004726,2024-10-28,11.83,Monthly,Success
S007121,U004726,2024-11-27,11.84,Monthly,Success
S007122,U004726,2024-12-27,11.86,Monthly,Success
S007123,U004727,2025-11-19,11.83,Monthly,Success
S007124,U004728,2025-10-20,338.39,Annual,Success
S007125,U004729,2025-08-20,34.97,Monthly,Success
S007126,U004730,2024-07-15,982.32,Annual,Success
S007127,U004731,2024-05-28,12.19,Monthly,Success
S007128,U004731,2024-06-27,12.06,Monthly,Success
S007129,U004731,2024-07-25,11.88,Monthly,Success
S007130,U004731,2024-08-25,11.62,Monthly,Success
S007131,U004731,2024-09-25,11.58,Monthly,Success
S007132,U004731,2024-10-25,12.43,Monthly,Success
S007133,U004732,2024-03-30,11.79,Monthly,Success
S007134,U004732,2024-04-29,11.74,Monthly,Success
S007135,U004732,2024-05-30,11.83,Monthly,Success
S007136,U004732,2024-06-28,11.94,Monthly,Success
S007137,U004734,2025-11-26,36.04,Monthly,Success
S007138,U004735,2025-02-15,120.16,Annual,Success
S007139,U004736,2024-05-27,361.42,Annual,Success
S007140,U004737,2025-04-05,1008.84,Annual,Success
S007141,U004738,2024-12-14,11.57,Monthly,Success
S007142,U004738,2025-01-11,12.26,Monthly,Success
S007143,U004738,2025-02-10,11.5,Monthly,Success
S007144,U004738,2025-03-13,12.46,Monthly,Success
S007145,U004738,2025-04-11,11.78,Monthly,Success
S007146,U004739,2025-01-01,12.17,Monthly,Success
S007147,U004739,2025-01-31,12.54,Monthly,Success
S007148,U004739,2025-03-02,11.77,Monthly,Success
S007149,U004739,2025-04-01,12.08,Monthly,Success
S007150,U004739,2025-05-01,11.92,Monthly,Success
S007151,U004740,2025-06-14,356.66,Annual,Success
S007152,U004741,2025-08-09,11.84,Monthly,Failed
S007153,U004741,2025-09-07,12.5,Monthly,Success
S007154,U004741,2025-10-06,11.6,Monthly,Success
S007155,U004744,2025-12-29,36.5,Monthly,Success
S007156,U004745,2024-09-10,11.47,Monthly,Success
S007157,U004745,2024-10-09,12.53,Monthly,Success
S007158,U004745,2024-11-08,12.39,Monthly,Success
S007159,U004745,2024-12-10,12.06,Monthly,Success
S007160,U004745,2025-01-07,12.02,Monthly,Success
S007161,U004746,2024-03-12,12.21,Monthly,Success
S007162,U004746,2024-04-13,12.32,Monthly,Success
S007163,U004746,2024-05-12,11.99,Monthly,Success
S007164,U004746,2024-06-10,12.58,Monthly,Success
S007165,U004746,2024-07-10,12.08,Monthly,Success
S007166,U004746,2024-08-09,12.06,Monthly,Success
S007167,U004748,2024-02-24,100.86,Monthly,Success
S007168,U004748,2024-03-24,98.24,Monthly,Failed
S007169,U004748,2024-04-25,98.84,Monthly,Success
S007170,U004748,2024-05-24,97.21,Monthly,Success
S007171,U004748,2024-06-23,101.36,Monthly,Success
S007172,U004748,2024-07-24,98.54,Monthly,Success
S007173,U004752,2025-02-18,12.17,Monthly,Success
S007174,U004752,2025-03-22,12.48,Monthly,Success
S007175,U004752,2025-04-21,12.05,Monthly,Success
S007176,U004752,2025-05-19,11.46,Monthly,Success
S007177,U004752,2025-06-19,12.49,Monthly,Success
S007178,U004752,2025-07-18,12.1,Monthly,Success
S007179,U004752,2025-08-19,12.29,Monthly,Success
S007180,U004755,2025-10-24,124.35,Annual,Success
S007181,U004757,2024-01-17,12.42,Monthly,Success
S007182,U004757,2024-02-14,11.61,Monthly,Success
S007183,U004758,2025-09-09,353.47,Annual,Success
S007184,U004759,2025-03-03,36.47,Monthly,Success
S007185,U004759,2025-04-01,34.26,Monthly,Success
S007186,U004759,2025-05-01,33.87,Monthly,Success
S007187,U004761,2025-03-16,11.72,Monthly,Success
S007188,U004761,2025-04-16,11.84,Monthly,Success
S007189,U004761,2025-05-16,12.37,Monthly,Success
S007190,U004761,2025-06-16,12.52,Monthly,Success
S007191,U004762,2025-12-27,11.6,Monthly,Success
S007192,U004763,2025-08-27,35.54,Monthly,Success
S007193,U004763,2025-09-28,34.09,Monthly,Success
S007194,U004763,2025-10-26,33.9,Monthly,Success
S007195,U004764,2024-09-27,355.66,Annual,Success
S007196,U004764,2025-09-23,364.71,Annual,Success
S007197,U004769,2025-07-31,12.46,Monthly,Success
S007198,U004769,2025-09-01,12.58,Monthly,Success
S007199,U004770,2024-12-09,35.07,Monthly,Success
S007200,U004770,2025-01-10,35.4,Monthly,Success
S007201,U004772,2025-01-21,34.53,Monthly,Success
S007202,U004772,2025-02-21,36.33,Monthly,Success
S007203,U004772,2025-03-24,33.56,Monthly,Success
S007204,U004772,2025-04-23,34.2,Monthly,Success
S007205,U004772,2025-05-23,35.95,Monthly,Success
S007206,U004772,2025-06-22,33.84,Monthly,Success
S007207,U004772,2025-07-21,36.16,Monthly,Success
S007208,U004773,2024-09-13,36.05,Monthly,Success
S007209,U004773,2024-10-11,34.86,Monthly,Success
S007210,U004773,2024-11-10,33.31,Monthly,Success
S007211,U004773,2024-12-12,36.13,Monthly,Success
S007212,U004773,2025-01-10,34.33,Monthly,Success
S007213,U004773,2025-02-09,36.7,Monthly,Success
S007214,U004773,2025-03-11,34.54,Monthly,Success
S007215,U004773,2025-04-10,36.26,Monthly,Success
S007216,U004773,2025-05-11,34.68,Monthly,Success
S007217,U004773,2025-06-10,35.81,Monthly,Success
S007218,U004773,2025-07-09,33.65,Monthly,Success
S007219,U004773,2025-08-07,35.25,Monthly,Success
S007220,U004773,2025-09-08,34.02,Monthly,Success
S007221,U004776,2025-10-07,11.73,Monthly,Success
S007222,U004778,2024-11-12,12.28,Monthly,Success
S007223,U004778,2024-12-10,11.51,Monthly,Success
S007224,U004779,2024-09-22,123.48,Annual,Success
S007225,U004781,2024-03-30,11.94,Monthly,Success
S007226,U004781,2024-04-29,12.29,Monthly,Success
S007227,U004781,2024-05-28,11.66,Monthly,Success
S007228,U004781,2024-06-27,12.41,Monthly,Success
S007229,U004781,2024-07-29,11.79,Monthly,Success
S007230,U004781,2024-08-26,12.23,Monthly,Success
S007231,U004781,2024-09-26,12.33,Monthly,Success
S007232,U004783,2025-05-02,11.42,Monthly,Success
S007233,U004783,2025-06-01,11.62,Monthly,Success
S007234,U004783,2025-07-02,11.59,Monthly,Success
S007235,U004783,2025-07-31,12.5,Monthly,Success
S007236,U004783,2025-09-01,12.33,Monthly,Success
S007237,U004783,2025-09-29,11.46,Monthly,Success
S007238,U004783,2025-10-29,11.56,Monthly,Success
S007239,U004783,2025-11-28,11.57,Monthly,Success
S007240,U004785,2025-02-01,11.56,Monthly,Success
S007241,U004785,2025-03-03,12.17,Monthly,Success
S007242,U004785,2025-04-02,11.56,Monthly,Success
S007243,U004785,2025-04-30,11.73,Monthly,Success
S007244,U004785,2025-05-30,12.52,Monthly,Success
S007245,U004785,2025-07-01,11.57,Monthly,Success
S007246,U004788,2025-11-17,366.12,Annual,Success
S007247,U004791,2024-05-14,12.12,Monthly,Success
S007248,U004792,2025-12-10,36.0,Monthly,Success
S007249,U004794,2024-11-02,116.15,Annual,Success
S007250,U004797,2024-07-11,11.52,Monthly,Success
S007251,U004797,2024-08-10,12.58,Monthly,Success
S007252,U004797,2024-09-09,11.44,Monthly,Success
S007253,U004797,2024-10-09,12.38,Monthly,Success
S007254,U004797,2024-11-06,12.25,Monthly,Success
S007255,U004797,2024-12-08,11.53,Monthly,Success
S007256,U004797,2025-01-07,12.3,Monthly,Success
S007257,U004797,2025-02-04,12.04,Monthly,Success
S007258,U004799,2024-05-29,1035.57,Annual,Failed
S007259,U004801,2024-05-30,33.79,Monthly,Success
S007260,U004801,2024-07-01,35.95,Monthly,Failed
S007261,U004801,2024-07-29,36.71,Monthly,Success
S007262,U004802,2024-04-01,34.65,Monthly,Success
S007263,U004803,2025-11-17,101.67,Monthly,Success
S007264,U004805,2025-10-08,952.04,Annual,Success
S007265,U004806,2025-04-26,94.8,Monthly,Success
S007266,U004806,2025-05-27,101.16,Monthly,Success
S007267,U004806,2025-06-25,97.44,Monthly,Success
S007268,U004806,2025-07-24,99.69,Monthly,Success
S007269,U004806,2025-08-24,97.0,Monthly,Success
S007270,U004806,2025-09-23,99.61,Monthly,Success
S007271,U004808,2025-12-10,12.28,Monthly,Success
S007272,U004810,2025-10-24,12.01,Monthly,Success
S007273,U004810,2025-11-23,12.37,Monthly,Success
S007274,U004811,2024-07-16,116.05,Annual,Success
S007275,U004813,2024-01-23,124.66,Annual,Success
S007276,U004815,2025-09-07,333.77,Annual,Success
S007277,U004817,2025-11-18,11.85,Monthly,Success
S007278,U004820,2024-08-13,35.87,Monthly,Success
S007279,U004820,2024-09-10,33.26,Monthly,Failed
S007280,U004820,2024-10-10,35.38,Monthly,Success
S007281,U004820,2024-11-10,35.96,Monthly,Success
S007282,U004820,2024-12-09,34.8,Monthly,Success
S007283,U004820,2025-01-08,35.2,Monthly,Success
S007284,U004820,2025-02-07,34.81,Monthly,Success
S007285,U004823,2025-01-02,997.98,Annual,Success
S007286,U004825,2025-05-01,350.85,Annual,Success
S007287,U004829,2024-11-13,98.9,Monthly,Success
S007288,U004831,2025-09-21,1035.13,Annual,Success
S007289,U004832,2025-08-18,98.23,Monthly,Success
S007290,U004833,2025-06-26,11.79,Monthly,Success
S007291,U004833,2025-07-27,11.51,Monthly,Success
S007292,U004833,2025-08-27,12.29,Monthly,Success
S007293,U004833,2025-09-26,11.65,Monthly,Success
S007294,U004833,2025-10-24,12.27,Monthly,Success
S007295,U004833,2025-11-23,11.58,Monthly,Success
S007296,U004834,2024-07-02,12.37,Monthly,Success
S007297,U004834,2024-07-31,12.56,Monthly,Success
S007298,U004834,2024-08-31,12.5,Monthly,Success
S007299,U004834,2024-10-01,12.24,Monthly,Success
S007300,U004834,2024-10-31,11.84,Monthly,Success
S007301,U004834,2024-11-28,12.56,Monthly,Success
S007302,U004834,2024-12-29,12.33,Monthly,Success
S007303,U004834,2025-01-28,12.07,Monthly,Success
S007304,U004834,2025-02-26,11.99,Monthly,Success
S007305,U004834,2025-03-29,12.25,Monthly,Success
S007306,U004835,2025-04-27,339.74,Annual,Success
S007307,U004838,2025-01-28,12.34,Monthly,Success
S007308,U004838,2025-03-01,11.58,Monthly,Success
S007309,U004838,2025-03-31,11.97,Monthly,Success
S007310,U004838,2025-04-30,12.07,Monthly,Success
S007311,U004838,2025-05-28,12.23,Monthly,Success
S007312,U004838,2025-06-27,11.82,Monthly,Success
S007313,U004839,2024-02-26,11.66,Monthly,Success
S007314,U004839,2024-03-25,12.13,Monthly,Success
S007315,U004839,2024-04-26,12.41,Monthly,Success
S007316,U004839,2024-05-25,12.14,Monthly,Success
S007317,U004839,2024-06-23,11.89,Monthly,Success
S007318,U004840,2024-10-15,11.8,Monthly,Success
S007319,U004840,2024-11-13,12.47,Monthly,Success
S007320,U004843,2024-12-14,33.32,Monthly,Success
S007321,U004843,2025-01-13,35.03,Monthly,Success
S007322,U004843,2025-02-12,33.64,Monthly,Success
S007323,U004843,2025-03-14,33.93,Monthly,Success
S007324,U004843,2025-04-15,35.28,Monthly,Success
S007325,U004843,2025-05-15,34.99,Monthly,Success
S007326,U004843,2025-06-13,35.14,Monthly,Success
S007327,U004843,2025-07-13,35.47,Monthly,Success
S007328,U004843,2025-08-13,34.92,Monthly,Success
S007329,U004843,2025-09-11,36.75,Monthly,Success
S007330,U004845,2024-07-24,33.94,Monthly,Success
S007331,U004845,2024-08-23,33.97,Monthly,Success
S007332,U004845,2024-09-23,33.95,Monthly,Success
S007333,U004845,2024-10-22,36.02,Monthly,Success
S007334,U004845,2024-11-21,34.97,Monthly,Success
S007335,U004845,2024-12-22,34.14,Monthly,Success
S007336,U004845,2025-01-20,34.73,Monthly,Success
S007337,U004845,2025-02-20,34.58,Monthly,Success
S007338,U004845,2025-03-22,34.05,Monthly,Success
S007339,U004845,2025-04-21,34.87,Monthly,Success
S007340,U004845,2025-05-19,34.75,Monthly,Success
S007341,U004845,2025-06-20,36.52,Monthly,Success
S007342,U004845,2025-07-20,33.85,Monthly,Success
S007343,U004845,2025-08-17,35.18,Monthly,Success
S007344,U004845,2025-09-16,35.48,Monthly,Success
S007345,U004845,2025-10-18,33.89,Monthly,Success
S007346,U004845,2025-11-15,36.61,Monthly,Failed
S007347,U004847,2025-12-07,11.59,Monthly,Success
S007348,U004848,2024-06-17,341.26,Annual,Success
S007349,U004851,2025-12-24,11.72,Monthly,Success
S007350,U004854,2024-12-09,12.29,Monthly,Success
S007351,U004854,2025-01-06,11.83,Monthly,Success
S007352,U004854,2025-02-07,11.43,Monthly,Success
S007353,U004854,2025-03-08,12.47,Monthly,Success
S007354,U004854,2025-04-06,11.95,Monthly,Success
S007355,U004856,2024-08-06,11.55,Monthly,Success
S007356,U004858,2025-12-07,355.04,Annual,Success
S007357,U004860,2025-11-06,12.35,Monthly,Success
S007358,U004861,2025-06-16,117.82,Annual,Success
S007359,U004865,2024-11-17,36.48,Monthly,Success
S007360,U004865,2024-12-15,35.56,Monthly,Success
S007361,U004865,2025-01-14,33.52,Monthly,Success
S007362,U004865,2025-02-14,35.07,Monthly,Success
S007363,U004865,2025-03-17,35.77,Monthly,Success
S007364,U004866,2025-06-20,347.04,Annual,Failed
S007365,U004867,2024-12-19,12.21,Monthly,Success
S007366,U004867,2025-01-17,11.53,Monthly,Success
S007367,U004867,2025-02-16,11.87,Monthly,Success
S007368,U004867,2025-03-19,11.59,Monthly,Success
S007369,U004870,2025-09-28,343.67,Annual,Success
S007370,U004871,2025-01-06,12.31,Monthly,Success
S007371,U004873,2024-08-08,12.25,Monthly,Success
S007372,U004873,2024-09-08,11.48,Monthly,Failed
S007373,U004873,2024-10-09,11.84,Monthly,Success
S007374,U004873,2024-11-06,12.5,Monthly,Success
S007375,U004873,2024-12-08,11.55,Monthly,Success
S007376,U004873,2025-01-06,12.03,Monthly,Success
S007377,U004873,2025-02-05,11.98,Monthly,Success
S007378,U004873,2025-03-07,12.43,Monthly,Success
S007379,U004873,2025-04-06,11.61,Monthly,Success
S007380,U004874,2024-09-15,34.75,Monthly,Success
S007381,U004874,2024-10-15,34.73,Monthly,Success
S007382,U004874,2024-11-14,34.35,Monthly,Success
S007383,U004874,2024-12-14,35.77,Monthly,Success
S007384,U004874,2025-01-14,35.55,Monthly,Success
S007385,U004874,2025-02-12,34.0,Monthly,Refunded
S007386,U004874,2025-03-13,33.94,Monthly,Success
S007387,U004874,2025-04-12,34.15,Monthly,Success
S007388,U004877,2025-05-31,34.23,Monthly,Success
S007389,U004878,2025-07-26,11.48,Monthly,Success
S007390,U004878,2025-08-26,11.88,Monthly,Success
S007391,U004878,2025-09-24,11.93,Monthly,Success
S007392,U004879,2024-12-26,118.23,Annual,Success
S007393,U004880,2025-10-04,12.45,Monthly,Success
S007394,U004883,2025-09-21,352.74,Annual,Failed
S007395,U004885,2024-05-18,117.01,Annual,Success
S007396,U004886,2025-11-07,333.01,Annual,Success
S007397,U004888,2025-07-22,114.15,Annual,Success
S007398,U004889,2024-02-06,11.58,Monthly,Success
S007399,U004889,2024-03-07,11.94,Monthly,Success
S007400,U004889,2024-04-07,11.8,Monthly,Success
S007401,U004889,2024-05-07,12.37,Monthly,Success
S007402,U004889,2024-06-04,11.41,Monthly,Success
S007403,U004889,2024-07-06,11.73,Monthly,Success
S007404,U004889,2024-08-03,12.25,Monthly,Success
S007405,U004889,2024-09-03,11.72,Monthly,Success
S007406,U004892,2024-03-17,992.04,Annual,Success
S007407,U004892,2025-03-17,944.32,Annual,Success
S007408,U004894,2024-09-16,11.66,Monthly,Success
S007409,U004894,2024-10-18,11.6,Monthly,Success
S007410,U004894,2024-11-16,11.95,Monthly,Success
S007411,U004894,2024-12-16,12.08,Monthly,Success
S007412,U004898,2024-11-06,115.01,Annual,Success
S007413,U004901,2024-01-10,34.02,Monthly,Success
S007414,U004901,2024-02-09,35.61,Monthly,Failed
S007415,U004901,2024-03-09,36.5,Monthly,Success
S007416,U004901,2024-04-10,34.41,Monthly,Success
S007417,U004904,2024-11-11,11.5,Monthly,Success
S007418,U004904,2024-12-10,11.75,Monthly,Success
S007419,U004904,2025-01-10,11.98,Monthly,Success
S007420,U004906,2024-07-07,11.81,Monthly,Success
S007421,U004909,2025-08-20,36.66,Monthly,Success
S007422,U004909,2025-09-20,36.37,Monthly,Refunded
S007423,U004910,2025-04-30,949.2,Annual,Success
S007424,U004911,2025-11-06,12.36,Monthly,Success
S007425,U004912,2025-05-02,33.59,Monthly,Success
S007426,U004914,2024-08-08,12.01,Monthly,Success
S007427,U004914,2024-09-08,11.69,Monthly,Success
S007428,U004914,2024-10-06,12.51,Monthly,Success
S007429,U004914,2024-11-07,11.41,Monthly,Success
S007430,U004914,2024-12-05,11.79,Monthly,Success
S007431,U004914,2025-01-04,12.21,Monthly,Success
S007432,U004914,2025-02-03,12.13,Monthly,Success
S007433,U004915,2024-07-12,119.95,Annual,Success
S007434,U004916,2025-11-25,341.77,Annual,Success
S007435,U004917,2024-12-02,125.74,Annual,Success
S007436,U004919,2025-08-30,33.36,Monthly,Success
S007437,U004919,2025-09-28,36.17,Monthly,Success
S007438,U004920,2024-12-05,334.7,Annual,Success
S007439,U004921,2025-12-08,122.58,Annual,Success
S007440,U004925,2024-03-10,122.46,Annual,Success
S007441,U004927,2025-03-04,11.46,Monthly,Success
S007442,U004927,2025-04-04,12.4,Monthly,Success
S007443,U004927,2025-05-04,12.22,Monthly,Success
S007444,U004927,2025-06-03,11.47,Monthly,Success
S007445,U004927,2025-07-03,11.72,Monthly,Success
S007446,U004927,2025-08-03,12.38,Monthly,Success
S007447,U004927,2025-08-31,12.03,Monthly,Success
S007448,U004927,2025-09-30,11.47,Monthly,Success
S007449,U004927,2025-10-31,11.68,Monthly,Success
S007450,U004927,2025-11-30,12.28,Monthly,Success
S007451,U004930,2025-11-23,34.64,Monthly,Success
S007452,U004931,2025-02-06,36.24,Monthly,Success
S007453,U004931,2025-03-07,36.59,Monthly,Success
S007454,U004931,2025-04-07,35.11,Monthly,Failed
S007455,U004931,2025-05-06,36.42,Monthly,Success
S007456,U004931,2025-06-06,36.11,Monthly,Success
S007457,U004931,2025-07-04,36.32,Monthly,Success
S007458,U004931,2025-08-03,33.98,Monthly,Success
S007459,U004931,2025-09-02,36.48,Monthly,Success
S007460,U004931,2025-10-02,36.11,Monthly,Success
S007461,U004936,2024-12-15,35.59,Monthly,Success
S007462,U004936,2025-01-13,36.19,Monthly,Success
S007463,U004936,2025-02-14,35.15,Monthly,Success
S007464,U004936,2025-03-15,33.96,Monthly,Success
S007465,U004936,2025-04-15,35.58,Monthly,Success
S007466,U004936,2025-05-14,34.54,Monthly,Success
S007467,U004936,2025-06-14,36.64,Monthly,Success
S007468,U004936,2025-07-14,34.76,Monthly,Success
S007469,U004936,2025-08-13,35.92,Monthly,Success
S007470,U004936,2025-09-10,36.32,Monthly,Success
S007471,U004936,2025-10-12,35.0,Monthly,Success
S007472,U004937,2025-11-18,33.58,Monthly,Success
S007473,U004938,2025-05-10,335.28,Annual,Success
S007474,U004939,2025-09-02,12.5,Monthly,Success
S007475,U004939,2025-10-01,12.25,Monthly,Success
S007476,U004940,2025-09-27,333.05,Annual,Success
S007477,U004944,2024-12-22,33.36,Monthly,Success
S007478,U004944,2025-01-22,36.64,Monthly,Success
S007479,U004944,2025-02-20,35.58,Monthly,Success
S007480,U004944,2025-03-24,35.76,Monthly,Success
S007481,U004944,2025-04-23,33.41,Monthly,Success
S007482,U004944,2025-05-23,35.39,Monthly,Failed
S007483,U004944,2025-06-22,34.4,Monthly,Success
S007484,U004944,2025-07-21,34.6,Monthly,Success
S007485,U004944,2025-08-19,33.85,Monthly,Success
S007486,U004944,2025-09-20,35.22,Monthly,Success
S007487,U004947,2025-06-14,118.89,Annual,Success
S007488,U004952,2024-03-10,11.68,Monthly,Success
S007489,U004952,2024-04-10,11.62,Monthly,Success
S007490,U004952,2024-05-08,12.15,Monthly,Success
S007491,U004952,2024-06-07,12.11,Monthly,Success
S007492,U004952,2024-07-08,11.63,Monthly,Success
S007493,U004952,2024-08-06,11.71,Monthly,Success
S007494,U004952,2024-09-07,12.34,Monthly,Success
S007495,U004952,2024-10-06,12.06,Monthly,Success
S007496,U004952,2024-11-05,11.58,Monthly,Success
S007497,U004952,2024-12-06,12.36,Monthly,Success
S007498,U004953,2025-01-23,115.37,Annual,Success
S007499,U004956,2025-08-25,34.21,Monthly,Success
S007500,U004956,2025-09-25,35.96,Monthly,Success
S007501,U004956,2025-10-25,34.18,Monthly,Success
S007502,U004956,2025-11-23,34.94,Monthly,Success
S007503,U004957,2024-12-24,124.26,Annual,Success
S007504,U004958,2025-06-21,12.02,Monthly,Success
S007505,U004958,2025-07-19,12.48,Monthly,Success
S007506,U004958,2025-08-20,12.32,Monthly,Success
S007507,U004958,2025-09-18,11.64,Monthly,Success
S007508,U004961,2025-04-27,358.39,Annual,Success
S007509,U004967,2025-12-15,995.82,Annual,Success
S007510,U004968,2025-08-09,985.94,Annual,Success
S007511,U004971,2025-03-12,12.06,Monthly,Success
S007512,U004971,2025-04-11,11.66,Monthly,Success
S007513,U004971,2025-05-12,12.06,Monthly,Success
S007514,U004974,2025-08-05,117.4,Annual,Success
S007515,U004975,2024-09-28,12.3,Monthly,Success
S007516,U004975,2024-10-26,12.14,Monthly,Success
S007517,U004975,2024-11-25,12.27,Monthly,Success
S007518,U004975,2024-12-27,12.09,Monthly,Success
S007519,U004975,2025-01-24,11.53,Monthly,Success
S007520,U004976,2025-02-25,115.06,Annual,Success
S007521,U004977,2024-06-03,344.08,Annual,Success
S007522,U004978,2024-08-23,1018.23,Annual,Success
S007523,U004980,2024-02-29,960.89,Annual,Success
S007524,U004980,2025-02-27,1015.48,Annual,Success
S007525,U004984,2025-10-12,12.45,Monthly,Success
S007526,U004984,2025-11-12,12.18,Monthly,Success
S007527,U004986,2024-07-02,349.41,Annual,Success
S007528,U004989,2025-08-15,11.87,Monthly,Success
S007529,U004989,2025-09-13,11.63,Monthly,Success
S007530,U004989,2025-10-14,11.88,Monthly,Success
S007531,U004989,2025-11-14,11.62,Monthly,Success
S007532,U004990,2025-09-07,1028.0,Annual,Success
S007533,U004991,2025-12-21,12.27,Monthly,Success
S007534,U004993,2024-12-08,12.11,Monthly,Success
S007535,U004994,2025-06-28,11.86,Monthly,Success
S007536,U004994,2025-07-27,12.31,Monthly,Success
S007537,U004994,2025-08-27,12.46,Monthly,Refunded
S007538,U004994,2025-09-26,11.77,Monthly,Success
S007539,U004994,2025-10-26,11.44,Monthly,Success
S007540,U004994,2025-11-25,12.13,Monthly,Success
S007541,U004997,2024-05-25,11.86,Monthly,Success
S007542,U004997,2024-06-24,12.6,Monthly,Success
S007543,U004997,2024-07-24,11.76,Monthly,Success
S007544,U004998,2024-11-27,33.49,Monthly,Success
S007545,U004998,2024-12-28,33.34,Monthly,Success
S007546,U004998,2025-01-26,34.59,Monthly,Success
S007547,U004998,2025-02-26,33.48,Monthly,Success
S007548,U004998,2025-03-27,34.27,Monthly,Success
S007549,U004998,2025-04-25,33.4,Monthly,Success
S007550,U004998,2025-05-27,36.38,Monthly,Success
S007551,U004998,2025-06-26,33.73,Monthly,Success
S007552,U004998,2025-07-26,35.52,Monthly,Success
S007553,U004998,2025-08-23,34.6,Monthly,Success
S007554,U004998,2025-09-24,35.77,Monthly,Success
S007555,U005001,2025-01-15,102.29,Monthly,Success
S007556,U005001,2025-02-14,100.23,Monthly,Success
S007557,U005001,2025-03-15,95.88,Monthly,Success
S007558,U005001,2025-04-16,103.31,Monthly,Success
S007559,U005001,2025-05-14,97.51,Monthly,Success
S007560,U005001,2025-06-14,102.78,Monthly,Success
S007561,U005001,2025-07-14,97.96,Monthly,Success
S007562,U005001,2025-08-14,99.32,Monthly,Success
S007563,U005001,2025-09-11,97.6,Monthly,Success
S007564,U005001,2025-10-11,96.21,Monthly,Success
S007565,U005001,2025-11-10,100.46,Monthly,Success
S007566,U005003,2025-10-20,34.66,Monthly,Success
S007567,U005003,2025-11-19,34.6,Monthly,Success
S007568,U005007,2025-09-12,352.85,Annual,Success
S007569,U005008,2025-10-16,12.47,Monthly,Success
S007570,U005008,2025-11-15,11.89,Monthly,Success
S007571,U005009,2024-07-26,33.88,Monthly,Success
S007572,U005009,2024-08-27,34.13,Monthly,Success
S007573,U005009,2024-09-24,35.46,Monthly,Success
S007574,U005009,2024-10-24,35.62,Monthly,Success
S007575,U005009,2024-11-25,36.57,Monthly,Success
S007576,U005010,2025-02-10,360.08,Annual,Success
S007577,U005013,2025-04-19,125.06,Annual,Success
S007578,U005015,2024-08-10,34.24,Monthly,Success
S007579,U005015,2024-09-09,33.97,Monthly,Success
S007580,U005015,2024-10-07,35.09,Monthly,Success
S007581,U005015,2024-11-08,35.09,Monthly,Success
S007582,U005015,2024-12-07,33.63,Monthly,Success
S007583,U005015,2025-01-06,36.39,Monthly,Success
S007584,U005015,2025-02-06,33.7,Monthly,Success
S007585,U005015,2025-03-08,35.73,Monthly,Success
S007586,U005015,2025-04-07,35.89,Monthly,Success
S007587,U005015,2025-05-05,34.56,Monthly,Success
S007588,U005015,2025-06-05,36.27,Monthly,Success
S007589,U005015,2025-07-04,35.75,Monthly,Success
S007590,U005015,2025-08-05,34.27,Monthly,Success
S007591,U005015,2025-09-04,35.49,Monthly,Success
S007592,U005015,2025-10-04,33.37,Monthly,Success
S007593,U005016,2024-08-24,11.52,Monthly,Success
S007594,U005016,2024-09-23,11.43,Monthly,Success
S007595,U005016,2024-10-22,12.02,Monthly,Success
S007596,U005016,2024-11-21,12.34,Monthly,Success
S007597,U005016,2024-12-21,11.56,Monthly,Success
S007598,U005016,2025-01-19,12.59,Monthly,Success
S007599,U005016,2025-02-18,11.48,Monthly,Success
S007600,U005017,2024-02-26,12.22,Monthly,Success
S007601,U005017,2024-03-29,12.25,Monthly,Success
S007602,U005017,2024-04-27,12.15,Monthly,Success
S007603,U005018,2024-11-27,961.28,Annual,Success
S007604,U005020,2025-10-22,11.8,Monthly,Success
S007605,U005021,2025-07-10,12.42,Monthly,Success
S007606,U005021,2025-08-07,11.84,Monthly,Success
S007607,U005021,2025-09-08,11.97,Monthly,Failed
S007608,U005021,2025-10-06,12.09,Monthly,Success
S007609,U005022,2025-02-16,122.51,Annual,Success
S007610,U005026,2025-04-15,99.98,Monthly,Success
S007611,U005026,2025-05-15,97.83,Monthly,Success
S007612,U005026,2025-06-15,96.66,Monthly,Success
S007613,U005026,2025-07-13,99.11,Monthly,Success
S007614,U005026,2025-08-12,103.18,Monthly,Success
S007615,U005027,2024-10-03,121.6,Annual,Success
S007616,U005027,2025-10-03,117.92,Annual,Success
S007617,U005029,2025-08-14,1007.56,Annual,Success
S007618,U005031,2024-11-06,988.21,Annual,Success
S007619,U005034,2025-05-31,12.35,Monthly,Success
S007620,U005034,2025-06-29,12.46,Monthly,Success
S007621,U005034,2025-07-29,11.49,Monthly,Success
S007622,U005037,2025-06-09,12.59,Monthly,Success
S007623,U005040,2025-11-27,947.18,Annual,Success
S007624,U005043,2024-08-07,114.6,Annual,Success
S007625,U005043,2025-08-09,123.06,Annual,Success
S007626,U005044,2025-07-08,11.71,Monthly,Success
S007627,U005045,2025-06-14,36.05,Monthly,Success
S007628,U005045,2025-07-12,35.84,Monthly,Success
S007629,U005045,2025-08-11,33.42,Monthly,Success
S007630,U005046,2025-06-04,125.48,Annual,Success
S007631,U005049,2024-12-03,359.15,Annual,Success
S007632,U005050,2025-04-09,36.72,Monthly,Success
S007633,U005050,2025-05-10,35.57,Monthly,Success
S007634,U005055,2025-02-16,349.45,Annual,Success
S007635,U005060,2024-12-15,115.36,Annual,Success
S007636,U005062,2025-11-26,347.16,Annual,Success
S007637,U005063,2025-03-31,11.78,Monthly,Success
S007638,U005063,2025-04-30,12.16,Monthly,Success
S007639,U005063,2025-05-29,12.33,Monthly,Success
S007640,U005063,2025-06-29,11.57,Monthly,Success
S007641,U005063,2025-07-27,12.09,Monthly,Success
S007642,U005063,2025-08-27,12.16,Monthly,Success
S007643,U005064,2024-11-26,12.22,Monthly,Success
S007644,U005064,2024-12-26,12.46,Monthly,Success
S007645,U005064,2025-01-27,12.33,Monthly,Success
S007646,U005064,2025-02-26,12.38,Monthly,Success
S007647,U005064,2025-03-28,12.53,Monthly,Success
S007648,U005064,2025-04-27,11.7,Monthly,Success
S007649,U005064,2025-05-25,11.93,Monthly,Success
S007650,U005067,2025-03-13,11.47,Monthly,Success
S007651,U005067,2025-04-10,12.19,Monthly,Success
S007652,U005068,2024-12-04,11.49,Monthly,Success
S007653,U005068,2025-01-01,12.5,Monthly,Success
S007654,U005069,2025-11-22,33.54,Monthly,Success
S007655,U005070,2024-01-20,11.67,Monthly,Success
S007656,U005070,2024-02-18,12.1,Monthly,Success
S007657,U005070,2024-03-19,11.66,Monthly,Refunded
S007658,U005070,2024-04-18,12.06,Monthly,Success
S007659,U005070,2024-05-17,11.64,Monthly,Success
S007660,U005071,2025-05-06,363.02,Annual,Success
S007661,U005074,2024-04-19,11.74,Monthly,Success
S007662,U005074,2024-05-20,12.51,Monthly,Success
S007663,U005074,2024-06-17,12.05,Monthly,Success
S007664,U005074,2024-07-17,12.13,Monthly,Success
S007665,U005077,2025-06-07,33.85,Monthly,Success
S007666,U005077,2025-07-09,35.66,Monthly,Success
S007667,U005080,2025-02-08,11.88,Monthly,Success
S007668,U005080,2025-03-10,11.64,Monthly,Success
S007669,U005080,2025-04-09,11.67,Monthly,Success
S007670,U005080,2025-05-11,12.15,Monthly,Success
S007671,U005080,2025-06-09,12.32,Monthly,Success
S007672,U005080,2025-07-09,11.65,Monthly,Success
S007673,U005080,2025-08-09,11.71,Monthly,Success
S007674,U005081,2024-04-07,98.46,Monthly,Success
S007675,U005082,2024-05-17,343.05,Annual,Success
S007676,U005087,2025-09-04,12.11,Monthly,Success
S007677,U005087,2025-10-04,11.9,Monthly,Success
S007678,U005090,2024-05-31,955.43,Annual,Success
S007679,U005091,2024-02-20,34.72,Monthly,Success
S007680,U005091,2024-03-21,35.71,Monthly,Success
S007681,U005091,2024-04-19,34.93,Monthly,Success
S007682,U005091,2024-05-21,33.78,Monthly,Success
S007683,U005091,2024-06-19,33.42,Monthly,Success
S007684,U005091,2024-07-20,35.91,Monthly,Success
S007685,U005091,2024-08-18,33.98,Monthly,Success
S007686,U005091,2024-09-17,35.53,Monthly,Success
S007687,U005091,2024-10-18,34.18,Monthly,Success
S007688,U005091,2024-11-16,36.44,Monthly,Success
S007689,U005091,2024-12-16,36.36,Monthly,Success
S007690,U005091,2025-01-16,34.34,Monthly,Success
S007691,U005091,2025-02-15,33.44,Monthly,Success
S007692,U005091,2025-03-17,35.22,Monthly,Success
S007693,U005091,2025-04-14,35.48,Monthly,Success
S007694,U005091,2025-05-15,36.5,Monthly,Success
S007695,U005091,2025-06-13,35.43,Monthly,Success
S007696,U005091,2025-07-13,34.41,Monthly,Success
S007697,U005091,2025-08-12,34.9,Monthly,Success
S007698,U005092,2024-03-11,345.45,Annual,Success
S007699,U005093,2025-10-08,11.48,Monthly,Success
S007700,U005093,2025-11-08,12.27,Monthly,Success
S007701,U005094,2024-05-26,11.79,Monthly,Success
S007702,U005094,2024-06-24,12.47,Monthly,Success
S007703,U005094,2024-07-25,11.83,Monthly,Success
S007704,U005094,2024-08-22,11.59,Monthly,Success
S007705,U005094,2024-09-21,12.3,Monthly,Success
S007706,U005094,2024-10-23,12.56,Monthly,Success
S007707,U005094,2024-11-21,12.19,Monthly,Success
S007708,U005094,2024-12-21,12.35,Monthly,Success
S007709,U005099,2025-02-04,34.17,Monthly,Success
S007710,U005099,2025-03-07,36.67,Monthly,Success
S007711,U005099,2025-04-06,33.98,Monthly,Success
S007712,U005099,2025-05-05,34.17,Monthly,Success
S007713,U005099,2025-06-03,34.58,Monthly,Success
S007714,U005104,2024-12-04,1025.92,Annual,Success
S007715,U005105,2024-11-17,11.62,Monthly,Success
S007716,U005106,2024-05-13,11.44,Monthly,Success
S007717,U005107,2024-12-26,115.49,Annual,Success
S007718,U005108,2024-05-10,115.43,Annual,Success
S007719,U005109,2025-09-05,359.68,Annual,Success
S007720,U005110,2025-12-17,12.24,Monthly,Success
S007721,U005111,2025-12-22,361.46,Annual,Success
S007722,U005112,2025-10-29,1003.05,Annual,Success
S007723,U005113,2025-05-30,1030.12,Annual,Success
S007724,U005115,2024-10-27,362.65,Annual,Success
S007725,U005117,2025-02-27,35.84,Monthly,Success
S007726,U005117,2025-03-28,36.14,Monthly,Success
S007727,U005117,2025-04-27,33.58,Monthly,Success
S007728,U005117,2025-05-29,35.81,Monthly,Success
S007729,U005117,2025-06-28,33.47,Monthly,Success
S007730,U005117,2025-07-28,35.85,Monthly,Success
S007731,U005117,2025-08-27,34.46,Monthly,Success
S007732,U005118,2025-03-17,99.2,Monthly,Success
S007733,U005118,2025-04-17,98.71,Monthly,Success
S007734,U005118,2025-05-17,101.44,Monthly,Success
S007735,U005118,2025-06-16,95.15,Monthly,Success
S007736,U005118,2025-07-15,102.61,Monthly,Success
S007737,U005118,2025-08-14,103.08,Monthly,Success
S007738,U005118,2025-09-14,95.31,Monthly,Success
S007739,U005118,2025-10-13,97.06,Monthly,Success
S007740,U005119,2025-08-30,100.77,Monthly,Success
S007741,U005119,2025-09-27,101.93,Monthly,Success
S007742,U005120,2024-10-22,34.28,Monthly,Success
S007743,U005120,2024-11-20,35.09,Monthly,Success
S007744,U005120,2024-12-20,34.09,Monthly,Success
S007745,U005120,2025-01-21,34.17,Monthly,Success
S007746,U005120,2025-02-20,34.82,Monthly,Success
S007747,U005120,2025-03-21,35.52,Monthly,Success
S007748,U005120,2025-04-21,34.96,Monthly,Success
S007749,U005120,2025-05-21,35.4,Monthly,Success
S007750,U005120,2025-06-19,35.35,Monthly,Success
S007751,U005120,2025-07-19,33.52,Monthly,Success
S007752,U005124,2025-03-20,12.22,Monthly,Success
S007753,U005124,2025-04-19,12.37,Monthly,Success
S007754,U005124,2025-05-17,12.27,Monthly,Success
S007755,U005126,2025-06-08,125.3,Annual,Success
S007756,U005128,2024-09-25,11.69,Monthly,Success
S007757,U005129,2024-12-10,95.99,Monthly,Success
S007758,U005129,2025-01-08,103.57,Monthly,Success
S007759,U005129,2025-02-08,103.13,Monthly,Success
S007760,U005129,2025-03-10,96.89,Monthly,Success
S007761,U005129,2025-04-07,95.01,Monthly,Success
S007762,U005129,2025-05-07,100.46,Monthly,Success
S007763,U005129,2025-06-07,98.02,Monthly,Success
S007764,U005129,2025-07-06,95.26,Monthly,Success
S007765,U005130,2025-10-22,125.24,Annual,Success
S007766,U005131,2025-05-04,11.71,Monthly,Success
S007767,U005131,2025-06-03,11.99,Monthly,Success
S007768,U005131,2025-07-04,11.43,Monthly,Success
S007769,U005131,2025-08-02,11.95,Monthly,Success
S007770,U005133,2024-05-05,11.5,Monthly,Success
S007771,U005133,2024-06-04,11.45,Monthly,Success
S007772,U005133,2024-07-05,12.15,Monthly,Success
S007773,U005133,2024-08-03,12.44,Monthly,Success
S007774,U005136,2025-01-07,1018.52,Annual,Success
S007775,U005137,2025-06-01,33.8,Monthly,Success
S007776,U005137,2025-06-30,35.21,Monthly,Success
S007777,U005138,2024-04-12,12.2,Monthly,Success
S007778,U005138,2024-05-13,12.29,Monthly,Success
S007779,U005140,2025-11-30,11.69,Monthly,Success
S007780,U005141,2025-05-16,116.91,Annual,Success
S007781,U005145,2025-01-29,118.11,Annual,Success
S007782,U005146,2025-11-03,12.39,Monthly,Success
S007783,U005146,2025-12-01,12.05,Monthly,Success
S007784,U005147,2025-06-29,33.4,Monthly,Success
S007785,U005147,2025-07-27,34.22,Monthly,Success
S007786,U005147,2025-08-27,33.8,Monthly,Success
S007787,U005147,2025-09-25,36.33,Monthly,Success
S007788,U005147,2025-10-26,36.51,Monthly,Success
S007789,U005148,2025-11-11,12.08,Monthly,Success
S007790,U005149,2025-06-14,33.85,Monthly,Success
S007791,U005149,2025-07-14,36.2,Monthly,Success
S007792,U005149,2025-08-12,33.52,Monthly,Success
S007793,U005149,2025-09-10,36.45,Monthly,Success
S007794,U005149,2025-10-11,33.98,Monthly,Success
S007795,U005149,2025-11-09,34.39,Monthly,Success
S007796,U005154,2025-08-31,12.07,Monthly,Success
S007797,U005156,2024-11-06,35.26,Monthly,Failed
S007798,U005156,2024-12-05,36.61,Monthly,Success
S007799,U005156,2025-01-04,33.81,Monthly,Success
S007800,U005156,2025-02-04,34.11,Monthly,Success
S007801,U005156,2025-03-07,34.38,Monthly,Success
S007802,U005156,2025-04-04,35.98,Monthly,Success
S007803,U005157,2024-07-30,12.56,Monthly,Success
S007804,U005157,2024-08-28,11.66,Monthly,Success
S007805,U005157,2024-09-27,12.28,Monthly,Success
S007806,U005157,2024-10-28,12.46,Monthly,Success
S007807,U005158,2025-09-01,994.44,Annual,Success
S007808,U005159,2025-03-12,98.75,Monthly,Success
S007809,U005161,2025-06-08,12.14,Monthly,Success
S007810,U005161,2025-07-08,12.54,Monthly,Success
S007811,U005161,2025-08-07,11.61,Monthly,Success
S007812,U005162,2024-02-25,12.15,Monthly,Success
S007813,U005162,2024-03-27,11.55,Monthly,Success
S007814,U005162,2024-04-26,11.5,Monthly,Success
S007815,U005165,2024-06-23,36.57,Monthly,Success
S007816,U005165,2024-07-25,36.25,Monthly,Success
S007817,U005165,2024-08-22,33.86,Monthly,Success
S007818,U005166,2025-12-24,35.13,Monthly,Success
S007819,U005167,2024-08-20,360.55,Annual,Success
S007820,U005167,2025-08-24,361.14,Annual,Success
S007821,U005169,2024-08-16,11.67,Monthly,Success
S007822,U005169,2024-09-14,11.94,Monthly,Success
S007823,U005169,2024-10-14,11.48,Monthly,Success
S007824,U005169,2024-11-15,12.44,Monthly,Success
S007825,U005169,2024-12-14,12.33,Monthly,Success
S007826,U005170,2025-09-04,11.44,Monthly,Success
S007827,U005171,2025-02-07,12.52,Monthly,Success
S007828,U005171,2025-03-09,11.94,Monthly,Success
S007829,U005171,2025-04-07,12.47,Monthly,Success
S007830,U005171,2025-05-08,11.97,Monthly,Success
S007831,U005171,2025-06-07,11.71,Monthly,Success
S007832,U005171,2025-07-06,12.28,Monthly,Success
S007833,U005171,2025-08-04,11.63,Monthly,Success
S007834,U005171,2025-09-03,11.51,Monthly,Success
S007835,U005174,2024-02-17,11.95,Monthly,Success
S007836,U005174,2024-03-20,12.21,Monthly,Success
S007837,U005174,2024-04-17,12.09,Monthly,Success
S007838,U005174,2024-05-17,12.03,Monthly,Success
S007839,U005175,2025-02-21,12.16,Monthly,Success
S007840,U005175,2025-03-23,12.51,Monthly,Success
S007841,U005175,2025-04-22,12.34,Monthly,Success
S007842,U005176,2025-09-30,11.45,Monthly,Success
S007843,U005176,2025-10-30,11.67,Monthly,Success
S007844,U005177,2025-11-04,94.69,Monthly,Success
S007845,U005180,2025-11-20,33.75,Monthly,Success
S007846,U005181,2025-01-16,979.15,Annual,Success
S007847,U005184,2025-11-30,36.61,Monthly,Success
S007848,U005186,2025-12-03,11.56,Monthly,Success
S007849,U005188,2024-12-23,33.41,Monthly,Success
S007850,U005190,2024-10-18,1006.08,Annual,Success
S007851,U005193,2025-09-04,94.39,Monthly,Success
S007852,U005193,2025-10-02,99.98,Monthly,Success
S007853,U005193,2025-11-01,96.77,Monthly,Success
S007854,U005197,2025-08-18,35.15,Monthly,Success
S007855,U005197,2025-09-19,34.92,Monthly,Success
S007856,U005200,2024-10-23,116.88,Annual,Success
S007857,U005203,2025-06-29,352.75,Annual,Success
S007858,U005206,2025-01-02,11.71,Monthly,Success
S007859,U005206,2025-02-01,11.59,Monthly,Success
S007860,U005206,2025-03-05,11.52,Monthly,Success
S007861,U005206,2025-04-02,11.73,Monthly,Success
S007862,U005206,2025-05-04,11.82,Monthly,Success
S007863,U005206,2025-06-03,11.68,Monthly,Success
S007864,U005207,2025-09-23,34.0,Monthly,Success
S007865,U005207,2025-10-23,36.44,Monthly,Success
S007866,U005209,2025-10-27,12.36,Monthly,Success
S007867,U005209,2025-11-27,11.89,Monthly,Success
S007868,U005210,2024-07-26,12.3,Monthly,Success
S007869,U005210,2024-08-25,12.34,Monthly,Success
S007870,U005210,2024-09-24,12.13,Monthly,Success
S007871,U005210,2024-10-24,12.49,Monthly,Success
S007872,U005210,2024-11-24,12.01,Monthly,Success
S007873,U005214,2025-08-28,350.79,Annual,Success
S007874,U005216,2025-06-07,340.53,Annual,Success
S007875,U005217,2025-02-18,343.67,Annual,Success
S007876,U005220,2024-03-21,984.82,Annual,Success
S007877,U005220,2025-03-23,1019.09,Annual,Success
S007878,U005222,2025-03-12,12.48,Monthly,Success
S007879,U005222,2025-04-09,12.36,Monthly,Success
S007880,U005222,2025-05-09,12.22,Monthly,Success
S007881,U005222,2025-06-09,12.52,Monthly,Success
S007882,U005223,2024-07-13,33.74,Monthly,Success
S007883,U005223,2024-08-14,33.3,Monthly,Success
S007884,U005223,2024-09-13,34.94,Monthly,Success
S007885,U005223,2024-10-12,36.19,Monthly,Success
S007886,U005223,2024-11-12,36.14,Monthly,Failed
S007887,U005223,2024-12-12,36.7,Monthly,Failed
S007888,U005223,2025-01-10,34.19,Monthly,Success
S007889,U005223,2025-02-09,34.05,Monthly,Failed
S007890,U005223,2025-03-12,35.81,Monthly,Success
S007891,U005223,2025-04-10,36.4,Monthly,Success
S007892,U005223,2025-05-11,34.97,Monthly,Success
S007893,U005223,2025-06-09,34.19,Monthly,Success
S007894,U005223,2025-07-10,33.86,Monthly,Success
S007895,U005223,2025-08-07,36.32,Monthly,Success
S007896,U005223,2025-09-07,35.18,Monthly,Success
S007897,U005223,2025-10-06,34.4,Monthly,Success
S007898,U005223,2025-11-05,36.58,Monthly,Success
S007899,U005229,2024-07-03,362.21,Annual,Success
S007900,U005230,2025-05-28,996.57,Annual,Success
S007901,U005237,2025-07-28,1028.86,Annual,Success
S007902,U005239,2024-02-24,11.85,Monthly,Success
S007903,U005242,2025-02-06,961.47,Annual,Success
S007904,U005244,2025-11-17,101.46,Monthly,Success
S007905,U005246,2025-05-19,12.22,Monthly,Success
S007906,U005246,2025-06-19,11.49,Monthly,Success
S007907,U005246,2025-07-19,11.64,Monthly,Success
S007908,U005247,2025-09-25,1017.66,Annual,Success
S007909,U005250,2025-03-12,364.96,Annual,Success
S007910,U005252,2025-12-16,11.6,Monthly,Success
S007911,U005256,2025-03-16,33.96,Monthly,Success
S007912,U005256,2025-04-16,35.58,Monthly,Success
S007913,U005256,2025-05-14,35.44,Monthly,Success
S007914,U005256,2025-06-14,36.61,Monthly,Success
S007915,U005256,2025-07-13,35.23,Monthly,Success
S007916,U005256,2025-08-14,34.02,Monthly,Success
S007917,U005259,2025-01-31,12.02,Monthly,Success
S007918,U005259,2025-03-03,11.45,Monthly,Success
S007919,U005263,2025-05-04,11.91,Monthly,Success
S007920,U005263,2025-06-02,11.59,Monthly,Success
S007921,U005264,2024-03-15,12.05,Monthly,Success
S007922,U005268,2025-03-08,11.69,Monthly,Success
S007923,U005268,2025-04-07,11.4,Monthly,Success
S007924,U005272,2024-06-04,12.14,Monthly,Success
S007925,U005272,2024-07-06,11.92,Monthly,Success
S007926,U005272,2024-08-04,12.21,Monthly,Success
S007927,U005272,2024-09-04,12.17,Monthly,Success
S007928,U005273,2024-11-08,345.49,Annual,Success
S007929,U005273,2025-11-02,333.64,Annual,Success
S007930,U005278,2024-12-01,11.79,Monthly,Success
S007931,U005278,2024-12-31,11.89,Monthly,Success
S007932,U005278,2025-01-29,12.28,Monthly,Success
S007933,U005278,2025-03-02,11.93,Monthly,Success
S007934,U005278,2025-03-30,12.05,Monthly,Success
S007935,U005279,2025-12-04,99.59,Monthly,Success
S007936,U005281,2025-12-27,362.63,Annual,Success
S007937,U005283,2024-07-23,34.89,Monthly,Success
S007938,U005283,2024-08-23,36.45,Monthly,Success
S007939,U005283,2024-09-22,34.54,Monthly,Success
S007940,U005283,2024-10-21,35.66,Monthly,Success
S007941,U005284,2025-11-07,12.52,Monthly,Success
S007942,U005286,2025-08-04,35.75,Monthly,Success
S007943,U005286,2025-09-03,35.66,Monthly,Success
S007944,U005286,2025-10-02,35.64,Monthly,Success
S007945,U005286,2025-11-02,34.32,Monthly,Success
S007946,U005286,2025-11-30,35.47,Monthly,Success
S007947,U005288,2024-03-14,122.38,Annual,Success
S007948,U005289,2024-05-01,34.15,Monthly,Success
S007949,U005289,2024-06-02,34.1,Monthly,Success
S007950,U005289,2024-07-02,36.28,Monthly,Success
S007951,U005289,2024-07-30,35.8,Monthly,Success
S007952,U005289,2024-08-31,35.11,Monthly,Success
S007953,U005289,2024-09-30,34.56,Monthly,Success
S007954,U005289,2024-10-29,33.27,Monthly,Success
S007955,U005289,2024-11-29,33.42,Monthly,Success
S007956,U005289,2024-12-27,34.59,Monthly,Success
S007957,U005289,2025-01-28,35.83,Monthly,Success
S007958,U005289,2025-02-26,35.8,Monthly,Success
S007959,U005289,2025-03-29,33.77,Monthly,Success
S007960,U005289,2025-04-28,36.17,Monthly,Success
S007961,U005291,2024-10-23,11.88,Monthly,Success
S007962,U005291,2024-11-21,11.57,Monthly,Success
S007963,U005291,2024-12-22,11.98,Monthly,Success
S007964,U005291,2025-01-19,11.68,Monthly,Success
S007965,U005291,2025-02-19,12.43,Monthly,Success
S007966,U005291,2025-03-22,11.5,Monthly,Success
S007967,U005291,2025-04-19,12.43,Monthly,Success
S007968,U005291,2025-05-21,12.39,Monthly,Success
S007969,U005292,2024-07-28,34.34,Monthly,Success
S007970,U005292,2024-08-29,33.38,Monthly,Success
S007971,U005292,2024-09-28,33.75,Monthly,Success
S007972,U005292,2024-10-27,35.58,Monthly,Success
S007973,U005292,2024-11-26,33.41,Monthly,Success
S007974,U005292,2024-12-25,35.98,Monthly,Success
S007975,U005292,2025-01-26,36.62,Monthly,Success
S007976,U005292,2025-02-24,34.18,Monthly,Success
S007977,U005293,2024-02-24,94.56,Monthly,Success
S007978,U005293,2024-03-24,101.53,Monthly,Success
S007979,U005293,2024-04-24,100.45,Monthly,Success
S007980,U005293,2024-05-23,95.77,Monthly,Success
S007981,U005293,2024-06-24,97.77,Monthly,Success
S007982,U005293,2024-07-23,102.4,Monthly,Failed
S007983,U005293,2024-08-23,102.85,Monthly,Success
S007984,U005293,2024-09-22,101.28,Monthly,Success
S007985,U005294,2024-02-02,11.89,Monthly,Success
S007986,U005296,2024-06-14,358.0,Annual,Success
S007987,U005297,2025-03-08,34.14,Monthly,Success
S007988,U005297,2025-04-07,36.31,Monthly,Success
S007989,U005297,2025-05-06,33.91,Monthly,Success
S007990,U005297,2025-06-06,35.28,Monthly,Success
S007991,U005297,2025-07-05,35.89,Monthly,Success
S007992,U005297,2025-08-05,35.23,Monthly,Success
S007993,U005297,2025-09-02,35.96,Monthly,Success
S007994,U005299,2025-02-09,34.68,Monthly,Success
S007995,U005299,2025-03-09,33.8,Monthly,Success
S007996,U005299,2025-04-09,34.4,Monthly,Success
S007997,U005299,2025-05-08,33.51,Monthly,Success
S007998,U005299,2025-06-08,34.67,Monthly,Success
S007999,U005299,2025-07-08,36.57,Monthly,Success
S008000,U005299,2025-08-06,35.94,Monthly,Success
S008001,U005299,2025-09-07,33.84,Monthly,Success
S008002,U005302,2024-01-16,11.46,Monthly,Success
S008003,U005302,2024-02-15,12.49,Monthly,Success
S008004,U005302,2024-03-17,12.37,Monthly,Success
S008005,U005302,2024-04-17,12.34,Monthly,Success
S008006,U005302,2024-05-15,12.0,Monthly,Success
S008007,U005302,2024-06-16,12.02,Monthly,Success
S008008,U005302,2024-07-14,11.61,Monthly,Success
S008009,U005303,2025-08-31,980.71,Annual,Success
S008010,U005305,2025-02-11,100.88,Monthly,Success
S008011,U005305,2025-03-14,102.76,Monthly,Success
S008012,U005305,2025-04-12,95.64,Monthly,Success
S008013,U005306,2025-04-24,1003.11,Annual,Success
S008014,U005307,2025-03-17,1002.21,Annual,Success
S008015,U005308,2025-01-11,97.23,Monthly,Success
S008016,U005308,2025-02-11,103.24,Monthly,Success
S008017,U005308,2025-03-11,99.25,Monthly,Success
S008018,U005308,2025-04-10,94.2,Monthly,Success
S008019,U005308,2025-05-11,94.44,Monthly,Failed
S008020,U005309,2025-11-06,1010.69,Annual,Success
S008021,U005310,2025-11-12,348.11,Annual,Success
S008022,U005311,2024-12-04,12.29,Monthly,Success
S008023,U005311,2025-01-02,12.46,Monthly,Success
S008024,U005311,2025-02-02,12.2,Monthly,Success
S008025,U005311,2025-03-03,11.95,Monthly,Success
S008026,U005311,2025-04-02,11.46,Monthly,Success
S008027,U005311,2025-05-03,11.69,Monthly,Success
S008028,U005311,2025-06-02,12.58,Monthly,Success
S008029,U005311,2025-07-02,11.96,Monthly,Success
S008030,U005317,2024-10-24,972.47,Annual,Success
S008031,U005317,2025-10-21,976.86,Annual,Success
S008032,U005318,2025-12-11,12.56,Monthly,Success
S008033,U005320,2025-05-17,12.6,Monthly,Success
S008034,U005323,2025-01-24,35.25,Monthly,Success
S008035,U005323,2025-02-22,33.5,Monthly,Success
S008036,U005323,2025-03-25,33.64,Monthly,Success
S008037,U005323,2025-04-23,34.0,Monthly,Success
S008038,U005323,2025-05-23,33.63,Monthly,Success
S008039,U005325,2024-03-14,12.24,Monthly,Success
S008040,U005325,2024-04-13,11.83,Monthly,Success
S008041,U005327,2024-04-20,119.46,Annual,Success
S008042,U005328,2024-07-01,34.17,Monthly,Success
S008043,U005328,2024-07-31,34.74,Monthly,Success
S008044,U005328,2024-08-29,33.78,Monthly,Success
S008045,U005328,2024-09-28,35.37,Monthly,Success
S008046,U005328,2024-10-30,35.9,Monthly,Success
S008047,U005328,2024-11-29,34.53,Monthly,Success
S008048,U005328,2024-12-28,34.71,Monthly,Success
S008049,U005328,2025-01-26,33.26,Monthly,Success
S008050,U005328,2025-02-27,33.63,Monthly,Success
S008051,U005328,2025-03-29,36.65,Monthly,Success
S008052,U005328,2025-04-28,33.27,Monthly,Success
S008053,U005328,2025-05-26,35.67,Monthly,Success
S008054,U005328,2025-06-26,34.29,Monthly,Success
S008055,U005328,2025-07-25,35.58,Monthly,Success
S008056,U005330,2025-04-08,975.32,Annual,Success
S008057,U005332,2024-11-17,11.7,Monthly,Success
S008058,U005333,2024-04-22,101.29,Monthly,Success
S008059,U005333,2024-05-21,100.43,Monthly,Refunded
S008060,U005333,2024-06-21,95.22,Monthly,Success
S008061,U005333,2024-07-21,99.36,Monthly,Failed
S008062,U005333,2024-08-18,101.11,Monthly,Success
S008063,U005333,2024-09-18,97.17,Monthly,Success
S008064,U005333,2024-10-19,94.45,Monthly,Success
S008065,U005333,2024-11-17,102.13,Monthly,Success
S008066,U005333,2024-12-18,97.06,Monthly,Success
S008067,U005333,2025-01-17,97.44,Monthly,Success
S008068,U005333,2025-02-14,95.82,Monthly,Success
S008069,U005333,2025-03-17,100.77,Monthly,Success
S008070,U005333,2025-04-15,95.72,Monthly,Success
S008071,U005334,2024-11-08,33.67,Monthly,Success
S008072,U005334,2024-12-09,34.81,Monthly,Success
S008073,U005337,2024-12-01,12.44,Monthly,Success
S008074,U005337,2025-01-02,11.99,Monthly,Success
S008075,U005337,2025-02-01,11.96,Monthly,Success
S008076,U005337,2025-03-03,12.16,Monthly,Success
S008077,U005337,2025-03-31,12.1,Monthly,Success
S008078,U005337,2025-05-01,11.98,Monthly,Success
S008079,U005337,2025-05-31,11.73,Monthly,Success
S008080,U005337,2025-07-01,12.56,Monthly,Success
S008081,U005339,2025-11-18,12.57,Monthly,Success
S008082,U005340,2024-01-14,334.69,Annual,Success
S008083,U005341,2025-09-28,11.8,Monthly,Success
S008084,U005341,2025-10-28,12.01,Monthly,Success
S008085,U005341,2025-11-25,12.07,Monthly,Success
S008086,U005343,2024-04-25,120.28,Annual,Success
S008087,U005343,2025-04-26,116.23,Annual,Success
S008088,U005344,2024-07-06,976.96,Annual,Success
S008089,U005345,2025-12-14,12.08,Monthly,Success
S008090,U005346,2025-04-22,12.27,Monthly,Success
S008091,U005346,2025-05-23,11.75,Monthly,Success
S008092,U005346,2025-06-21,11.84,Monthly,Success
S008093,U005346,2025-07-21,11.96,Monthly,Success
S008094,U005346,2025-08-21,12.41,Monthly,Success
S008095,U005350,2025-07-26,117.97,Annual,Success
S008096,U005352,2025-12-29,12.31,Monthly,Success
S008097,U005353,2024-10-26,12.16,Monthly,Success
S008098,U005353,2024-11-26,11.79,Monthly,Success
S008099,U005353,2024-12-26,12.22,Monthly,Success
S008100,U005353,2025-01-23,12.42,Monthly,Success
S008101,U005353,2025-02-22,12.21,Monthly,Success
S008102,U005353,2025-03-24,11.72,Monthly,Success
S008103,U005353,2025-04-25,11.67,Monthly,Failed
S008104,U005353,2025-05-25,12.44,Monthly,Success
S008105,U005354,2025-04-23,11.77,Monthly,Success
S008106,U005354,2025-05-22,11.52,Monthly,Success
S008107,U005354,2025-06-20,11.45,Monthly,Success
S008108,U005354,2025-07-22,12.48,Monthly,Success
S008109,U005357,2024-07-14,34.93,Monthly,Success
S008110,U005357,2024-08-14,34.41,Monthly,Success
S008111,U005357,2024-09-12,33.79,Monthly,Success
S008112,U005357,2024-10-13,35.47,Monthly,Success
S008113,U005357,2024-11-13,34.96,Monthly,Success
S008114,U005357,2024-12-12,33.67,Monthly,Success
S008115,U005357,2025-01-11,34.08,Monthly,Success
S008116,U005357,2025-02-11,35.46,Monthly,Success
S008117,U005357,2025-03-11,35.05,Monthly,Success
S008118,U005357,2025-04-12,35.72,Monthly,Success
S008119,U005360,2025-03-28,12.05,Monthly,Success
S008120,U005360,2025-04-26,12.53,Monthly,Success
S008121,U005360,2025-05-27,11.87,Monthly,Success
S008122,U005365,2025-04-07,95.46,Monthly,Success
S008123,U005365,2025-05-08,96.41,Monthly,Success
S008124,U005365,2025-06-07,103.22,Monthly,Success
S008125,U005365,2025-07-05,100.16,Monthly,Success
S008126,U005365,2025-08-05,98.0,Monthly,Success
S008127,U005365,2025-09-04,98.35,Monthly,Success
S008128,U005365,2025-10-05,98.74,Monthly,Success
S008129,U005365,2025-11-02,97.99,Monthly,Success
S008130,U005366,2025-12-29,33.72,Monthly,Success
S008131,U005367,2025-06-05,121.23,Annual,Success
S008132,U005368,2024-12-30,1021.18,Annual,Success
S008133,U005369,2025-09-05,345.62,Annual,Success
S008134,U005370,2024-07-17,34.76,Monthly,Success
S008135,U005370,2024-08-14,33.63,Monthly,Success
S008136,U005370,2024-09-14,36.41,Monthly,Success
S008137,U005370,2024-10-14,34.85,Monthly,Success
S008138,U005370,2024-11-12,34.48,Monthly,Success
S008139,U005370,2024-12-13,33.42,Monthly,Success
S008140,U005370,2025-01-12,35.17,Monthly,Success
S008141,U005370,2025-02-12,35.96,Monthly,Success
S008142,U005370,2025-03-13,36.67,Monthly,Success
S008143,U005370,2025-04-12,34.3,Monthly,Success
S008144,U005370,2025-05-11,36.35,Monthly,Success
S008145,U005370,2025-06-12,33.4,Monthly,Success
S008146,U005374,2025-09-10,11.4,Monthly,Success
S008147,U005379,2025-09-28,352.62,Annual,Success
S008148,U005381,2024-09-02,34.73,Monthly,Success
S008149,U005381,2024-10-03,35.39,Monthly,Success
S008150,U005381,2024-11-01,35.8,Monthly,Success
S008151,U005381,2024-12-02,36.5,Monthly,Success
S008152,U005381,2024-12-31,36.39,Monthly,Success
S008153,U005382,2025-04-05,116.42,Annual,Success
S008154,U005383,2024-10-04,11.58,Monthly,Success
S008155,U005383,2024-11-03,11.52,Monthly,Success
S008156,U005383,2024-12-02,12.48,Monthly,Success
S008157,U005383,2025-01-03,11.51,Monthly,Success
S008158,U005385,2025-06-27,964.81,Annual,Success
S008159,U005387,2025-02-23,121.06,Annual,Success
S008160,U005392,2025-05-11,97.16,Monthly,Success
S008161,U005393,2025-10-30,351.01,Annual,Success
S008162,U005394,2025-05-22,333.83,Annual,Success
S008163,U005398,2025-03-03,999.94,Annual,Success
S008164,U005401,2024-09-22,1021.87,Annual,Success
S008165,U005402,2025-12-15,11.46,Monthly,Success
S008166,U005403,2025-12-13,12.39,Monthly,Success
S008167,U005406,2025-11-11,11.76,Monthly,Success
S008168,U005407,2025-12-17,11.64,Monthly,Success
S008169,U005411,2025-07-21,121.32,Annual,Success
S008170,U005414,2024-03-12,114.89,Annual,Success
S008171,U005415,2024-03-07,12.16,Monthly,Success
S008172,U005415,2024-04-07,11.55,Monthly,Success
S008173,U005415,2024-05-06,12.54,Monthly,Success
S008174,U005420,2024-11-25,1030.2,Annual,Success
S008175,U005422,2024-11-12,12.4,Monthly,Success
S008176,U005422,2024-12-12,11.66,Monthly,Success
S008177,U005422,2025-01-11,11.47,Monthly,Success
S008178,U005422,2025-02-10,12.54,Monthly,Success
S008179,U005422,2025-03-13,11.92,Monthly,Success
S008180,U005422,2025-04-13,11.42,Monthly,Success
S008181,U005422,2025-05-13,11.77,Monthly,Success
S008182,U005422,2025-06-10,12.04,Monthly,Success
S008183,U005422,2025-07-12,12.06,Monthly,Success
S008184,U005422,2025-08-10,11.76,Monthly,Success
S008185,U005422,2025-09-10,11.91,Monthly,Success
S008186,U005422,2025-10-10,11.94,Monthly,Success
S008187,U005422,2025-11-08,11.96,Monthly,Success
S008188,U005424,2025-01-26,12.21,Monthly,Success
S008189,U005424,2025-02-25,12.55,Monthly,Success
S008190,U005425,2025-02-20,12.54,Monthly,Success
S008191,U005425,2025-03-20,11.4,Monthly,Success
S008192,U005425,2025-04-20,12.22,Monthly,Success
S008193,U005427,2025-12-28,339.42,Annual,Success
S008194,U005428,2024-09-18,11.44,Monthly,Success
S008195,U005428,2024-10-18,12.2,Monthly,Success
S008196,U005428,2024-11-17,11.55,Monthly,Success
S008197,U005428,2024-12-18,12.43,Monthly,Success
S008198,U005428,2025-01-17,11.42,Monthly,Success
S008199,U005428,2025-02-15,11.62,Monthly,Success
S008200,U005429,2025-07-18,34.03,Monthly,Success
S008201,U005429,2025-08-15,35.85,Monthly,Success
S008202,U005429,2025-09-15,34.63,Monthly,Success
S008203,U005429,2025-10-15,34.74,Monthly,Success
S008204,U005429,2025-11-14,34.95,Monthly,Success
S008205,U005432,2024-04-22,12.44,Monthly,Success
S008206,U005432,2024-05-23,12.15,Monthly,Success
S008207,U005434,2024-03-27,12.2,Monthly,Success
S008208,U005434,2024-04-26,12.01,Monthly,Success
S008209,U005434,2024-05-26,11.76,Monthly,Success
S008210,U005434,2024-06-24,11.47,Monthly,Success
S008211,U005434,2024-07-23,12.21,Monthly,Success
S008212,U005434,2024-08-22,12.31,Monthly,Success
S008213,U005434,2024-09-22,11.95,Monthly,Success
S008214,U005434,2024-10-23,12.51,Monthly,Success
S008215,U005434,2024-11-20,11.97,Monthly,Success
S008216,U005434,2024-12-21,11.71,Monthly,Success
S008217,U005437,2024-08-23,34.67,Monthly,Success
S008218,U005437,2024-09-20,36.56,Monthly,Success
S008219,U005437,2024-10-21,35.89,Monthly,Success
S008220,U005437,2024-11-21,35.44,Monthly,Success
S008221,U005437,2024-12-20,35.74,Monthly,Success
S008222,U005438,2025-10-14,34.56,Monthly,Success
S008223,U005438,2025-11-13,34.62,Monthly,Success
S008224,U005439,2024-02-17,120.75,Annual,Success
S008225,U005440,2025-10-14,35.9,Monthly,Success
S008226,U005440,2025-11-14,35.1,Monthly,Success
S008227,U005441,2025-03-07,352.7,Annual,Success
S008228,U005443,2024-06-09,983.89,Annual,Success
S008229,U005444,2025-12-10,125.85,Annual,Success
S008230,U005445,2024-04-05,12.41,Monthly,Success
S008231,U005445,2024-05-05,12.28,Monthly,Success
S008232,U005445,2024-06-05,12.42,Monthly,Failed
S008233,U005445,2024-07-03,12.02,Monthly,Success
S008234,U005445,2024-08-03,11.65,Monthly,Success
S008235,U005445,2024-09-03,12.3,Monthly,Success
S008236,U005447,2024-12-13,34.08,Monthly,Success
S008237,U005447,2025-01-10,34.12,Monthly,Success
S008238,U005447,2025-02-11,34.2,Monthly,Success
S008239,U005447,2025-03-11,36.34,Monthly,Success
S008240,U005447,2025-04-12,34.3,Monthly,Success
S008241,U005447,2025-05-11,33.49,Monthly,Success
S008242,U005447,2025-06-10,35.99,Monthly,Success
S008243,U005453,2024-08-28,347.73,Annual,Success
S008244,U005454,2025-01-26,12.52,Monthly,Success
S008245,U005454,2025-02-27,12.04,Monthly,Success
S008246,U005454,2025-03-28,11.45,Monthly,Success
S008247,U005454,2025-04-26,11.43,Monthly,Success
S008248,U005454,2025-05-26,12.43,Monthly,Success
S008249,U005454,2025-06-26,12.58,Monthly,Success
S008250,U005454,2025-07-27,12.05,Monthly,Success
S008251,U005456,2024-08-28,12.11,Monthly,Success
S008252,U005456,2024-09-27,12.27,Monthly,Success
S008253,U005456,2024-10-26,11.79,Monthly,Success
S008254,U005456,2024-11-25,11.53,Monthly,Success
S008255,U005460,2025-12-11,36.18,Monthly,Failed
S008256,U005464,2024-11-18,11.43,Monthly,Success
S008257,U005464,2024-12-18,11.51,Monthly,Success
S008258,U005464,2025-01-18,12.31,Monthly,Success
S008259,U005464,2025-02-16,11.63,Monthly,Success
S008260,U005464,2025-03-17,11.6,Monthly,Success
S008261,U005465,2024-10-10,12.03,Monthly,Success
S008262,U005465,2024-11-08,11.57,Monthly,Success
S008263,U005465,2024-12-09,12.58,Monthly,Success
S008264,U005465,2025-01-07,11.78,Monthly,Success
S008265,U005465,2025-02-07,11.93,Monthly,Success
S008266,U005465,2025-03-08,11.49,Monthly,Success
S008267,U005465,2025-04-06,11.48,Monthly,Success
S008268,U005465,2025-05-07,12.04,Monthly,Success
S008269,U005468,2025-10-23,12.12,Monthly,Success
S008270,U005468,2025-11-20,12.15,Monthly,Success
S008271,U005469,2025-10-20,116.47,Annual,Success
S008272,U005471,2025-07-24,962.73,Annual,Success
S008273,U005472,2024-11-15,354.36,Annual,Success
S008274,U005474,2025-07-29,11.78,Monthly,Success
S008275,U005474,2025-08-27,12.11,Monthly,Success
S008276,U005474,2025-09-28,11.47,Monthly,Success
S008277,U005474,2025-10-26,12.39,Monthly,Success
S008278,U005476,2025-01-27,125.07,Annual,Success
S008279,U005477,2024-11-29,12.17,Monthly,Success
S008280,U005479,2025-09-02,33.58,Monthly,Success
S008281,U005480,2024-11-08,349.96,Annual,Success
S008282,U005484,2025-08-11,116.35,Annual,Success
S008283,U005485,2025-07-27,362.04,Annual,Success
S008284,U005488,2025-07-08,337.86,Annual,Success
S008285,U005490,2025-11-19,11.94,Monthly,Success
S008286,U005492,2025-08-27,102.88,Monthly,Success
S008287,U005496,2024-12-02,36.15,Monthly,Success
S008288,U005496,2024-12-30,34.48,Monthly,Success
S008289,U005496,2025-01-29,34.99,Monthly,Success
S008290,U005496,2025-03-02,35.35,Monthly,Success
S008291,U005496,2025-04-01,33.67,Monthly,Success
S008292,U005496,2025-05-01,35.61,Monthly,Success
S008293,U005496,2025-05-29,34.38,Monthly,Success
S008294,U005499,2025-05-11,990.19,Annual,Success
S008295,U005500,2025-06-19,968.93,Annual,Success
