user_id,register_date,country,device_type,acquisition_channel,plan_type,company_size
U000001,2024-12-31,India,Desktop,Social Media,Pro,1000+
U000002,2025-12-07,US,Mobile,Organic,Free,1-10
U000003,2025-08-14,US,Mobile,Google Ads,Free,51-200
U000004,2025-05-29,India,Desktop,Social Media,Pro,11-50
U000005,2024-07-01,UK,Desktop,Organic,Pro,1-10
U000006,2024-07-01,US,Desktop,Email,Free,1-10
U000007,2024-03-17,India,Mobile,Google Ads,Basic,11-50
U000008,2025-10-25,UK,Desktop,Email,Pro,11-50
U000009,2025-05-30,US,Desktop,Google Ads,Basic,11-50
U000010,2025-08-01,Germany,Desktop,Social Media,Pro,201-1000
U000011,2024-01-29,US,Mobile,Social Media,Enterprise,201-1000
U000012,2025-12-17,Canada,Desktop,Google Ads,Pro,51-200
U000013,2025-10-08,Canada,Mobile,Email,Free,1-10
U000014,2024-08-23,China,Desktop,Organic,Free,51-200
U000015,2024-07-26,US,Mobile,Email,Free,1-10
U000016,2024-07-27,Brazil,Desktop,Email,Free,1-10
U000017,2024-11-07,France,Desktop,Google Ads,Pro,11-50
U000018,2025-04-12,Brazil,Tablet,Email,Free,51-200
U000019,2025-02-10,US,Mobile,Social Media,Enterprise,11-50
U000020,2024-10-28,Japan,Desktop,Email,Free,1-10
U000021,2025-06-05,France,Desktop,Google Ads,Pro,51-200
U000022,2024-06-15,India,Mobile,Organic,Free,51-200
U000023,2024-10-29,Japan,Mobile,Email,Free,1-10
U000024,2024-12-25,Germany,Desktop,Social Media,Pro,51-200
U000025,2025-02-26,India,Mobile,Social Media,Free,1-10
U000026,2025-09-12,US,Mobile,Google Ads,Free,201-1000
U000027,2024-08-11,Japan,Desktop,Organic,Basic,11-50
U000028,2025-04-06,US,Mobile,Social Media,Free,11-50
U000029,2025-05-25,Germany,Desktop,Google Ads,Pro,51-200
U000030,2024-03-03,US,Tablet,Organic,Enterprise,201-1000
U000031,2025-06-03,India,Mobile,Organic,Free,1-10
U000032,2024-07-15,US,Mobile,Organic,Basic,11-50
U000033,2024-03-26,China,Desktop,Social Media,Pro,1000+
U000034,2025-12-06,France,Desktop,Google Ads,Enterprise,201-1000
U000035,2025-12-15,US,Desktop,Google Ads,Enterprise,1000+
U000036,2025-09-25,US,Mobile,Email,Free,1-10
U000037,2024-11-08,US,Mobile,Google Ads,Free,51-200
U000038,2024-05-02,Canada,Desktop,Organic,Free,1-10
U000039,2025-07-18,India,Mobile,Email,Free,1-10
U000040,2025-02-15,Germany,Mobile,Google Ads,Free,1-10
U000041,2024-05-28,US,Desktop,Google Ads,Pro,201-1000
U000042,2025-03-24,Japan,Desktop,Google Ads,Basic,51-200
U000043,2024-02-17,Canada,Mobile,Email,Free,1-10
U000044,2025-11-16,France,Desktop,Google Ads,Free,1-10
U000045,2024-10-02,Japan,Mobile,Social Media,Basic,1-10
U000046,2025-07-05,US,Desktop,Google Ads,Free,1-10
U000047,2024-11-13,US,Tablet,Organic,Free,1-10
U000048,2025-04-09,US,Desktop,Social Media,Free,1-10
U000049,2025-04-26,US,Desktop,Social Media,Enterprise,201-1000
U000050,2024-07-29,US,Desktop,Organic,Free,11-50
U000051,2025-12-17,US,Desktop,Organic,Pro,201-1000
U000052,2025-09-07,UK,Desktop,Organic,Free,1-10
U000053,2025-12-02,Australia,Desktop,Google Ads,Basic,51-200
U000054,2025-11-09,Japan,Tablet,Google Ads,Pro,1-10
U000055,2025-05-28,France,Tablet,Email,Free,11-50
U000056,2025-11-23,China,Desktop,Social Media,Free,1-10
U000057,2024-04-22,US,Mobile,Google Ads,Free,11-50
U000058,2024-08-08,China,Desktop,Email,Enterprise,201-1000
U000059,2024-03-02,US,Mobile,Organic,Free,1-10
U000060,2024-11-24,Japan,Mobile,Google Ads,Free,11-50
U000061,2025-01-10,UK,Desktop,Google Ads,Basic,1-10
U000062,2024-10-12,Australia,Mobile,Organic,Free,1-10
U000063,2025-10-06,US,Mobile,Email,Free,11-50
U000064,2024-12-18,US,Desktop,Google Ads,Basic,51-200
U000065,2024-10-20,Australia,Tablet,Organic,Pro,51-200
U000066,2025-04-24,US,Tablet,Organic,Free,1-10
U000067,2024-06-16,China,Desktop,Organic,Pro,51-200
U000068,2025-09-21,China,Mobile,Social Media,Pro,51-200
U000069,2024-04-06,France,Tablet,Social Media,Enterprise,201-1000
U000070,2025-12-25,Australia,Desktop,Social Media,Free,51-200
U000071,2025-09-05,Australia,Desktop,Organic,Free,1-10
U000072,2024-08-10,US,Desktop,Email,Pro,1-10
U000073,2024-01-08,France,Mobile,Social Media,Free,1-10
U000074,2025-09-29,Japan,Mobile,Organic,Free,1-10
U000075,2025-07-31,Japan,Desktop,Social Media,Enterprise,201-1000
U000076,2025-08-12,US,Tablet,Social Media,Free,1-10
U000077,2025-09-05,Japan,Mobile,Social Media,Free,201-1000
U000078,2024-04-05,Australia,Mobile,Organic,Free,1-10
U000079,2024-12-19,Canada,Desktop,Organic,Enterprise,201-1000
U000080,2024-05-21,Germany,Desktop,Google Ads,Free,1-10
U000081,2025-10-24,US,Mobile,Email,Basic,51-200
U000082,2025-06-12,UK,Desktop,Social Media,Pro,201-1000
U000083,2024-11-28,France,Mobile,Social Media,Free,1-10
U000084,2024-03-24,China,Mobile,Google Ads,Free,51-200
U000085,2024-11-13,Germany,Desktop,Google Ads,Free,1-10
U000086,2024-11-24,US,Mobile,Social Media,Basic,11-50
U000087,2025-08-13,Germany,Desktop,Email,Free,11-50
U000088,2025-06-21,Germany,Desktop,Google Ads,Enterprise,1000+
U000089,2025-11-05,Canada,Desktop,Social Media,Basic,201-1000
U000090,2025-03-09,Japan,Desktop,Google Ads,Basic,51-200
U000091,2024-05-25,UK,Desktop,Email,Free,1000+
U000092,2025-08-04,India,Mobile,Google Ads,Basic,1-10
U000093,2025-08-30,US,Mobile,Organic,Free,1-10
U000094,2025-05-06,Australia,Desktop,Social Media,Free,11-50
U000095,2025-09-05,UK,Mobile,Social Media,Pro,201-1000
U000096,2025-03-23,Germany,Desktop,Social Media,Basic,11-50
U000097,2025-04-11,UK,Desktop,Google Ads,Basic,1-10
U000098,2025-02-07,China,Mobile,Google Ads,Free,11-50
U000099,2024-02-05,China,Mobile,Google Ads,Basic,201-1000
U000100,2024-05-13,China,Mobile,Email,Free,1-10
U000101,2024-02-13,US,Desktop,Organic,Free,1-10
U000102,2025-06-20,UK,Mobile,Email,Basic,1-10
U000103,2024-11-15,US,Mobile,Google Ads,Free,1-10
U000104,2025-04-02,Japan,Tablet,Social Media,Pro,51-200
U000105,2025-11-16,US,Desktop,Google Ads,Free,51-200
U000106,2024-09-24,India,Mobile,Organic,Free,1-10
U000107,2025-01-26,Canada,Mobile,Google Ads,Free,1-10
U000108,2025-08-27,Canada,Tablet,Social Media,Basic,11-50
U000109,2024-09-06,Germany,Desktop,Organic,Pro,11-50
U000110,2024-04-09,Germany,Desktop,Google Ads,Free,1-10
U000111,2024-10-27,US,Desktop,Google Ads,Free,11-50
U000112,2024-07-06,China,Desktop,Organic,Enterprise,1000+
U000113,2025-11-27,France,Desktop,Organic,Basic,11-50
U000114,2025-09-25,US,Desktop,Social Media,Pro,201-1000
U000115,2025-06-18,Germany,Mobile,Google Ads,Pro,11-50
U000116,2025-10-28,France,Desktop,Email,Enterprise,51-200
U000117,2025-09-22,Canada,Desktop,Email,Pro,11-50
U000118,2024-07-30,US,Desktop,Social Media,Free,1-10
U000119,2025-11-08,India,Desktop,Google Ads,Enterprise,11-50
U000120,2025-04-22,US,Tablet,Social Media,Pro,11-50
U000121,2025-09-24,US,Mobile,Google Ads,Basic,11-50
U000122,2025-11-10,Canada,Mobile,Organic,Free,11-50
U000123,2024-11-18,France,Desktop,Social Media,Enterprise,11-50
U000124,2024-05-15,Brazil,Tablet,Google Ads,Basic,1-10
U000125,2024-09-05,US,Desktop,Organic,Pro,51-200
U000126,2025-02-06,France,Mobile,Google Ads,Free,1-10
U000127,2025-09-30,Germany,Desktop,Google Ads,Free,1-10
U000128,2025-10-22,UK,Mobile,Social Media,Enterprise,1000+
U000129,2024-01-11,India,Mobile,Social Media,Free,1-10
U000130,2025-04-03,US,Desktop,Email,Free,1-10
U000131,2025-01-30,Brazil,Desktop,Google Ads,Pro,11-50
U000132,2024-08-31,India,Mobile,Organic,Free,1-10
U000133,2024-05-26,US,Desktop,Social Media,Basic,201-1000
U000134,2024-12-03,US,Desktop,Google Ads,Free,1-10
U000135,2025-12-03,US,Desktop,Google Ads,Free,1-10
U000136,2024-11-22,US,Desktop,Organic,Free,11-50
U000137,2025-04-09,India,Mobile,Social Media,Free,1-10
U000138,2025-07-29,France,Desktop,Email,Free,1-10
U000139,2024-12-23,US,Desktop,Google Ads,Basic,51-200
U000140,2025-12-18,US,Mobile,Email,Basic,51-200
U000141,2025-12-13,India,Mobile,Google Ads,Free,1-10
U000142,2024-09-26,France,Desktop,Email,Free,1-10
U000143,2025-03-26,UK,Mobile,Organic,Free,11-50
U000144,2024-11-05,UK,Desktop,Google Ads,Pro,11-50
U000145,2024-10-23,India,Desktop,Organic,Enterprise,51-200
U000146,2024-02-20,US,Tablet,Google Ads,Free,1-10
U000147,2025-06-04,US,Tablet,Social Media,Free,1-10
U000148,2025-03-29,China,Desktop,Social Media,Pro,1-10
U000149,2024-03-09,Japan,Desktop,Email,Basic,11-50
U000150,2024-10-18,India,Desktop,Email,Free,11-50
U000151,2025-11-16,Brazil,Desktop,Organic,Pro,51-200
U000152,2024-09-15,China,Desktop,Google Ads,Pro,1-10
U000153,2024-06-20,US,Desktop,Social Media,Enterprise,201-1000
U000154,2025-03-20,UK,Tablet,Social Media,Free,11-50
U000155,2025-12-24,US,Mobile,Google Ads,Enterprise,11-50
U000156,2024-09-17,US,Desktop,Social Media,Basic,1-10
U000157,2025-07-11,China,Mobile,Email,Free,1-10
U000158,2025-08-30,Canada,Desktop,Organic,Basic,1-10
U000159,2024-09-14,Australia,Desktop,Google Ads,Basic,201-1000
U000160,2025-08-12,Japan,Desktop,Google Ads,Basic,11-50
U000161,2024-12-26,US,Mobile,Organic,Free,1-10
U000162,2025-06-18,US,Desktop,Social Media,Free,11-50
U000163,2025-06-18,France,Mobile,Google Ads,Free,1-10
U000164,2025-04-19,India,Mobile,Google Ads,Free,1-10
U000165,2024-04-24,Japan,Desktop,Social Media,Free,1-10
U000166,2025-10-09,Brazil,Desktop,Social Media,Enterprise,201-1000
U000167,2024-11-20,China,Mobile,Organic,Free,1-10
U000168,2024-07-30,France,Tablet,Organic,Free,1-10
U000169,2024-02-25,US,Mobile,Social Media,Free,1-10
U000170,2025-05-24,Brazil,Desktop,Organic,Basic,1-10
U000171,2025-07-14,Canada,Mobile,Google Ads,Free,11-50
U000172,2024-01-24,US,Desktop,Google Ads,Basic,51-200
U000173,2025-04-04,Japan,Tablet,Email,Free,11-50
U000174,2024-09-04,UK,Mobile,Google Ads,Free,11-50
U000175,2025-06-25,Australia,Mobile,Email,Free,51-200
U000176,2024-07-19,US,Desktop,Google Ads,Basic,1-10
U000177,2025-07-22,India,Mobile,Google Ads,Free,1-10
U000178,2025-01-09,US,Desktop,Email,Free,1-10
U000179,2025-11-30,China,Desktop,Google Ads,Pro,51-200
U000180,2024-06-13,US,Desktop,Organic,Free,1-10
U000181,2024-12-06,US,Tablet,Google Ads,Pro,11-50
U000182,2024-05-19,India,Mobile,Email,Free,1-10
U000183,2025-11-24,Canada,Desktop,Google Ads,Free,1-10
U000184,2025-10-31,US,Mobile,Google Ads,Basic,201-1000
U000185,2024-10-01,US,Desktop,Google Ads,Pro,51-200
U000186,2025-07-04,Brazil,Desktop,Email,Free,1-10
U000187,2025-09-30,India,Desktop,Organic,Basic,51-200
U000188,2025-05-02,Canada,Mobile,Google Ads,Free,1-10
U000189,2025-04-16,US,Desktop,Organic,Enterprise,51-200
U000190,2024-09-17,Japan,Desktop,Google Ads,Basic,11-50
U000191,2024-04-27,US,Mobile,Google Ads,Free,11-50
U000192,2025-11-10,US,Desktop,Organic,Free,11-50
U000193,2025-11-12,China,Mobile,Organic,Free,1-10
U000194,2025-06-18,India,Desktop,Google Ads,Free,1-10
U000195,2024-12-04,Brazil,Mobile,Organic,Free,1-10
U000196,2024-12-12,UK,Mobile,Organic,Basic,1-10
U000197,2025-08-11,Germany,Mobile,Google Ads,Free,51-200
U000198,2025-11-10,Germany,Desktop,Social Media,Basic,11-50
U000199,2025-11-05,Australia,Mobile,Social Media,Basic,1-10
U000200,2025-09-09,US,Desktop,Email,Free,11-50
U000201,2025-06-23,US,Mobile,Organic,Free,1-10
U000202,2024-04-17,UK,Desktop,Social Media,Free,201-1000
U000203,2024-07-07,India,Desktop,Google Ads,Free,11-50
U000204,2025-11-11,US,Mobile,Google Ads,Basic,1-10
U000205,2025-06-02,Canada,Mobile,Email,Free,11-50
U000206,2024-01-14,US,Desktop,Email,Free,1-10
U000207,2024-05-06,Canada,Tablet,Google Ads,Free,1-10
U000208,2025-07-06,US,Tablet,Organic,Free,11-50
U000209,2024-01-08,Japan,Mobile,Organic,Basic,11-50
U000210,2024-07-06,Canada,Desktop,Social Media,Basic,1-10
U000211,2025-04-28,US,Mobile,Organic,Free,11-50
U000212,2025-07-22,Australia,Desktop,Google Ads,Free,11-50
U000213,2025-06-29,Germany,Desktop,Google Ads,Free,1-10
U000214,2024-09-02,Australia,Tablet,Organic,Pro,11-50
U000215,2025-08-03,China,Tablet,Google Ads,Pro,51-200
U000216,2024-09-13,UK,Tablet,Organic,Enterprise,51-200
U000217,2024-11-24,US,Desktop,Social Media,Free,51-200
U000218,2025-08-22,UK,Desktop,Google Ads,Pro,1-10
U000219,2025-06-28,US,Desktop,Social Media,Pro,11-50
U000220,2025-10-16,US,Desktop,Social Media,Enterprise,51-200
U000221,2025-07-03,US,Desktop,Organic,Free,1-10
U000222,2025-05-10,Germany,Desktop,Social Media,Pro,51-200
U000223,2024-04-28,France,Mobile,Google Ads,Free,1-10
U000224,2024-12-26,US,Mobile,Email,Free,1-10
U000225,2024-10-07,US,Mobile,Social Media,Free,11-50
U000226,2024-09-19,Japan,Mobile,Social Media,Basic,1-10
U000227,2025-12-18,US,Desktop,Google Ads,Pro,11-50
U000228,2025-01-13,US,Desktop,Email,Free,1-10
U000229,2025-11-08,US,Mobile,Organic,Free,1-10
U000230,2025-06-17,Canada,Desktop,Social Media,Free,1-10
U000231,2025-09-18,France,Mobile,Google Ads,Free,1-10
U000232,2025-03-29,UK,Desktop,Google Ads,Free,1-10
U000233,2025-05-15,Japan,Desktop,Organic,Free,11-50
U000234,2025-03-22,India,Mobile,Google Ads,Pro,11-50
U000235,2024-08-07,China,Mobile,Organic,Free,11-50
U000236,2025-08-09,China,Tablet,Social Media,Basic,11-50
U000237,2024-10-20,Japan,Desktop,Social Media,Enterprise,201-1000
U000238,2024-02-04,US,Desktop,Email,Enterprise,201-1000
U000239,2025-06-26,US,Mobile,Social Media,Basic,11-50
U000240,2024-07-21,Germany,Desktop,Organic,Free,1-10
U000241,2025-12-02,Canada,Desktop,Organic,Pro,1000+
U000242,2025-12-09,India,Tablet,Email,Free,1-10
U000243,2025-11-19,France,Mobile,Organic,Pro,201-1000
U000244,2024-12-28,Australia,Tablet,Social Media,Pro,201-1000
U000245,2024-01-22,US,Desktop,Organic,Pro,1-10
U000246,2025-11-26,China,Desktop,Google Ads,Free,1-10
U000247,2025-02-07,China,Mobile,Social Media,Basic,1-10
U000248,2025-12-15,Australia,Desktop,Social Media,Pro,201-1000
U000249,2025-12-14,Australia,Mobile,Social Media,Pro,201-1000
U000250,2025-10-18,China,Desktop,Email,Free,1-10
U000251,2024-10-31,US,Mobile,Google Ads,Pro,11-50
U000252,2025-01-07,France,Mobile,Google Ads,Free,1-10
U000253,2025-10-17,US,Desktop,Email,Free,11-50
U000254,2024-11-17,Brazil,Desktop,Email,Basic,201-1000
U000255,2024-07-14,Canada,Mobile,Social Media,Free,1-10
U000256,2025-05-03,UK,Mobile,Email,Free,1-10
U000257,2025-11-30,Japan,Desktop,Organic,Pro,11-50
U000258,2025-07-25,Germany,Mobile,Social Media,Free,1-10
U000259,2025-05-11,Germany,Desktop,Email,Free,11-50
U000260,2024-05-01,UK,Desktop,Organic,Pro,51-200
U000261,2025-06-07,Brazil,Desktop,Organic,Enterprise,201-1000
U000262,2025-12-27,Australia,Tablet,Social Media,Basic,11-50
U000263,2024-06-15,Australia,Desktop,Google Ads,Free,1-10
U000264,2025-04-08,US,Desktop,Social Media,Free,1-10
U000265,2025-10-31,Canada,Mobile,Google Ads,Basic,51-200
U000266,2025-08-19,China,Desktop,Email,Free,11-50
U000267,2025-07-25,US,Desktop,Google Ads,Basic,11-50
U000268,2025-07-28,US,Desktop,Organic,Pro,11-50
U000269,2024-12-20,US,Mobile,Email,Free,1-10
U000270,2024-10-30,Canada,Mobile,Organic,Free,1-10
U000271,2025-09-25,Japan,Mobile,Organic,Pro,51-200
U000272,2025-09-26,China,Mobile,Organic,Basic,11-50
U000273,2025-10-26,US,Mobile,Google Ads,Free,1-10
U000274,2025-11-18,China,Mobile,Organic,Pro,201-1000
U000275,2025-04-04,US,Desktop,Organic,Enterprise,201-1000
U000276,2025-03-28,UK,Desktop,Social Media,Basic,11-50
U000277,2025-09-19,Japan,Mobile,Organic,Free,1-10
U000278,2025-06-28,US,Tablet,Google Ads,Enterprise,1000+
U000279,2025-07-28,France,Desktop,Google Ads,Basic,11-50
U000280,2025-09-18,US,Desktop,Google Ads,Free,1-10
U000281,2025-11-07,Japan,Desktop,Organic,Basic,11-50
U000282,2024-12-04,Germany,Desktop,Organic,Basic,11-50
U000283,2025-01-01,India,Desktop,Email,Pro,201-1000
U000284,2024-04-28,US,Desktop,Organic,Basic,201-1000
U000285,2025-05-16,US,Desktop,Email,Pro,51-200
U000286,2024-02-19,Canada,Mobile,Organic,Pro,201-1000
U000287,2025-03-05,US,Desktop,Email,Pro,1-10
U000288,2025-04-24,France,Mobile,Social Media,Basic,11-50
U000289,2024-10-24,Australia,Mobile,Social Media,Pro,201-1000
U000290,2025-05-24,US,Tablet,Google Ads,Free,1-10
U000291,2024-02-12,US,Mobile,Google Ads,Free,1-10
U000292,2024-02-21,China,Desktop,Social Media,Enterprise,1000+
U000293,2025-10-02,Australia,Tablet,Google Ads,Free,1-10
U000294,2024-12-20,Canada,Mobile,Google Ads,Free,1-10
U000295,2024-06-02,India,Desktop,Organic,Free,11-50
U000296,2025-04-11,France,Desktop,Organic,Free,11-50
U000297,2025-09-04,US,Desktop,Social Media,Pro,201-1000
U000298,2024-08-26,Australia,Desktop,Organic,Pro,51-200
U000299,2025-06-12,Australia,Desktop,Google Ads,Free,11-50
U000300,2024-04-18,US,Tablet,Organic,Pro,201-1000
U000301,2024-03-10,US,Desktop,Social Media,Free,1-10
U000302,2025-04-17,US,Mobile,Organic,Basic,51-200
U000303,2025-04-23,US,Mobile,Social Media,Free,1-10
U000304,2025-06-21,France,Mobile,Organic,Basic,1-10
U000305,2025-08-11,UK,Mobile,Organic,Free,1-10
U000306,2025-12-20,US,Tablet,Organic,Free,1-10
U000307,2025-04-07,UK,Desktop,Email,Pro,11-50
U000308,2024-11-22,Australia,Tablet,Organic,Free,1-10
U000309,2025-09-18,Japan,Mobile,Google Ads,Pro,11-50
U000310,2024-10-12,Germany,Desktop,Organic,Pro,1-10
U000311,2025-02-14,US,Mobile,Organic,Free,1-10
U000312,2024-04-10,Australia,Mobile,Social Media,Basic,51-200
U000313,2024-02-05,France,Tablet,Social Media,Free,51-200
U000314,2025-12-13,US,Desktop,Email,Free,11-50
U000315,2025-10-09,US,Mobile,Email,Pro,51-200
U000316,2025-07-25,US,Desktop,Google Ads,Free,11-50
U000317,2025-01-25,US,Desktop,Google Ads,Pro,11-50
U000318,2024-07-18,India,Desktop,Social Media,Basic,1-10
U000319,2024-07-02,Canada,Desktop,Social Media,Pro,51-200
U000320,2024-09-24,India,Mobile,Email,Free,11-50
U000321,2025-04-28,France,Desktop,Google Ads,Basic,51-200
U000322,2025-08-04,Germany,Desktop,Google Ads,Enterprise,201-1000
U000323,2025-07-04,China,Desktop,Organic,Free,1-10
U000324,2024-10-19,China,Desktop,Organic,Pro,201-1000
U000325,2025-12-09,US,Desktop,Email,Free,11-50
U000326,2025-08-17,UK,Desktop,Social Media,Basic,51-200
U000327,2025-05-01,Japan,Mobile,Social Media,Basic,51-200
U000328,2025-06-05,US,Desktop,Organic,Basic,1-10
U000329,2025-02-01,UK,Desktop,Google Ads,Free,1-10
U000330,2024-09-22,India,Desktop,Organic,Enterprise,51-200
U000331,2024-12-17,Australia,Mobile,Google Ads,Basic,1-10
U000332,2025-08-28,Germany,Desktop,Organic,Free,1-10
U000333,2024-01-21,France,Mobile,Email,Free,1-10
U000334,2024-05-22,Germany,Mobile,Google Ads,Basic,201-1000
U000335,2024-03-03,France,Mobile,Organic,Enterprise,1000+
U000336,2024-02-25,India,Desktop,Google Ads,Enterprise,1000+
U000337,2025-10-20,Canada,Mobile,Social Media,Pro,1-10
U000338,2025-07-29,Germany,Mobile,Organic,Free,1-10
U000339,2025-03-10,Japan,Desktop,Email,Enterprise,201-1000
U000340,2024-05-02,Japan,Mobile,Social Media,Pro,11-50
U000341,2025-03-22,Germany,Tablet,Social Media,Free,11-50
U000342,2025-03-10,US,Mobile,Organic,Free,51-200
U000343,2024-07-18,US,Mobile,Social Media,Free,1-10
U000344,2025-02-11,US,Mobile,Email,Free,11-50
U000345,2025-01-17,Canada,Mobile,Social Media,Free,1-10
U000346,2025-06-08,US,Mobile,Email,Free,11-50
U000347,2025-06-19,US,Mobile,Email,Free,1-10
U000348,2024-03-02,China,Mobile,Organic,Free,1-10
U000349,2024-12-31,UK,Desktop,Organic,Free,11-50
U000350,2025-06-14,India,Desktop,Email,Basic,51-200
U000351,2025-03-29,US,Mobile,Social Media,Free,11-50
U000352,2025-10-20,Australia,Desktop,Organic,Enterprise,201-1000
U000353,2025-07-03,Canada,Mobile,Organic,Pro,51-200
U000354,2024-07-08,Canada,Tablet,Google Ads,Pro,201-1000
U000355,2024-04-01,Germany,Mobile,Google Ads,Basic,201-1000
U000356,2025-06-24,Brazil,Tablet,Organic,Free,51-200
U000357,2024-02-06,US,Mobile,Organic,Free,11-50
U000358,2025-05-21,US,Desktop,Email,Free,11-50
U000359,2025-12-02,US,Mobile,Google Ads,Pro,51-200
U000360,2025-05-14,India,Desktop,Google Ads,Free,1-10
U000361,2025-01-10,Germany,Desktop,Google Ads,Basic,1-10
U000362,2025-06-24,India,Desktop,Social Media,Pro,201-1000
U000363,2025-02-28,US,Desktop,Google Ads,Enterprise,1000+
U000364,2025-04-26,Germany,Desktop,Social Media,Pro,51-200
U000365,2025-12-03,China,Desktop,Organic,Pro,51-200
U000366,2025-01-08,Germany,Mobile,Google Ads,Free,1-10
U000367,2025-12-12,China,Mobile,Social Media,Basic,11-50
U000368,2025-11-14,US,Desktop,Email,Free,1-10
U000369,2024-08-08,France,Desktop,Social Media,Enterprise,201-1000
U000370,2024-03-31,India,Mobile,Email,Free,51-200
U000371,2024-05-05,US,Mobile,Email,Free,1-10
U000372,2024-01-26,US,Tablet,Organic,Enterprise,201-1000
U000373,2024-04-28,Japan,Desktop,Google Ads,Basic,11-50
U000374,2025-07-17,France,Mobile,Social Media,Pro,1000+
U000375,2024-04-02,Germany,Desktop,Email,Pro,201-1000
U000376,2024-11-19,US,Mobile,Social Media,Pro,51-200
U000377,2025-10-14,Canada,Desktop,Google Ads,Free,1000+
U000378,2024-02-02,China,Desktop,Social Media,Free,1-10
U000379,2025-09-28,Germany,Desktop,Organic,Enterprise,51-200
U000380,2024-10-21,India,Desktop,Organic,Enterprise,201-1000
U000381,2024-05-24,US,Desktop,Social Media,Basic,1-10
U000382,2025-07-25,Japan,Mobile,Google Ads,Free,11-50
U000383,2025-06-16,UK,Mobile,Google Ads,Free,51-200
U000384,2025-10-31,Australia,Mobile,Google Ads,Pro,201-1000
U000385,2025-08-16,India,Desktop,Organic,Free,1-10
U000386,2025-09-22,India,Desktop,Social Media,Free,1-10
U000387,2024-10-21,India,Tablet,Organic,Basic,1-10
U000388,2024-07-22,Canada,Mobile,Google Ads,Free,1-10
U000389,2025-08-24,France,Desktop,Email,Enterprise,11-50
U000390,2025-09-24,Germany,Desktop,Social Media,Free,1-10
U000391,2025-12-27,China,Mobile,Organic,Free,11-50
U000392,2025-01-27,India,Desktop,Organic,Basic,51-200
U000393,2024-12-29,India,Desktop,Google Ads,Basic,1-10
U000394,2025-09-08,US,Mobile,Google Ads,Free,1-10
U000395,2024-12-06,Germany,Mobile,Google Ads,Free,1-10
U000396,2025-11-27,US,Mobile,Organic,Free,1-10
U000397,2025-10-21,Canada,Desktop,Google Ads,Enterprise,201-1000
U000398,2025-02-08,UK,Desktop,Google Ads,Free,1-10
U000399,2025-08-25,Australia,Tablet,Social Media,Enterprise,201-1000
U000400,2025-08-27,India,Mobile,Social Media,Basic,51-200
U000401,2024-05-08,Japan,Desktop,Organic,Free,1-10
U000402,2025-11-13,India,Desktop,Social Media,Free,11-50
U000403,2025-03-31,US,Desktop,Email,Free,1-10
U000404,2025-10-04,UK,Desktop,Social Media,Free,51-200
U000405,2024-11-20,US,Mobile,Google Ads,Free,1-10
U000406,2025-11-09,Japan,Tablet,Google Ads,Free,1-10
U000407,2025-01-10,Germany,Desktop,Organic,Pro,11-50
U000408,2024-01-16,Brazil,Desktop,Google Ads,Basic,11-50
U000409,2025-11-14,US,Mobile,Social Media,Free,1-10
U000410,2024-04-25,US,Desktop,Social Media,Basic,1000+
U000411,2024-11-19,Germany,Tablet,Organic,Pro,201-1000
U000412,2025-12-07,Canada,Mobile,Social Media,Free,1-10
U000413,2025-12-07,China,Tablet,Organic,Pro,51-200
U000414,2025-05-13,Germany,Desktop,Organic,Basic,11-50
U000415,2025-06-17,India,Desktop,Social Media,Enterprise,1000+
U000416,2025-02-21,US,Desktop,Social Media,Free,11-50
U000417,2024-10-30,Australia,Desktop,Email,Enterprise,201-1000
U000418,2024-11-26,China,Desktop,Social Media,Pro,51-200
U000419,2025-07-11,US,Tablet,Google Ads,Basic,51-200
U000420,2025-08-25,India,Mobile,Social Media,Free,1-10
U000421,2025-09-16,US,Mobile,Google Ads,Free,1-10
U000422,2025-09-15,Australia,Desktop,Organic,Enterprise,201-1000
U000423,2024-04-25,US,Mobile,Email,Free,51-200
U000424,2025-03-24,Japan,Mobile,Social Media,Free,1-10
U000425,2024-03-17,US,Desktop,Google Ads,Free,201-1000
U000426,2025-04-28,China,Tablet,Social Media,Free,1-10
U000427,2025-02-16,Brazil,Desktop,Organic,Pro,51-200
U000428,2025-11-05,China,Desktop,Google Ads,Basic,11-50
U000429,2024-12-13,Japan,Desktop,Organic,Basic,201-1000
U000430,2024-05-23,Canada,Mobile,Social Media,Free,1-10
U000431,2024-06-18,US,Mobile,Organic,Basic,11-50
U000432,2025-08-30,UK,Desktop,Google Ads,Basic,1-10
U000433,2025-06-09,US,Desktop,Email,Free,1-10
U000434,2024-05-06,Australia,Desktop,Social Media,Free,51-200
U000435,2024-04-17,UK,Desktop,Google Ads,Free,1-10
U000436,2025-07-28,China,Desktop,Social Media,Enterprise,1000+
U000437,2024-04-04,China,Desktop,Social Media,Pro,1000+
U000438,2025-10-02,US,Desktop,Email,Enterprise,11-50
U000439,2025-07-31,US,Mobile,Email,Free,11-50
U000440,2024-04-14,US,Desktop,Google Ads,Pro,11-50
U000441,2024-04-18,Germany,Mobile,Organic,Basic,1-10
U000442,2025-12-25,US,Desktop,Social Media,Basic,11-50
U000443,2024-12-31,US,Desktop,Organic,Free,11-50
U000444,2024-12-28,Canada,Desktop,Social Media,Pro,51-200
U000445,2025-09-27,Australia,Desktop,Social Media,Enterprise,11-50
U000446,2025-12-05,UK,Desktop,Google Ads,Free,51-200
U000447,2025-12-25,UK,Mobile,Email,Free,11-50
U000448,2025-08-26,US,Tablet,Social Media,Basic,1-10
U000449,2025-01-01,China,Desktop,Organic,Enterprise,201-1000
U000450,2024-04-16,France,Desktop,Email,Basic,1-10
U000451,2025-09-08,US,Tablet,Organic,Free,1-10
U000452,2025-05-04,US,Desktop,Google Ads,Free,1-10
U000453,2025-02-04,France,Mobile,Organic,Free,1-10
U000454,2025-11-15,Japan,Tablet,Social Media,Pro,11-50
U000455,2024-05-17,US,Tablet,Email,Basic,51-200
U000456,2025-03-23,Japan,Desktop,Organic,Basic,1-10
U000457,2024-01-17,UK,Desktop,Social Media,Free,1-10
U000458,2025-03-07,UK,Desktop,Social Media,Enterprise,51-200
U000459,2024-03-15,Brazil,Mobile,Email,Free,1-10
U000460,2024-05-25,France,Tablet,Email,Enterprise,51-200
U000461,2024-05-23,Germany,Mobile,Organic,Basic,11-50
U000462,2025-06-28,Australia,Mobile,Organic,Pro,51-200
U000463,2025-08-22,Germany,Mobile,Google Ads,Basic,1-10
U000464,2025-05-19,Brazil,Mobile,Social Media,Free,1-10
U000465,2025-12-13,India,Mobile,Google Ads,Pro,51-200
U000466,2024-12-31,Canada,Mobile,Organic,Free,1-10
U000467,2024-10-24,Canada,Desktop,Organic,Pro,51-200
U000468,2025-10-27,US,Desktop,Google Ads,Enterprise,201-1000
U000469,2024-09-02,Australia,Mobile,Organic,Free,11-50
U000470,2025-12-13,France,Desktop,Email,Free,201-1000
U000471,2024-01-18,France,Desktop,Organic,Basic,11-50
U000472,2025-12-17,US,Mobile,Organic,Basic,51-200
U000473,2024-02-28,France,Mobile,Email,Basic,51-200
U000474,2025-11-07,Canada,Tablet,Social Media,Basic,201-1000
U000475,2025-04-14,US,Desktop,Google Ads,Pro,11-50
U000476,2025-12-28,Australia,Mobile,Organic,Free,11-50
U000477,2024-04-05,US,Desktop,Google Ads,Free,51-200
U000478,2025-05-01,US,Tablet,Google Ads,Free,1-10
U000479,2025-12-16,India,Desktop,Social Media,Pro,11-50
U000480,2025-04-11,India,Mobile,Google Ads,Free,201-1000
U000481,2025-06-16,Japan,Mobile,Google Ads,Basic,11-50
U000482,2025-07-25,US,Desktop,Social Media,Basic,11-50
U000483,2025-02-25,Australia,Tablet,Google Ads,Basic,51-200
U000484,2025-06-15,US,Mobile,Google Ads,Free,1-10
U000485,2025-05-20,US,Desktop,Organic,Pro,11-50
U000486,2025-11-12,US,Desktop,Social Media,Pro,51-200
U000487,2024-03-02,India,Desktop,Social Media,Enterprise,201-1000
U000488,2024-10-20,Australia,Desktop,Social Media,Pro,201-1000
U000489,2025-12-07,China,Mobile,Google Ads,Basic,11-50
U000490,2025-11-07,France,Tablet,Social Media,Enterprise,1000+
U000491,2025-02-26,US,Desktop,Email,Basic,11-50
U000492,2025-06-10,India,Desktop,Organic,Free,1-10
U000493,2024-10-17,Germany,Desktop,Social Media,Enterprise,51-200
U000494,2024-08-01,India,Desktop,Google Ads,Pro,51-200
U000495,2025-03-03,US,Desktop,Social Media,Basic,51-200
U000496,2024-12-15,China,Desktop,Social Media,Pro,11-50
U000497,2025-05-19,India,Desktop,Organic,Enterprise,1000+
U000498,2024-04-10,Brazil,Mobile,Social Media,Enterprise,51-200
U000499,2025-12-19,India,Mobile,Organic,Enterprise,11-50
U000500,2025-12-25,US,Desktop,Email,Free,1-10
U000501,2025-07-26,Japan,Mobile,Social Media,Free,11-50
U000502,2025-04-20,US,Mobile,Email,Free,1-10
U000503,2024-11-12,Canada,Mobile,Google Ads,Free,11-50
U000504,2025-09-28,Japan,Desktop,Social Media,Enterprise,201-1000
U000505,2025-07-18,US,Mobile,Social Media,Free,1-10
U000506,2024-07-08,Australia,Mobile,Google Ads,Free,1-10
U000507,2025-11-17,India,Desktop,Email,Basic,11-50
U000508,2025-10-02,US,Desktop,Organic,Pro,1000+
U000509,2025-12-07,Japan,Tablet,Social Media,Free,1-10
U000510,2025-08-11,US,Mobile,Social Media,Free,1-10
U000511,2025-06-06,France,Tablet,Organic,Free,1-10
U000512,2025-01-31,France,Mobile,Google Ads,Free,11-50
U000513,2025-11-28,Australia,Mobile,Email,Pro,51-200
U000514,2025-10-25,India,Desktop,Social Media,Pro,1000+
U000515,2024-03-02,Germany,Desktop,Google Ads,Basic,51-200
U000516,2024-02-06,Brazil,Tablet,Google Ads,Pro,11-50
U000517,2025-01-01,US,Desktop,Social Media,Free,1-10
U000518,2025-09-26,India,Desktop,Organic,Pro,201-1000
U000519,2025-12-25,India,Mobile,Google Ads,Free,51-200
U000520,2024-06-26,US,Mobile,Email,Free,1-10
U000521,2025-05-26,Germany,Desktop,Google Ads,Basic,11-50
U000522,2025-01-04,Canada,Desktop,Organic,Free,51-200
U000523,2025-12-17,Canada,Desktop,Organic,Free,1-10
U000524,2025-10-13,US,Desktop,Organic,Basic,11-50
U000525,2025-10-11,US,Mobile,Google Ads,Basic,201-1000
U000526,2025-03-07,US,Desktop,Google Ads,Free,11-50
U000527,2025-01-29,Canada,Mobile,Organic,Basic,1-10
U000528,2024-10-14,US,Mobile,Google Ads,Basic,11-50
U000529,2024-03-15,China,Mobile,Google Ads,Basic,11-50
U000530,2025-10-24,US,Desktop,Google Ads,Pro,1000+
U000531,2025-09-27,Japan,Desktop,Email,Free,1000+
U000532,2025-12-31,UK,Desktop,Organic,Basic,51-200
U000533,2025-12-30,Brazil,Desktop,Email,Enterprise,201-1000
U000534,2025-05-02,US,Mobile,Organic,Basic,1-10
U000535,2025-09-04,Japan,Desktop,Social Media,Pro,51-200
U000536,2025-12-04,US,Mobile,Email,Free,1-10
U000537,2025-10-17,China,Desktop,Email,Free,11-50
U000538,2024-09-22,Canada,Desktop,Social Media,Pro,51-200
U000539,2025-02-22,US,Tablet,Google Ads,Pro,51-200
U000540,2024-06-04,Canada,Mobile,Google Ads,Free,51-200
U000541,2025-12-09,India,Desktop,Google Ads,Pro,1-10
U000542,2025-06-02,US,Desktop,Organic,Free,11-50
U000543,2024-09-06,Germany,Desktop,Google Ads,Basic,11-50
U000544,2025-07-11,US,Mobile,Social Media,Pro,201-1000
U000545,2025-06-09,China,Desktop,Social Media,Pro,51-200
U000546,2024-12-19,Brazil,Mobile,Social Media,Pro,1-10
U000547,2024-05-19,US,Mobile,Social Media,Pro,11-50
U000548,2025-07-11,India,Tablet,Email,Free,1-10
U000549,2025-04-10,France,Desktop,Social Media,Pro,11-50
U000550,2025-09-05,Australia,Desktop,Email,Free,11-50
U000551,2025-04-09,India,Mobile,Organic,Free,1-10
U000552,2025-10-18,Australia,Desktop,Google Ads,Free,1-10
U000553,2025-04-30,India,Desktop,Google Ads,Pro,11-50
U000554,2025-05-05,UK,Desktop,Google Ads,Basic,11-50
U000555,2025-10-31,France,Desktop,Google Ads,Pro,201-1000
U000556,2025-01-21,India,Desktop,Google Ads,Pro,11-50
U000557,2024-06-09,Germany,Desktop,Email,Free,11-50
U000558,2024-02-09,India,Tablet,Google Ads,Basic,51-200
U000559,2025-08-27,France,Mobile,Organic,Free,1-10
U000560,2025-06-11,France,Desktop,Google Ads,Basic,51-200
U000561,2025-07-29,Germany,Desktop,Social Media,Pro,11-50
U000562,2024-08-23,UK,Mobile,Organic,Basic,1-10
U000563,2024-06-12,India,Mobile,Email,Basic,11-50
U000564,2024-01-21,India,Desktop,Social Media,Pro,11-50
U000565,2024-12-13,US,Mobile,Google Ads,Free,11-50
U000566,2025-05-23,France,Mobile,Organic,Basic,1-10
U000567,2025-01-13,India,Desktop,Organic,Free,1-10
U000568,2025-02-13,UK,Tablet,Social Media,Free,1-10
U000569,2025-11-14,US,Mobile,Organic,Free,1-10
U000570,2024-12-11,US,Mobile,Google Ads,Free,11-50
U000571,2025-04-05,Australia,Desktop,Organic,Free,1-10
U000572,2025-09-11,UK,Mobile,Social Media,Enterprise,1000+
U000573,2025-01-16,US,Mobile,Organic,Basic,201-1000
U000574,2025-06-12,Germany,Desktop,Organic,Pro,51-200
U000575,2025-10-23,UK,Mobile,Google Ads,Free,11-50
U000576,2025-12-07,US,Desktop,Organic,Free,1-10
U000577,2024-06-22,UK,Desktop,Google Ads,Free,1-10
U000578,2025-11-25,India,Desktop,Email,Basic,11-50
U000579,2025-03-22,India,Mobile,Google Ads,Free,1-10
U000580,2024-10-01,UK,Tablet,Google Ads,Free,201-1000
U000581,2025-02-28,Germany,Desktop,Organic,Basic,1-10
U000582,2025-12-22,Australia,Mobile,Organic,Basic,11-50
U000583,2025-03-23,UK,Desktop,Email,Free,1-10
U000584,2024-11-27,US,Tablet,Google Ads,Basic,11-50
U000585,2025-06-18,US,Mobile,Google Ads,Free,1-10
U000586,2024-09-16,Germany,Mobile,Google Ads,Basic,51-200
U000587,2024-04-07,Brazil,Mobile,Social Media,Free,1-10
U000588,2024-06-04,US,Desktop,Organic,Basic,51-200
U000589,2024-06-03,China,Desktop,Google Ads,Free,11-50
U000590,2024-06-27,US,Tablet,Google Ads,Enterprise,201-1000
U000591,2024-06-14,Germany,Desktop,Social Media,Basic,1-10
U000592,2025-06-23,Brazil,Mobile,Email,Enterprise,51-200
U000593,2024-07-26,UK,Tablet,Social Media,Basic,51-200
U000594,2024-12-09,India,Desktop,Organic,Free,1-10
U000595,2025-11-10,US,Mobile,Email,Free,1-10
U000596,2025-03-10,Brazil,Tablet,Google Ads,Free,1-10
U000597,2025-07-08,US,Mobile,Social Media,Pro,11-50
U000598,2024-07-17,Canada,Desktop,Organic,Pro,11-50
U000599,2024-08-04,US,Desktop,Organic,Pro,51-200
U000600,2024-02-25,Canada,Desktop,Google Ads,Basic,11-50
U000601,2024-07-14,UK,Mobile,Social Media,Basic,1-10
U000602,2024-10-18,China,Mobile,Google Ads,Enterprise,201-1000
U000603,2024-07-21,UK,Mobile,Email,Free,1-10
U000604,2024-04-22,Canada,Desktop,Google Ads,Pro,201-1000
U000605,2024-05-26,US,Desktop,Social Media,Basic,1-10
U000606,2025-03-01,US,Mobile,Google Ads,Pro,51-200
U000607,2024-08-17,India,Mobile,Social Media,Pro,51-200
U000608,2024-12-23,US,Tablet,Organic,Enterprise,201-1000
U000609,2025-03-30,US,Mobile,Organic,Basic,1-10
U000610,2025-07-22,Australia,Mobile,Social Media,Free,1-10
U000611,2024-02-23,Australia,Mobile,Email,Free,11-50
U000612,2025-09-20,UK,Mobile,Organic,Basic,11-50
U000613,2025-06-15,Canada,Desktop,Organic,Pro,51-200
U000614,2024-04-14,India,Tablet,Email,Free,51-200
U000615,2025-10-29,US,Mobile,Organic,Free,1-10
U000616,2025-11-22,China,Desktop,Google Ads,Free,1-10
U000617,2024-03-21,Japan,Desktop,Social Media,Enterprise,51-200
U000618,2024-10-16,Australia,Desktop,Organic,Free,51-200
U000619,2025-09-24,US,Desktop,Email,Basic,11-50
U000620,2025-08-23,China,Desktop,Organic,Free,11-50
U000621,2024-07-28,US,Desktop,Google Ads,Free,1-10
U000622,2024-08-20,US,Desktop,Organic,Enterprise,1000+
U000623,2024-12-28,US,Desktop,Organic,Free,11-50
U000624,2025-03-17,Australia,Mobile,Organic,Free,1-10
U000625,2025-06-09,France,Desktop,Organic,Free,1-10
U000626,2024-12-27,Brazil,Mobile,Organic,Free,1-10
U000627,2025-03-03,India,Desktop,Google Ads,Basic,1-10
U000628,2025-08-23,UK,Desktop,Social Media,Free,11-50
U000629,2024-02-20,US,Desktop,Social Media,Pro,11-50
U000630,2024-09-26,US,Mobile,Social Media,Free,1-10
U000631,2025-08-04,UK,Mobile,Email,Basic,11-50
U000632,2025-11-09,Brazil,Desktop,Email,Pro,11-50
U000633,2025-04-04,India,Mobile,Google Ads,Pro,51-200
U000634,2025-04-17,US,Desktop,Email,Enterprise,1000+
U000635,2024-05-12,US,Tablet,Social Media,Free,1-10
U000636,2025-02-20,US,Tablet,Social Media,Free,1-10
U000637,2025-04-17,Germany,Mobile,Google Ads,Basic,11-50
U000638,2024-09-18,Australia,Mobile,Google Ads,Free,1-10
U000639,2024-10-10,Japan,Mobile,Social Media,Free,1-10
U000640,2025-01-02,France,Mobile,Social Media,Free,1-10
U000641,2024-01-29,Germany,Mobile,Email,Free,1-10
U000642,2024-11-21,UK,Tablet,Google Ads,Basic,11-50
U000643,2024-08-22,US,Mobile,Social Media,Free,1-10
U000644,2024-11-26,Canada,Mobile,Google Ads,Free,1-10
U000645,2024-05-26,Brazil,Mobile,Organic,Basic,51-200
U000646,2025-11-07,US,Mobile,Organic,Free,1-10
U000647,2025-05-25,India,Mobile,Social Media,Enterprise,1000+
U000648,2025-07-15,India,Desktop,Social Media,Free,1-10
U000649,2025-09-14,Japan,Desktop,Organic,Pro,1-10
U000650,2025-03-26,Australia,Desktop,Google Ads,Free,201-1000
U000651,2024-04-20,India,Desktop,Social Media,Free,1-10
U000652,2025-04-20,India,Desktop,Google Ads,Basic,11-50
U000653,2025-05-21,US,Tablet,Organic,Basic,1-10
U000654,2025-08-22,US,Mobile,Organic,Pro,201-1000
U000655,2025-02-09,US,Mobile,Email,Free,1-10
U000656,2024-06-03,US,Desktop,Google Ads,Free,1-10
U000657,2024-10-22,Brazil,Mobile,Email,Free,1-10
U000658,2024-12-22,China,Mobile,Email,Free,11-50
U000659,2025-06-26,US,Mobile,Social Media,Free,1-10
U000660,2025-05-11,France,Desktop,Organic,Basic,1-10
U000661,2024-12-17,US,Desktop,Email,Enterprise,201-1000
U000662,2025-12-25,UK,Mobile,Email,Free,11-50
U000663,2025-06-02,US,Mobile,Google Ads,Basic,1-10
U000664,2024-09-13,UK,Tablet,Google Ads,Basic,1-10
U000665,2024-05-06,US,Mobile,Google Ads,Basic,51-200
U000666,2024-06-28,India,Tablet,Social Media,Free,1-10
U000667,2024-09-21,Germany,Mobile,Google Ads,Basic,11-50
U000668,2024-07-06,Australia,Tablet,Google Ads,Pro,1000+
U000669,2024-07-30,US,Mobile,Google Ads,Free,11-50
U000670,2024-10-23,US,Desktop,Organic,Free,1-10
U000671,2024-07-18,US,Desktop,Social Media,Enterprise,201-1000
U000672,2025-11-10,Japan,Desktop,Organic,Pro,11-50
U000673,2024-04-12,US,Desktop,Organic,Free,51-200
U000674,2025-04-12,France,Desktop,Email,Free,201-1000
U000675,2025-01-26,India,Desktop,Organic,Basic,1-10
U000676,2025-12-23,India,Mobile,Organic,Free,11-50
U000677,2024-05-17,India,Desktop,Social Media,Basic,51-200
U000678,2025-01-17,US,Desktop,Google Ads,Free,1-10
U000679,2025-12-17,US,Mobile,Social Media,Basic,1-10
U000680,2025-10-25,UK,Mobile,Organic,Basic,1-10
U000681,2025-09-29,India,Tablet,Organic,Pro,51-200
U000682,2024-10-01,US,Mobile,Organic,Free,51-200
U000683,2024-07-15,US,Desktop,Social Media,Pro,1000+
U000684,2025-07-09,Australia,Desktop,Organic,Free,1-10
U000685,2025-11-27,US,Desktop,Email,Free,1-10
U000686,2025-05-03,France,Desktop,Social Media,Enterprise,201-1000
U000687,2025-05-12,Brazil,Desktop,Organic,Basic,51-200
U000688,2024-10-19,US,Tablet,Google Ads,Free,11-50
U000689,2025-09-04,US,Desktop,Social Media,Free,1-10
U000690,2024-07-31,US,Desktop,Google Ads,Basic,11-50
U000691,2024-11-23,China,Desktop,Organic,Pro,1-10
U000692,2025-02-05,Japan,Mobile,Google Ads,Enterprise,201-1000
U000693,2025-04-01,Brazil,Desktop,Google Ads,Pro,1000+
U000694,2024-09-18,Australia,Desktop,Email,Pro,1-10
U000695,2024-05-20,China,Desktop,Organic,Pro,51-200
U000696,2025-06-05,US,Desktop,Social Media,Enterprise,51-200
U000697,2024-10-26,US,Desktop,Social Media,Free,1-10
U000698,2025-05-18,France,Desktop,Email,Enterprise,201-1000
U000699,2024-06-30,US,Desktop,Email,Free,1-10
U000700,2025-03-15,US,Mobile,Organic,Pro,201-1000
U000701,2025-04-17,China,Mobile,Organic,Free,1-10
U000702,2024-03-10,Germany,Mobile,Social Media,Basic,11-50
U000703,2024-12-03,Canada,Desktop,Organic,Pro,1-10
U000704,2024-06-10,Japan,Desktop,Social Media,Enterprise,1000+
U000705,2024-03-24,US,Desktop,Organic,Pro,11-50
U000706,2025-12-27,Australia,Desktop,Google Ads,Free,11-50
U000707,2024-11-22,US,Desktop,Email,Free,1-10
U000708,2025-09-26,UK,Desktop,Email,Free,1-10
U000709,2024-09-28,Germany,Mobile,Social Media,Free,1-10
U000710,2025-07-16,US,Mobile,Google Ads,Free,201-1000
U000711,2025-08-30,India,Mobile,Email,Free,1-10
U000712,2025-05-27,US,Desktop,Organic,Basic,1-10
U000713,2025-03-09,Germany,Mobile,Google Ads,Pro,11-50
U000714,2025-01-27,UK,Desktop,Social Media,Enterprise,201-1000
U000715,2024-12-12,Brazil,Mobile,Organic,Free,1-10
U000716,2025-11-27,France,Desktop,Social Media,Free,1-10
U000717,2025-10-07,US,Desktop,Organic,Free,1-10
U000718,2025-12-14,UK,Mobile,Google Ads,Free,1-10
U000719,2024-05-30,UK,Mobile,Organic,Free,1-10
U000720,2025-08-13,US,Desktop,Social Media,Basic,11-50
U000721,2025-12-01,France,Desktop,Organic,Basic,11-50
U000722,2024-07-25,China,Desktop,Email,Free,1-10
U000723,2024-03-27,US,Tablet,Social Media,Basic,11-50
U000724,2025-08-19,UK,Mobile,Google Ads,Free,1-10
U000725,2025-05-14,US,Tablet,Google Ads,Basic,1-10
U000726,2025-10-13,Japan,Desktop,Social Media,Pro,51-200
U000727,2024-06-15,US,Mobile,Organic,Free,1-10
U000728,2025-09-18,Australia,Mobile,Google Ads,Free,11-50
U000729,2024-08-13,Brazil,Desktop,Organic,Free,1-10
U000730,2024-07-09,UK,Desktop,Organic,Free,1-10
U000731,2024-07-09,India,Mobile,Google Ads,Free,1-10
U000732,2025-09-28,Canada,Mobile,Organic,Free,1-10
U000733,2025-07-07,India,Mobile,Social Media,Free,1-10
U000734,2025-04-11,US,Mobile,Social Media,Free,1-10
U000735,2024-12-19,UK,Mobile,Social Media,Basic,51-200
U000736,2025-10-31,France,Mobile,Google Ads,Free,1-10
U000737,2025-01-13,Japan,Desktop,Google Ads,Basic,201-1000
U000738,2025-09-29,Japan,Desktop,Google Ads,Free,1-10
U000739,2025-02-15,Canada,Mobile,Google Ads,Free,11-50
U000740,2025-01-02,Canada,Tablet,Organic,Pro,51-200
U000741,2025-03-03,Canada,Desktop,Social Media,Pro,201-1000
U000742,2024-11-05,US,Desktop,Social Media,Free,1-10
U000743,2025-08-23,India,Desktop,Social Media,Pro,51-200
U000744,2025-03-29,Brazil,Desktop,Email,Free,1-10
U000745,2024-09-09,Brazil,Desktop,Google Ads,Basic,1000+
U000746,2025-11-11,Japan,Mobile,Organic,Free,201-1000
U000747,2025-01-07,US,Desktop,Organic,Enterprise,51-200
U000748,2025-04-24,France,Mobile,Organic,Free,11-50
U000749,2025-11-15,China,Mobile,Organic,Free,1-10
U000750,2025-06-13,US,Tablet,Organic,Free,1-10
U000751,2024-05-23,Germany,Desktop,Social Media,Pro,11-50
U000752,2025-12-02,US,Mobile,Email,Basic,1000+
U000753,2025-06-15,UK,Desktop,Google Ads,Pro,51-200
U000754,2024-12-01,US,Desktop,Organic,Pro,11-50
U000755,2024-06-15,Germany,Mobile,Social Media,Enterprise,51-200
U000756,2025-09-17,India,Mobile,Social Media,Basic,1-10
U000757,2025-06-10,Japan,Desktop,Google Ads,Pro,51-200
U000758,2025-04-18,China,Tablet,Google Ads,Enterprise,201-1000
U000759,2025-11-09,France,Mobile,Email,Free,1-10
U000760,2025-09-14,US,Mobile,Social Media,Basic,1-10
U000761,2024-06-27,US,Mobile,Google Ads,Basic,11-50
U000762,2024-11-13,Canada,Desktop,Organic,Enterprise,11-50
U000763,2024-09-23,US,Mobile,Google Ads,Basic,51-200
U000764,2025-08-21,Australia,Desktop,Organic,Enterprise,51-200
U000765,2024-02-16,France,Mobile,Social Media,Pro,201-1000
U000766,2025-05-11,India,Desktop,Google Ads,Basic,11-50
U000767,2025-08-31,Australia,Desktop,Organic,Free,1-10
U000768,2025-10-31,US,Mobile,Organic,Free,1-10
U000769,2024-12-07,UK,Desktop,Organic,Basic,11-50
U000770,2025-10-02,Japan,Desktop,Organic,Basic,51-200
U000771,2024-05-16,UK,Desktop,Organic,Basic,1-10
U000772,2025-10-15,Canada,Mobile,Organic,Free,1-10
U000773,2024-06-03,US,Desktop,Organic,Enterprise,201-1000
U000774,2025-01-16,India,Desktop,Organic,Basic,1-10
U000775,2025-09-19,India,Desktop,Email,Pro,51-200
U000776,2024-06-25,Japan,Desktop,Social Media,Enterprise,11-50
U000777,2024-09-06,US,Desktop,Organic,Basic,11-50
U000778,2025-08-09,UK,Mobile,Social Media,Free,1-10
U000779,2025-08-07,France,Desktop,Email,Basic,1-10
U000780,2025-06-23,US,Desktop,Google Ads,Pro,51-200
U000781,2025-07-24,France,Desktop,Organic,Free,1-10
U000782,2025-04-24,India,Desktop,Google Ads,Free,1-10
U000783,2024-09-26,Brazil,Desktop,Google Ads,Free,1-10
U000784,2024-12-09,China,Mobile,Google Ads,Free,1-10
U000785,2024-07-26,US,Desktop,Google Ads,Free,1-10
U000786,2025-11-16,India,Desktop,Email,Free,201-1000
U000787,2025-05-19,Canada,Mobile,Email,Free,11-50
U000788,2025-01-19,Germany,Desktop,Google Ads,Enterprise,51-200
U000789,2025-03-02,Australia,Mobile,Social Media,Basic,51-200
U000790,2025-12-06,Germany,Desktop,Google Ads,Enterprise,201-1000
U000791,2024-06-29,US,Desktop,Google Ads,Pro,51-200
U000792,2025-05-21,UK,Mobile,Organic,Basic,1-10
U000793,2025-03-31,Australia,Desktop,Email,Free,11-50
U000794,2025-06-05,UK,Mobile,Organic,Free,11-50
U000795,2024-01-26,Canada,Mobile,Social Media,Pro,51-200
U000796,2025-10-28,Canada,Mobile,Email,Basic,1-10
U000797,2025-11-28,UK,Mobile,Organic,Free,1-10
U000798,2025-05-08,US,Mobile,Social Media,Free,1-10
U000799,2025-07-25,China,Mobile,Organic,Basic,1-10
U000800,2025-11-23,UK,Mobile,Social Media,Free,1-10
U000801,2025-07-31,Brazil,Desktop,Organic,Free,11-50
U000802,2024-06-28,Germany,Desktop,Social Media,Pro,201-1000
U000803,2025-05-15,India,Desktop,Social Media,Basic,11-50
U000804,2025-06-02,Brazil,Desktop,Email,Basic,1-10
U000805,2025-02-04,UK,Mobile,Email,Basic,51-200
U000806,2025-08-17,Germany,Desktop,Organic,Basic,51-200
U000807,2025-11-29,UK,Desktop,Google Ads,Basic,11-50
U000808,2025-11-25,UK,Mobile,Organic,Free,1-10
U000809,2025-02-23,India,Desktop,Organic,Free,11-50
U000810,2024-05-19,France,Desktop,Organic,Pro,201-1000
U000811,2025-12-24,UK,Mobile,Email,Free,1-10
U000812,2025-10-11,India,Mobile,Email,Free,1-10
U000813,2024-05-31,China,Mobile,Organic,Free,1-10
U000814,2025-11-22,US,Desktop,Organic,Basic,11-50
U000815,2025-10-27,US,Desktop,Organic,Basic,51-200
U000816,2025-04-09,Australia,Mobile,Social Media,Basic,11-50
U000817,2025-05-24,China,Desktop,Google Ads,Basic,11-50
U000818,2025-01-17,India,Mobile,Organic,Free,1-10
U000819,2024-03-13,Japan,Mobile,Google Ads,Free,1-10
U000820,2024-12-01,US,Desktop,Social Media,Enterprise,201-1000
U000821,2025-09-22,Japan,Desktop,Email,Free,11-50
U000822,2024-01-07,India,Desktop,Google Ads,Basic,201-1000
U000823,2024-11-30,India,Mobile,Social Media,Basic,11-50
U000824,2025-01-17,UK,Desktop,Google Ads,Pro,1-10
U000825,2025-04-20,US,Desktop,Google Ads,Free,201-1000
U000826,2025-11-22,US,Mobile,Organic,Pro,51-200
U000827,2024-12-10,Australia,Desktop,Social Media,Pro,1000+
U000828,2024-12-10,Germany,Desktop,Email,Pro,11-50
U000829,2025-08-17,Germany,Mobile,Organic,Free,1-10
U000830,2025-02-24,US,Desktop,Organic,Pro,11-50
U000831,2024-09-02,US,Mobile,Social Media,Basic,51-200
U000832,2025-02-24,China,Mobile,Google Ads,Free,51-200
U000833,2024-06-16,India,Desktop,Google Ads,Free,1-10
U000834,2024-07-21,India,Tablet,Email,Free,1-10
U000835,2025-03-26,US,Desktop,Social Media,Free,1-10
U000836,2025-02-01,Brazil,Tablet,Organic,Pro,51-200
U000837,2025-11-19,US,Desktop,Google Ads,Free,1-10
U000838,2024-12-22,US,Desktop,Google Ads,Free,11-50
U000839,2025-05-17,Germany,Desktop,Organic,Pro,11-50
U000840,2025-06-18,US,Desktop,Organic,Free,1-10
U000841,2024-01-19,US,Mobile,Organic,Enterprise,11-50
U000842,2025-07-06,Japan,Mobile,Google Ads,Basic,11-50
U000843,2024-07-22,Japan,Mobile,Email,Free,1-10
U000844,2025-12-12,France,Desktop,Google Ads,Pro,1000+
U000845,2024-06-24,Germany,Desktop,Email,Pro,51-200
U000846,2025-01-29,US,Mobile,Organic,Free,1-10
U000847,2024-04-18,US,Desktop,Email,Pro,11-50
U000848,2025-12-30,Australia,Mobile,Google Ads,Free,51-200
U000849,2025-03-29,India,Mobile,Social Media,Free,1-10
U000850,2025-05-27,China,Desktop,Email,Free,1-10
U000851,2024-03-28,US,Mobile,Organic,Basic,201-1000
U000852,2025-08-24,India,Mobile,Email,Free,11-50
U000853,2024-08-20,US,Mobile,Email,Free,1-10
U000854,2025-11-11,India,Desktop,Google Ads,Basic,1-10
U000855,2024-08-16,Canada,Desktop,Google Ads,Free,11-50
U000856,2024-08-03,Australia,Desktop,Organic,Pro,11-50
U000857,2024-02-20,India,Desktop,Social Media,Pro,11-50
U000858,2025-03-09,Germany,Desktop,Social Media,Free,1-10
U000859,2025-05-08,Australia,Mobile,Google Ads,Free,1-10
U000860,2024-03-27,China,Mobile,Google Ads,Basic,201-1000
U000861,2025-09-07,US,Mobile,Email,Free,11-50
U000862,2025-02-24,Germany,Desktop,Organic,Free,11-50
U000863,2025-04-12,US,Tablet,Google Ads,Free,201-1000
U000864,2025-02-16,Germany,Desktop,Email,Free,1-10
U000865,2025-01-19,Germany,Mobile,Google Ads,Free,1-10
U000866,2025-05-04,India,Tablet,Organic,Basic,11-50
U000867,2024-06-30,UK,Mobile,Organic,Basic,11-50
U000868,2024-07-26,US,Tablet,Organic,Basic,11-50
U000869,2025-10-23,India,Mobile,Google Ads,Basic,1-10
U000870,2025-12-05,France,Desktop,Google Ads,Free,1-10
U000871,2024-12-30,China,Desktop,Email,Free,1-10
U000872,2024-10-11,UK,Desktop,Social Media,Pro,11-50
U000873,2025-06-25,Australia,Desktop,Social Media,Pro,11-50
U000874,2025-01-24,Canada,Mobile,Google Ads,Basic,11-50
U000875,2024-02-05,US,Desktop,Google Ads,Pro,51-200
U000876,2024-07-01,US,Mobile,Email,Free,1-10
U000877,2025-08-05,Brazil,Desktop,Google Ads,Free,201-1000
U000878,2025-07-03,France,Desktop,Social Media,Pro,1000+
U000879,2024-02-07,Australia,Tablet,Google Ads,Basic,11-50
U000880,2024-08-31,Canada,Desktop,Email,Enterprise,1000+
U000881,2024-09-08,Japan,Mobile,Social Media,Basic,1000+
U000882,2025-07-11,India,Mobile,Organic,Basic,11-50
U000883,2024-01-28,US,Desktop,Organic,Basic,11-50
U000884,2024-05-09,US,Desktop,Organic,Enterprise,1000+
U000885,2025-09-20,Germany,Desktop,Google Ads,Enterprise,201-1000
U000886,2024-07-23,Japan,Mobile,Organic,Basic,1-10
U000887,2025-06-30,India,Mobile,Organic,Basic,11-50
U000888,2024-09-14,Brazil,Desktop,Organic,Free,1-10
U000889,2024-05-04,US,Mobile,Google Ads,Basic,11-50
U000890,2024-09-18,India,Desktop,Social Media,Pro,11-50
U000891,2025-08-09,US,Mobile,Google Ads,Basic,1-10
U000892,2025-10-20,Germany,Mobile,Organic,Free,1-10
U000893,2025-10-06,Brazil,Mobile,Organic,Basic,51-200
U000894,2025-01-16,China,Mobile,Social Media,Free,1-10
U000895,2025-07-09,Australia,Desktop,Social Media,Pro,1-10
U000896,2024-08-16,US,Tablet,Organic,Free,1-10
U000897,2024-10-30,India,Desktop,Organic,Pro,51-200
U000898,2025-11-10,UK,Mobile,Email,Free,1000+
U000899,2024-01-19,Germany,Desktop,Google Ads,Free,1-10
U000900,2024-04-18,Canada,Tablet,Organic,Basic,1-10
U000901,2024-08-19,China,Mobile,Organic,Free,1-10
U000902,2024-02-06,Canada,Mobile,Email,Free,1-10
U000903,2024-07-25,US,Desktop,Google Ads,Enterprise,51-200
U000904,2025-05-19,Canada,Mobile,Social Media,Enterprise,201-1000
U000905,2025-02-02,US,Mobile,Google Ads,Free,1-10
U000906,2025-11-08,Canada,Mobile,Google Ads,Basic,11-50
U000907,2025-09-30,UK,Desktop,Google Ads,Free,51-200
U000908,2024-12-06,UK,Desktop,Social Media,Enterprise,11-50
U000909,2024-10-02,India,Desktop,Social Media,Pro,11-50
U000910,2025-01-04,Australia,Desktop,Organic,Free,11-50
U000911,2025-05-23,US,Desktop,Email,Free,11-50
U000912,2024-10-09,UK,Desktop,Google Ads,Free,1-10
U000913,2025-06-13,Canada,Desktop,Organic,Pro,1000+
U000914,2025-01-25,UK,Desktop,Email,Free,11-50
U000915,2025-04-30,US,Desktop,Email,Basic,1-10
U000916,2025-02-13,Germany,Tablet,Email,Free,1-10
U000917,2024-10-31,UK,Desktop,Email,Enterprise,51-200
U000918,2025-12-06,Canada,Desktop,Email,Enterprise,51-200
U000919,2025-09-01,Brazil,Desktop,Organic,Basic,1-10
U000920,2024-06-15,India,Mobile,Google Ads,Basic,11-50
U000921,2025-10-26,Australia,Tablet,Google Ads,Pro,201-1000
U000922,2025-03-19,Germany,Desktop,Organic,Enterprise,201-1000
U000923,2025-11-09,US,Desktop,Organic,Free,1-10
U000924,2025-09-20,US,Tablet,Email,Free,1-10
U000925,2025-02-05,Germany,Desktop,Organic,Free,11-50
U000926,2024-02-01,US,Desktop,Email,Free,11-50
U000927,2024-10-10,Australia,Desktop,Organic,Free,1-10
U000928,2025-04-23,Brazil,Desktop,Organic,Basic,11-50
U000929,2025-06-18,US,Tablet,Social Media,Basic,11-50
U000930,2024-10-01,India,Desktop,Organic,Basic,51-200
U000931,2024-06-15,China,Tablet,Google Ads,Basic,1-10
U000932,2025-10-09,Australia,Tablet,Google Ads,Free,1-10
U000933,2025-12-24,Canada,Mobile,Organic,Pro,51-200
U000934,2025-04-13,India,Desktop,Organic,Enterprise,1000+
U000935,2024-07-16,Brazil,Desktop,Social Media,Pro,51-200
U000936,2024-10-13,India,Desktop,Organic,Enterprise,1000+
U000937,2024-01-26,India,Desktop,Google Ads,Free,1-10
U000938,2025-11-19,US,Mobile,Social Media,Basic,11-50
U000939,2024-05-23,US,Desktop,Organic,Free,1-10
U000940,2025-05-15,India,Tablet,Social Media,Free,11-50
U000941,2024-10-14,US,Desktop,Organic,Free,11-50
U000942,2025-05-01,US,Mobile,Organic,Basic,51-200
U000943,2025-06-29,China,Mobile,Organic,Free,11-50
U000944,2025-10-06,US,Desktop,Email,Free,11-50
U000945,2024-08-17,India,Desktop,Email,Free,51-200
U000946,2024-01-16,India,Desktop,Google Ads,Pro,51-200
U000947,2024-06-12,Australia,Desktop,Social Media,Pro,201-1000
U000948,2025-11-12,India,Desktop,Organic,Free,51-200
U000949,2025-10-29,US,Desktop,Social Media,Free,1-10
U000950,2025-05-28,India,Desktop,Google Ads,Pro,201-1000
U000951,2025-05-30,France,Tablet,Email,Free,1-10
U000952,2025-07-07,Australia,Desktop,Organic,Basic,1-10
U000953,2024-07-20,Germany,Desktop,Organic,Pro,51-200
U000954,2025-11-19,UK,Desktop,Google Ads,Free,1-10
U000955,2025-01-31,Canada,Desktop,Google Ads,Free,1-10
U000956,2025-01-06,US,Desktop,Google Ads,Basic,51-200
U000957,2025-04-09,Japan,Tablet,Google Ads,Free,1-10
U000958,2024-03-04,Germany,Desktop,Email,Free,1-10
U000959,2024-07-11,US,Desktop,Social Media,Free,11-50
U000960,2025-08-17,UK,Desktop,Email,Free,1-10
U000961,2024-04-15,US,Desktop,Email,Free,1-10
U000962,2025-05-31,China,Desktop,Google Ads,Enterprise,201-1000
U000963,2024-09-20,Australia,Mobile,Social Media,Basic,1-10
U000964,2025-01-10,US,Desktop,Organic,Pro,1-10
U000965,2024-10-26,France,Desktop,Social Media,Free,51-200
U000966,2024-12-17,US,Mobile,Social Media,Free,1-10
U000967,2025-08-07,India,Desktop,Email,Pro,51-200
U000968,2024-11-02,US,Desktop,Organic,Pro,1000+
U000969,2025-05-09,Australia,Tablet,Organic,Free,11-50
U000970,2025-03-12,Brazil,Desktop,Google Ads,Free,1-10
U000971,2025-07-06,Japan,Mobile,Organic,Basic,11-50
U000972,2025-11-30,France,Desktop,Social Media,Enterprise,1000+
U000973,2025-08-14,Japan,Desktop,Social Media,Free,11-50
U000974,2024-08-25,Australia,Desktop,Google Ads,Basic,51-200
U000975,2024-02-13,China,Desktop,Organic,Pro,51-200
U000976,2024-10-04,Canada,Desktop,Email,Enterprise,51-200
U000977,2025-05-26,India,Desktop,Social Media,Pro,51-200
U000978,2024-03-09,US,Mobile,Email,Free,11-50
U000979,2025-03-25,India,Mobile,Social Media,Basic,11-50
U000980,2025-05-27,US,Desktop,Organic,Pro,1-10
U000981,2024-12-01,India,Mobile,Organic,Basic,1-10
U000982,2025-09-05,India,Mobile,Organic,Pro,1000+
U000983,2024-05-12,Japan,Mobile,Social Media,Pro,11-50
U000984,2024-04-07,US,Desktop,Organic,Free,1-10
U000985,2025-08-12,US,Mobile,Social Media,Free,11-50
U000986,2025-03-24,India,Desktop,Google Ads,Pro,51-200
U000987,2025-07-20,Australia,Desktop,Organic,Free,1-10
U000988,2025-02-12,UK,Desktop,Organic,Free,1-10
U000989,2024-09-21,Germany,Mobile,Google Ads,Free,1-10
U000990,2025-10-01,China,Tablet,Email,Basic,11-50
U000991,2025-09-20,Japan,Tablet,Organic,Free,51-200
U000992,2025-07-24,US,Desktop,Organic,Pro,11-50
U000993,2024-10-13,Germany,Tablet,Email,Free,11-50
U000994,2025-05-23,US,Desktop,Organic,Free,1-10
U000995,2024-12-21,Australia,Desktop,Email,Free,1-10
U000996,2024-04-25,US,Desktop,Organic,Free,11-50
U000997,2025-11-20,UK,Desktop,Email,Pro,11-50
U000998,2024-06-12,US,Mobile,Social Media,Pro,51-200
U000999,2025-12-07,US,Desktop,Email,Basic,1-10
U001000,2025-02-19,Brazil,Tablet,Social Media,Free,1-10
U001001,2024-07-29,US,Desktop,Google Ads,Basic,11-50
U001002,2025-04-23,US,Desktop,Organic,Free,11-50
U001003,2025-10-29,Germany,Tablet,Organic,Free,1-10
U001004,2025-08-14,US,Desktop,Google Ads,Basic,201-1000
U001005,2025-09-24,US,Mobile,Social Media,Basic,1-10
U001006,2025-07-03,France,Mobile,Email,Free,1-10
U001007,2025-07-23,Brazil,Desktop,Social Media,Free,1-10
U001008,2025-10-16,Canada,Mobile,Email,Basic,1-10
U001009,2024-09-24,Canada,Desktop,Social Media,Basic,1-10
U001010,2025-03-20,China,Mobile,Email,Basic,51-200
U001011,2024-08-30,US,Desktop,Email,Enterprise,201-1000
U001012,2025-12-25,Brazil,Desktop,Social Media,Basic,11-50
U001013,2025-12-04,France,Desktop,Email,Free,201-1000
U001014,2024-02-23,France,Desktop,Google Ads,Pro,51-200
U001015,2025-07-30,India,Mobile,Organic,Free,1-10
U001016,2025-11-24,US,Tablet,Google Ads,Free,1-10
U001017,2024-07-25,France,Mobile,Organic,Basic,1-10
U001018,2025-05-10,China,Desktop,Google Ads,Free,1-10
U001019,2025-11-20,Australia,Tablet,Organic,Free,1-10
U001020,2024-02-16,US,Desktop,Organic,Pro,51-200
U001021,2025-07-26,US,Mobile,Social Media,Basic,11-50
U001022,2024-11-02,US,Mobile,Google Ads,Free,11-50
U001023,2025-11-24,France,Desktop,Email,Free,11-50
U001024,2025-12-17,US,Mobile,Email,Free,1-10
U001025,2025-12-04,US,Desktop,Social Media,Basic,1-10
U001026,2025-03-10,Australia,Mobile,Organic,Basic,11-50
U001027,2025-10-23,US,Mobile,Google Ads,Basic,1-10
U001028,2025-10-14,France,Tablet,Google Ads,Basic,1-10
U001029,2024-11-19,UK,Mobile,Social Media,Free,1-10
U001030,2025-10-06,France,Desktop,Social Media,Free,1-10
U001031,2024-02-20,India,Mobile,Social Media,Free,11-50
U001032,2025-05-27,Canada,Desktop,Social Media,Free,1-10
U001033,2024-09-07,Canada,Desktop,Google Ads,Free,201-1000
U001034,2024-05-26,US,Tablet,Social Media,Free,11-50
U001035,2024-04-09,US,Tablet,Email,Free,1-10
U001036,2025-07-25,US,Mobile,Social Media,Basic,11-50
U001037,2024-12-05,China,Desktop,Organic,Pro,51-200
U001038,2025-08-10,Canada,Mobile,Email,Free,11-50
U001039,2024-03-26,Germany,Tablet,Google Ads,Free,1-10
U001040,2024-11-16,Japan,Desktop,Organic,Enterprise,201-1000
U001041,2025-04-22,US,Desktop,Google Ads,Enterprise,201-1000
U001042,2025-09-15,France,Mobile,Social Media,Free,1-10
U001043,2024-11-19,Australia,Mobile,Google Ads,Basic,201-1000
U001044,2025-06-14,US,Tablet,Social Media,Pro,11-50
U001045,2025-11-04,India,Desktop,Google Ads,Basic,1-10
U001046,2025-06-08,US,Mobile,Organic,Free,1-10
U001047,2024-09-10,India,Mobile,Social Media,Free,51-200
U001048,2024-02-04,India,Desktop,Email,Free,1-10
U001049,2025-10-27,US,Mobile,Google Ads,Free,11-50
U001050,2024-01-30,Germany,Desktop,Organic,Enterprise,1000+
U001051,2025-10-30,UK,Desktop,Organic,Pro,201-1000
U001052,2025-04-15,India,Desktop,Social Media,Free,1-10
U001053,2025-12-01,India,Desktop,Google Ads,Basic,1-10
U001054,2025-09-20,US,Mobile,Google Ads,Basic,1-10
U001055,2025-12-30,Brazil,Tablet,Google Ads,Free,1-10
U001056,2024-12-13,China,Desktop,Social Media,Basic,11-50
U001057,2025-09-03,UK,Desktop,Google Ads,Enterprise,201-1000
U001058,2025-01-20,US,Desktop,Social Media,Basic,11-50
U001059,2025-03-14,Brazil,Mobile,Organic,Free,11-50
U001060,2025-06-15,Australia,Tablet,Google Ads,Free,1-10
U001061,2025-10-29,US,Mobile,Email,Free,1-10
U001062,2025-12-24,UK,Mobile,Google Ads,Free,11-50
U001063,2025-09-03,US,Mobile,Google Ads,Free,1-10
U001064,2025-01-31,India,Desktop,Google Ads,Basic,11-50
U001065,2025-02-02,US,Mobile,Email,Free,1-10
U001066,2025-08-17,UK,Mobile,Social Media,Free,201-1000
U001067,2024-09-15,China,Mobile,Social Media,Basic,51-200
U001068,2024-05-16,India,Mobile,Email,Free,1-10
U001069,2024-12-16,UK,Mobile,Email,Basic,11-50
U001070,2024-10-25,Germany,Mobile,Social Media,Free,1-10
U001071,2024-11-01,India,Tablet,Social Media,Basic,11-50
U001072,2024-09-10,US,Tablet,Social Media,Free,11-50
U001073,2024-02-27,US,Mobile,Organic,Free,11-50
U001074,2024-01-26,Canada,Desktop,Email,Basic,11-50
U001075,2025-12-26,US,Desktop,Social Media,Basic,1-10
U001076,2025-02-07,China,Mobile,Email,Free,11-50
U001077,2025-01-07,Canada,Desktop,Organic,Basic,1-10
U001078,2025-07-15,US,Desktop,Social Media,Basic,51-200
U001079,2024-08-28,UK,Desktop,Organic,Pro,51-200
U001080,2025-12-07,India,Mobile,Google Ads,Free,1-10
U001081,2025-09-13,Canada,Desktop,Google Ads,Basic,1-10
U001082,2024-04-23,Australia,Desktop,Google Ads,Pro,11-50
U001083,2025-01-31,China,Desktop,Organic,Enterprise,1000+
U001084,2025-11-01,US,Mobile,Organic,Free,11-50
U001085,2025-12-04,China,Desktop,Organic,Basic,11-50
U001086,2025-03-06,Germany,Desktop,Organic,Free,1-10
U001087,2025-06-06,Germany,Mobile,Google Ads,Free,11-50
U001088,2024-07-12,US,Mobile,Google Ads,Free,1-10
U001089,2025-12-27,US,Desktop,Google Ads,Pro,51-200
U001090,2024-09-09,France,Mobile,Social Media,Free,1-10
U001091,2025-12-03,Germany,Desktop,Organic,Pro,201-1000
U001092,2025-06-28,UK,Mobile,Organic,Free,11-50
U001093,2025-06-03,UK,Desktop,Organic,Basic,11-50
U001094,2025-04-05,Canada,Desktop,Google Ads,Enterprise,1000+
U001095,2024-09-08,Brazil,Mobile,Google Ads,Free,1-10
U001096,2024-07-21,US,Mobile,Organic,Free,1-10
U001097,2024-08-30,US,Desktop,Organic,Basic,1-10
U001098,2024-07-30,US,Desktop,Email,Basic,11-50
U001099,2025-09-09,Canada,Mobile,Google Ads,Free,51-200
U001100,2024-12-13,India,Mobile,Google Ads,Free,11-50
U001101,2024-03-17,India,Desktop,Social Media,Pro,51-200
U001102,2025-12-16,India,Mobile,Organic,Free,1-10
U001103,2025-11-03,UK,Desktop,Email,Basic,1-10
U001104,2025-11-26,France,Desktop,Google Ads,Free,1-10
U001105,2025-12-29,India,Desktop,Social Media,Basic,51-200
U001106,2024-07-18,US,Desktop,Google Ads,Basic,201-1000
U001107,2025-01-15,US,Desktop,Google Ads,Pro,11-50
U001108,2025-08-29,India,Desktop,Organic,Pro,201-1000
U001109,2025-07-25,Australia,Desktop,Social Media,Pro,51-200
U001110,2024-06-29,UK,Desktop,Organic,Basic,1-10
U001111,2025-09-29,Canada,Desktop,Organic,Free,1-10
U001112,2024-09-02,Brazil,Desktop,Google Ads,Free,11-50
U001113,2024-09-02,US,Mobile,Organic,Pro,11-50
U001114,2025-04-20,US,Desktop,Google Ads,Pro,201-1000
U001115,2025-05-25,US,Mobile,Email,Basic,1-10
U001116,2025-05-17,China,Desktop,Organic,Free,1-10
U001117,2024-04-25,US,Desktop,Social Media,Basic,1-10
U001118,2025-10-31,UK,Mobile,Google Ads,Basic,51-200
U001119,2024-10-07,India,Tablet,Google Ads,Basic,11-50
U001120,2024-06-05,China,Desktop,Google Ads,Basic,51-200
U001121,2025-11-06,US,Desktop,Social Media,Pro,51-200
U001122,2025-12-10,Germany,Mobile,Social Media,Free,1-10
U001123,2025-10-23,India,Tablet,Google Ads,Free,11-50
U001124,2025-09-25,India,Tablet,Email,Free,1-10
U001125,2025-07-01,France,Desktop,Social Media,Free,11-50
U001126,2025-04-29,US,Desktop,Email,Free,1-10
U001127,2024-04-20,France,Mobile,Organic,Free,11-50
U001128,2025-01-24,China,Mobile,Email,Free,11-50
U001129,2024-12-29,India,Mobile,Google Ads,Basic,51-200
U001130,2024-10-02,China,Mobile,Social Media,Pro,11-50
U001131,2025-08-09,Germany,Mobile,Google Ads,Basic,11-50
U001132,2025-03-25,US,Desktop,Organic,Free,1-10
U001133,2024-04-13,China,Desktop,Organic,Free,1-10
U001134,2024-08-30,India,Mobile,Organic,Free,1-10
U001135,2025-07-17,Japan,Desktop,Organic,Enterprise,51-200
U001136,2024-04-08,UK,Desktop,Social Media,Basic,51-200
U001137,2025-10-17,Canada,Desktop,Google Ads,Free,11-50
U001138,2025-03-24,India,Desktop,Google Ads,Pro,51-200
U001139,2025-03-15,US,Desktop,Organic,Basic,51-200
U001140,2025-05-25,Germany,Mobile,Email,Basic,1-10
U001141,2025-10-03,Brazil,Desktop,Google Ads,Free,11-50
U001142,2024-12-11,France,Desktop,Email,Free,51-200
U001143,2025-07-14,India,Desktop,Google Ads,Basic,51-200
U001144,2025-05-08,Canada,Desktop,Organic,Enterprise,201-1000
U001145,2024-10-08,US,Tablet,Social Media,Pro,201-1000
U001146,2025-11-01,Germany,Mobile,Google Ads,Free,1-10
U001147,2025-09-19,Canada,Desktop,Organic,Free,11-50
U001148,2025-07-03,Canada,Mobile,Organic,Free,1-10
U001149,2025-10-17,China,Desktop,Organic,Enterprise,1000+
U001150,2025-10-26,Canada,Tablet,Organic,Basic,1-10
U001151,2025-08-01,US,Desktop,Social Media,Pro,51-200
U001152,2025-10-10,Canada,Desktop,Social Media,Basic,11-50
U001153,2025-07-26,UK,Mobile,Organic,Basic,11-50
U001154,2025-07-16,US,Mobile,Google Ads,Free,11-50
U001155,2025-06-10,US,Desktop,Google Ads,Pro,1000+
U001156,2025-08-26,Germany,Mobile,Organic,Pro,201-1000
U001157,2024-07-04,US,Desktop,Organic,Basic,1-10
U001158,2025-11-02,UK,Tablet,Organic,Basic,51-200
U001159,2025-10-28,US,Desktop,Social Media,Free,1-10
U001160,2024-02-10,US,Tablet,Organic,Free,11-50
U001161,2025-10-04,India,Desktop,Social Media,Enterprise,1000+
U001162,2024-06-04,Germany,Desktop,Google Ads,Free,1-10
U001163,2024-12-01,UK,Tablet,Social Media,Pro,201-1000
U001164,2025-08-20,Brazil,Tablet,Organic,Pro,201-1000
U001165,2024-07-06,Canada,Mobile,Social Media,Basic,11-50
U001166,2025-09-30,Brazil,Desktop,Google Ads,Enterprise,201-1000
U001167,2025-10-07,UK,Desktop,Email,Free,1-10
U001168,2025-04-01,Brazil,Desktop,Google Ads,Enterprise,1000+
U001169,2024-01-10,US,Desktop,Google Ads,Free,1-10
U001170,2024-10-25,US,Mobile,Social Media,Basic,11-50
U001171,2025-06-09,UK,Desktop,Social Media,Pro,1-10
U001172,2025-12-22,France,Mobile,Email,Free,1-10
U001173,2025-06-17,US,Mobile,Organic,Basic,51-200
U001174,2024-10-02,US,Desktop,Email,Basic,11-50
U001175,2025-06-19,US,Mobile,Google Ads,Basic,1000+
U001176,2025-04-22,Canada,Mobile,Google Ads,Free,1-10
U001177,2025-09-09,Japan,Mobile,Organic,Basic,11-50
U001178,2024-05-12,US,Desktop,Google Ads,Free,1-10
U001179,2025-08-30,India,Mobile,Social Media,Basic,201-1000
U001180,2025-04-23,India,Desktop,Organic,Basic,1-10
U001181,2025-12-13,Japan,Desktop,Organic,Basic,11-50
U001182,2024-12-06,US,Mobile,Email,Free,1-10
U001183,2025-06-18,Canada,Mobile,Social Media,Free,1-10
U001184,2025-11-28,UK,Desktop,Social Media,Free,11-50
U001185,2024-05-07,China,Mobile,Organic,Free,11-50
U001186,2025-11-30,US,Tablet,Google Ads,Basic,1-10
U001187,2025-07-20,UK,Desktop,Google Ads,Pro,51-200
U001188,2024-03-29,UK,Mobile,Google Ads,Free,11-50
U001189,2024-11-05,India,Mobile,Social Media,Free,1-10
U001190,2025-08-01,US,Mobile,Social Media,Free,1-10
U001191,2024-03-28,France,Desktop,Google Ads,Pro,11-50
U001192,2025-05-18,US,Desktop,Organic,Free,1-10
U001193,2024-12-10,China,Tablet,Email,Free,1-10
U001194,2025-06-11,France,Desktop,Google Ads,Free,1-10
U001195,2024-03-02,India,Desktop,Social Media,Basic,11-50
U001196,2025-10-28,Brazil,Mobile,Social Media,Free,1-10
U001197,2025-12-19,China,Desktop,Google Ads,Free,11-50
U001198,2025-12-16,UK,Mobile,Organic,Basic,1000+
U001199,2025-08-24,France,Mobile,Organic,Basic,201-1000
U001200,2024-06-05,US,Mobile,Google Ads,Free,11-50
U001201,2025-08-29,India,Mobile,Social Media,Basic,1-10
U001202,2024-02-04,Brazil,Desktop,Google Ads,Basic,1-10
U001203,2024-02-01,UK,Desktop,Organic,Enterprise,1000+
U001204,2024-11-23,UK,Mobile,Google Ads,Free,1-10
U001205,2025-03-20,Germany,Desktop,Organic,Pro,11-50
U001206,2025-09-04,France,Tablet,Organic,Pro,51-200
U001207,2025-07-18,Canada,Mobile,Email,Free,1-10
U001208,2025-02-19,India,Desktop,Google Ads,Enterprise,1000+
U001209,2024-10-14,China,Mobile,Social Media,Free,11-50
U001210,2025-12-30,Canada,Desktop,Organic,Pro,201-1000
U001211,2025-02-06,US,Desktop,Google Ads,Free,11-50
U001212,2025-02-23,US,Mobile,Social Media,Free,1-10
U001213,2024-07-09,China,Mobile,Email,Free,11-50
U001214,2025-09-18,France,Desktop,Email,Free,1-10
U001215,2025-07-23,Canada,Desktop,Google Ads,Basic,11-50
U001216,2024-08-30,Germany,Desktop,Social Media,Basic,1-10
U001217,2024-04-15,US,Desktop,Social Media,Pro,201-1000
U001218,2025-07-16,Germany,Desktop,Google Ads,Basic,201-1000
U001219,2025-07-01,US,Desktop,Organic,Free,1-10
U001220,2024-10-14,US,Mobile,Social Media,Basic,1-10
U001221,2025-12-07,Brazil,Tablet,Organic,Free,1-10
U001222,2024-06-26,US,Desktop,Organic,Free,1-10
U001223,2025-02-10,France,Desktop,Organic,Free,1-10
U001224,2025-12-04,Germany,Mobile,Social Media,Free,11-50
U001225,2025-02-01,India,Mobile,Google Ads,Free,1-10
U001226,2025-06-21,US,Tablet,Social Media,Enterprise,201-1000
U001227,2025-01-16,UK,Desktop,Social Media,Basic,51-200
U001228,2024-10-14,US,Desktop,Organic,Free,1-10
U001229,2025-12-24,Australia,Desktop,Google Ads,Free,1-10
U001230,2025-01-25,France,Mobile,Organic,Free,11-50
U001231,2025-11-09,Germany,Desktop,Google Ads,Basic,51-200
U001232,2024-09-07,US,Mobile,Email,Free,1-10
U001233,2024-08-23,Australia,Desktop,Organic,Basic,1-10
U001234,2024-02-13,UK,Desktop,Organic,Basic,1-10
U001235,2025-06-29,US,Mobile,Social Media,Pro,51-200
U001236,2024-12-26,India,Desktop,Email,Free,1-10
U001237,2025-10-24,Australia,Mobile,Google Ads,Free,11-50
U001238,2025-03-10,US,Desktop,Email,Basic,51-200
U001239,2025-12-16,US,Desktop,Social Media,Basic,1-10
U001240,2024-07-29,Australia,Desktop,Email,Basic,11-50
U001241,2025-10-27,US,Desktop,Organic,Pro,51-200
U001242,2025-09-08,US,Desktop,Organic,Basic,11-50
U001243,2025-09-05,India,Mobile,Email,Free,11-50
U001244,2025-10-14,Canada,Mobile,Email,Basic,51-200
U001245,2025-08-30,Germany,Desktop,Organic,Pro,11-50
U001246,2025-06-14,Australia,Desktop,Organic,Enterprise,11-50
U001247,2024-06-06,China,Tablet,Organic,Free,11-50
U001248,2024-02-14,US,Desktop,Organic,Basic,11-50
U001249,2025-11-22,Australia,Desktop,Organic,Enterprise,51-200
U001250,2025-06-08,Germany,Desktop,Email,Free,1-10
U001251,2025-09-18,US,Mobile,Google Ads,Pro,51-200
U001252,2025-03-15,India,Desktop,Google Ads,Free,1-10
U001253,2024-05-23,UK,Mobile,Google Ads,Pro,1000+
U001254,2024-05-31,US,Desktop,Social Media,Basic,11-50
U001255,2025-07-19,US,Desktop,Google Ads,Free,1-10
U001256,2025-02-08,Germany,Desktop,Google Ads,Pro,51-200
U001257,2024-08-12,France,Mobile,Social Media,Free,1-10
U001258,2025-03-22,India,Mobile,Google Ads,Free,1-10
U001259,2024-03-25,Australia,Desktop,Social Media,Free,1-10
U001260,2025-05-18,US,Desktop,Google Ads,Basic,11-50
U001261,2024-10-10,US,Mobile,Email,Pro,201-1000
U001262,2025-09-19,US,Mobile,Social Media,Free,1-10
U001263,2024-11-12,US,Desktop,Google Ads,Basic,201-1000
U001264,2025-02-26,US,Mobile,Organic,Free,11-50
U001265,2024-01-17,France,Desktop,Google Ads,Pro,11-50
U001266,2024-04-03,Canada,Desktop,Social Media,Free,1-10
U001267,2025-01-13,Australia,Desktop,Organic,Free,1-10
U001268,2025-03-14,US,Mobile,Social Media,Free,1-10
U001269,2025-05-29,Canada,Desktop,Google Ads,Basic,11-50
U001270,2024-10-28,UK,Mobile,Organic,Pro,1-10
U001271,2025-07-24,US,Mobile,Email,Free,51-200
U001272,2025-10-22,Canada,Mobile,Organic,Free,1-10
U001273,2025-09-09,Japan,Desktop,Email,Free,1-10
U001274,2024-02-24,US,Desktop,Google Ads,Pro,11-50
U001275,2025-03-15,Germany,Tablet,Social Media,Free,1-10
U001276,2024-05-10,US,Mobile,Social Media,Free,11-50
U001277,2024-09-17,China,Mobile,Google Ads,Free,11-50
U001278,2025-12-25,Germany,Desktop,Google Ads,Pro,11-50
U001279,2024-06-18,Australia,Desktop,Google Ads,Basic,51-200
U001280,2025-03-27,US,Mobile,Social Media,Basic,51-200
U001281,2025-06-09,UK,Desktop,Social Media,Free,11-50
U001282,2025-07-28,India,Mobile,Email,Free,11-50
U001283,2025-05-04,India,Desktop,Organic,Enterprise,201-1000
U001284,2024-01-15,UK,Desktop,Social Media,Free,1-10
U001285,2024-11-25,China,Desktop,Organic,Enterprise,201-1000
U001286,2025-04-08,Canada,Desktop,Google Ads,Basic,1-10
U001287,2024-04-21,Australia,Desktop,Google Ads,Free,1-10
U001288,2024-12-13,France,Mobile,Organic,Free,51-200
U001289,2024-02-15,Canada,Desktop,Organic,Enterprise,201-1000
U001290,2024-04-11,India,Desktop,Organic,Basic,201-1000
U001291,2025-01-16,France,Mobile,Social Media,Pro,51-200
U001292,2024-06-08,UK,Desktop,Social Media,Free,11-50
U001293,2025-05-09,UK,Desktop,Email,Free,11-50
U001294,2025-07-21,UK,Mobile,Social Media,Pro,51-200
U001295,2025-09-21,Germany,Tablet,Organic,Enterprise,201-1000
U001296,2024-08-12,US,Desktop,Email,Free,1-10
U001297,2024-07-12,Australia,Desktop,Social Media,Pro,11-50
U001298,2024-05-09,UK,Mobile,Google Ads,Free,201-1000
U001299,2025-06-20,US,Desktop,Organic,Free,1-10
U001300,2025-07-31,India,Mobile,Social Media,Free,1-10
U001301,2024-02-13,US,Tablet,Email,Free,1-10
U001302,2025-11-30,US,Tablet,Google Ads,Free,1-10
U001303,2024-03-10,US,Desktop,Social Media,Free,11-50
U001304,2025-04-23,Germany,Desktop,Google Ads,Enterprise,1000+
U001305,2025-08-01,Germany,Tablet,Email,Free,51-200
U001306,2025-10-28,France,Desktop,Organic,Basic,11-50
U001307,2025-08-04,China,Desktop,Social Media,Enterprise,201-1000
U001308,2025-09-21,Germany,Mobile,Email,Free,51-200
U001309,2024-12-05,UK,Desktop,Organic,Basic,1000+
U001310,2025-09-28,UK,Desktop,Google Ads,Basic,201-1000
U001311,2024-04-12,Brazil,Mobile,Google Ads,Free,11-50
U001312,2025-11-09,US,Desktop,Google Ads,Pro,11-50
U001313,2025-04-27,US,Desktop,Social Media,Free,1-10
U001314,2025-09-30,France,Desktop,Social Media,Free,11-50
U001315,2025-02-24,Germany,Mobile,Google Ads,Free,11-50
U001316,2025-06-24,US,Desktop,Organic,Enterprise,1000+
U001317,2025-04-13,US,Desktop,Social Media,Pro,11-50
U001318,2025-08-14,Australia,Mobile,Organic,Basic,11-50
U001319,2024-04-14,Canada,Mobile,Organic,Basic,11-50
U001320,2024-03-20,China,Desktop,Email,Free,1-10
U001321,2024-09-22,India,Mobile,Social Media,Basic,11-50
U001322,2024-07-05,India,Desktop,Email,Free,51-200
U001323,2025-10-28,Australia,Mobile,Organic,Free,1-10
U001324,2024-08-29,Australia,Desktop,Google Ads,Basic,11-50
U001325,2025-12-20,US,Desktop,Organic,Free,1-10
U001326,2024-12-03,France,Mobile,Google Ads,Free,11-50
U001327,2024-07-26,US,Desktop,Google Ads,Pro,51-200
U001328,2025-09-15,US,Desktop,Organic,Pro,1000+
U001329,2025-07-03,China,Desktop,Email,Free,1-10
U001330,2025-03-26,Germany,Mobile,Organic,Free,1-10
U001331,2025-05-02,Australia,Desktop,Google Ads,Free,11-50
U001332,2025-08-07,US,Desktop,Email,Basic,11-50
U001333,2024-09-06,India,Desktop,Email,Basic,1-10
U001334,2025-12-30,Canada,Desktop,Email,Free,1-10
U001335,2025-12-19,Canada,Desktop,Social Media,Enterprise,201-1000
U001336,2025-06-28,US,Desktop,Organic,Enterprise,11-50
U001337,2024-08-11,UK,Desktop,Organic,Basic,1-10
U001338,2025-07-16,Japan,Desktop,Social Media,Pro,201-1000
U001339,2024-04-03,US,Mobile,Google Ads,Free,1-10
U001340,2024-02-12,Australia,Mobile,Organic,Free,1-10
U001341,2024-10-01,Canada,Mobile,Google Ads,Free,1-10
U001342,2025-03-03,US,Desktop,Social Media,Basic,11-50
U001343,2025-10-26,US,Tablet,Social Media,Enterprise,51-200
U001344,2025-08-11,US,Desktop,Google Ads,Pro,201-1000
U001345,2025-08-20,Canada,Tablet,Social Media,Pro,51-200
U001346,2025-02-05,US,Desktop,Google Ads,Free,1-10
U001347,2024-12-10,Germany,Desktop,Organic,Basic,201-1000
U001348,2024-12-28,Germany,Desktop,Google Ads,Free,1-10
U001349,2025-12-25,India,Desktop,Organic,Free,1-10
U001350,2024-02-24,US,Mobile,Organic,Basic,11-50
U001351,2025-10-26,US,Mobile,Google Ads,Free,1-10
U001352,2025-05-16,Australia,Tablet,Email,Free,1-10
U001353,2025-02-14,Canada,Mobile,Organic,Free,1-10
U001354,2025-08-10,Brazil,Desktop,Social Media,Free,1-10
U001355,2025-03-19,US,Desktop,Social Media,Free,1-10
U001356,2025-10-29,UK,Tablet,Organic,Pro,201-1000
U001357,2025-11-12,Japan,Mobile,Google Ads,Free,11-50
U001358,2025-02-03,US,Mobile,Google Ads,Free,1-10
U001359,2024-10-16,Canada,Desktop,Organic,Pro,51-200
U001360,2025-05-25,Japan,Desktop,Social Media,Enterprise,201-1000
U001361,2025-11-18,US,Tablet,Google Ads,Basic,1-10
U001362,2024-08-21,Canada,Desktop,Social Media,Free,1-10
U001363,2025-06-12,Australia,Desktop,Google Ads,Free,1-10
U001364,2025-06-17,US,Desktop,Organic,Enterprise,201-1000
U001365,2025-08-15,India,Mobile,Google Ads,Basic,11-50
U001366,2024-06-07,UK,Desktop,Organic,Basic,51-200
U001367,2025-08-05,UK,Desktop,Google Ads,Free,1-10
U001368,2025-11-16,US,Desktop,Social Media,Free,51-200
U001369,2024-07-24,India,Desktop,Organic,Free,11-50
U001370,2024-09-14,Australia,Desktop,Google Ads,Basic,1000+
U001371,2025-12-17,India,Desktop,Organic,Free,51-200
U001372,2024-07-25,US,Tablet,Social Media,Enterprise,201-1000
U001373,2025-10-19,Japan,Tablet,Social Media,Free,1-10
U001374,2025-03-22,UK,Desktop,Organic,Pro,11-50
U001375,2024-09-22,Canada,Mobile,Email,Free,11-50
U001376,2025-10-28,Germany,Mobile,Google Ads,Free,11-50
U001377,2025-02-19,US,Desktop,Organic,Free,1-10
U001378,2025-04-06,US,Desktop,Google Ads,Pro,51-200
U001379,2024-12-20,Brazil,Desktop,Social Media,Basic,11-50
U001380,2025-05-25,US,Desktop,Email,Free,1-10
U001381,2024-07-08,Brazil,Desktop,Social Media,Enterprise,201-1000
U001382,2025-01-12,US,Mobile,Google Ads,Free,11-50
U001383,2025-12-16,UK,Desktop,Social Media,Enterprise,1000+
U001384,2024-10-01,Germany,Mobile,Social Media,Pro,201-1000
U001385,2025-07-02,Australia,Desktop,Social Media,Enterprise,1000+
U001386,2024-11-24,Australia,Desktop,Organic,Free,1-10
U001387,2025-09-06,US,Desktop,Google Ads,Free,51-200
U001388,2024-06-06,UK,Desktop,Social Media,Enterprise,51-200
U001389,2025-12-17,US,Mobile,Email,Free,51-200
U001390,2025-02-25,India,Mobile,Organic,Free,1-10
U001391,2024-09-12,Germany,Desktop,Google Ads,Pro,51-200
U001392,2024-04-05,Canada,Mobile,Email,Free,11-50
U001393,2024-07-14,Australia,Tablet,Google Ads,Basic,11-50
U001394,2025-04-09,UK,Mobile,Email,Basic,11-50
U001395,2024-12-03,India,Desktop,Google Ads,Pro,51-200
U001396,2025-10-06,Canada,Mobile,Social Media,Free,1-10
U001397,2025-02-09,France,Desktop,Google Ads,Free,1-10
U001398,2024-09-23,US,Mobile,Organic,Free,11-50
U001399,2025-06-09,UK,Desktop,Social Media,Basic,1-10
U001400,2025-07-31,Germany,Desktop,Organic,Free,11-50
U001401,2024-07-12,US,Desktop,Google Ads,Basic,1-10
U001402,2024-07-12,US,Desktop,Social Media,Basic,11-50
U001403,2024-02-20,US,Tablet,Social Media,Basic,11-50
U001404,2025-08-17,Japan,Desktop,Organic,Pro,11-50
U001405,2025-07-06,US,Desktop,Email,Free,1-10
U001406,2025-03-11,US,Tablet,Organic,Free,11-50
U001407,2025-10-14,US,Desktop,Organic,Pro,1000+
U001408,2025-09-23,France,Desktop,Organic,Pro,201-1000
U001409,2025-05-20,Canada,Mobile,Email,Free,11-50
U001410,2025-10-26,India,Desktop,Email,Free,1-10
U001411,2024-08-17,Germany,Desktop,Google Ads,Free,1-10
U001412,2024-05-17,Australia,Desktop,Email,Free,1-10
U001413,2024-10-11,US,Mobile,Organic,Pro,51-200
U001414,2024-03-16,US,Tablet,Email,Pro,201-1000
U001415,2025-04-17,US,Desktop,Organic,Basic,11-50
U001416,2025-11-30,US,Desktop,Organic,Pro,51-200
U001417,2024-02-23,UK,Desktop,Organic,Enterprise,51-200
U001418,2024-05-28,Canada,Mobile,Google Ads,Pro,11-50
U001419,2025-02-24,Japan,Desktop,Google Ads,Basic,1-10
U001420,2025-11-29,Germany,Mobile,Social Media,Basic,11-50
U001421,2024-11-17,Australia,Desktop,Email,Free,1-10
U001422,2025-04-01,US,Tablet,Social Media,Free,11-50
U001423,2024-02-26,US,Mobile,Organic,Free,1-10
U001424,2024-06-24,India,Mobile,Social Media,Basic,51-200
U001425,2025-12-25,Japan,Desktop,Google Ads,Pro,201-1000
U001426,2025-12-14,US,Mobile,Google Ads,Pro,201-1000
U001427,2024-01-08,Germany,Desktop,Social Media,Free,1-10
U001428,2025-12-08,Japan,Desktop,Google Ads,Basic,11-50
U001429,2025-06-22,China,Desktop,Organic,Free,51-200
U001430,2025-10-26,Japan,Mobile,Google Ads,Free,1-10
U001431,2025-02-25,UK,Mobile,Email,Basic,1-10
U001432,2025-04-07,US,Desktop,Organic,Basic,11-50
U001433,2025-03-20,Germany,Mobile,Email,Free,11-50
U001434,2025-07-08,US,Desktop,Google Ads,Free,1-10
U001435,2024-06-15,Australia,Mobile,Organic,Free,11-50
U001436,2024-02-11,Germany,Mobile,Email,Free,1-10
U001437,2024-11-10,UK,Mobile,Social Media,Free,1-10
U001438,2025-07-30,Brazil,Desktop,Social Media,Free,1-10
U001439,2024-08-13,India,Tablet,Organic,Free,1-10
U001440,2025-07-12,UK,Mobile,Organic,Basic,1-10
U001441,2025-12-17,France,Mobile,Google Ads,Pro,11-50
U001442,2024-04-28,Canada,Desktop,Google Ads,Pro,11-50
U001443,2025-07-11,China,Mobile,Email,Pro,201-1000
U001444,2025-02-18,US,Mobile,Organic,Pro,51-200
U001445,2025-10-26,India,Desktop,Organic,Enterprise,201-1000
U001446,2024-07-21,Brazil,Desktop,Organic,Basic,11-50
U001447,2025-07-23,US,Desktop,Social Media,Basic,11-50
U001448,2025-10-11,US,Mobile,Email,Free,1-10
U001449,2025-12-04,Canada,Desktop,Google Ads,Pro,1-10
U001450,2025-07-17,US,Desktop,Social Media,Free,51-200
U001451,2025-03-26,Brazil,Mobile,Email,Free,1-10
U001452,2025-06-09,Germany,Desktop,Google Ads,Enterprise,201-1000
U001453,2025-10-27,Germany,Desktop,Organic,Free,1-10
U001454,2025-05-11,US,Desktop,Google Ads,Enterprise,1000+
U001455,2024-02-12,France,Mobile,Social Media,Basic,11-50
U001456,2025-11-27,UK,Mobile,Organic,Free,1-10
U001457,2025-07-21,India,Desktop,Organic,Pro,201-1000
U001458,2025-07-14,China,Tablet,Social Media,Pro,11-50
U001459,2024-08-26,China,Desktop,Social Media,Free,1-10
U001460,2025-07-03,Australia,Tablet,Organic,Pro,1-10
U001461,2025-01-14,India,Desktop,Organic,Pro,201-1000
U001462,2025-06-29,UK,Desktop,Google Ads,Free,11-50
U001463,2024-05-12,Australia,Desktop,Email,Free,11-50
U001464,2025-07-03,Japan,Desktop,Google Ads,Free,51-200
U001465,2025-12-31,US,Desktop,Organic,Free,1-10
U001466,2024-03-05,US,Mobile,Organic,Free,1-10
U001467,2025-12-20,France,Mobile,Organic,Basic,11-50
U001468,2025-01-23,UK,Desktop,Organic,Basic,201-1000
U001469,2025-10-28,China,Desktop,Google Ads,Pro,11-50
U001470,2025-09-11,Germany,Desktop,Google Ads,Free,201-1000
U001471,2025-05-09,US,Desktop,Google Ads,Basic,1-10
U001472,2025-08-18,Japan,Mobile,Google Ads,Basic,51-200
U001473,2025-11-01,US,Desktop,Organic,Enterprise,201-1000
U001474,2025-01-21,Germany,Mobile,Social Media,Free,11-50
U001475,2024-11-25,India,Desktop,Google Ads,Free,1-10
U001476,2025-07-08,Germany,Desktop,Social Media,Enterprise,11-50
U001477,2025-09-25,Brazil,Desktop,Organic,Free,1-10
U001478,2025-08-31,France,Desktop,Social Media,Free,1-10
U001479,2025-09-19,Brazil,Desktop,Organic,Basic,11-50
U001480,2025-02-12,US,Mobile,Organic,Basic,201-1000
U001481,2025-09-30,US,Desktop,Google Ads,Free,1-10
U001482,2024-05-26,India,Desktop,Email,Free,1-10
U001483,2025-04-25,Australia,Mobile,Organic,Basic,1-10
U001484,2024-01-09,France,Desktop,Organic,Enterprise,1-10
U001485,2024-11-23,France,Mobile,Google Ads,Free,11-50
U001486,2024-12-25,UK,Desktop,Organic,Free,11-50
U001487,2025-01-15,Germany,Desktop,Social Media,Basic,1000+
U001488,2025-07-24,Germany,Mobile,Organic,Free,1-10
U001489,2025-01-10,US,Mobile,Organic,Basic,1-10
U001490,2025-02-21,US,Desktop,Google Ads,Basic,1-10
U001491,2024-09-14,Australia,Desktop,Google Ads,Pro,51-200
U001492,2024-12-30,US,Mobile,Organic,Pro,1000+
U001493,2024-09-05,US,Desktop,Social Media,Enterprise,51-200
U001494,2024-04-04,US,Desktop,Organic,Basic,1-10
U001495,2025-05-31,Canada,Mobile,Organic,Enterprise,1000+
U001496,2025-07-09,India,Mobile,Email,Free,11-50
U001497,2025-06-10,China,Mobile,Google Ads,Basic,1-10
U001498,2025-03-03,Canada,Mobile,Social Media,Basic,51-200
U001499,2025-01-04,UK,Mobile,Google Ads,Basic,1-10
U001500,2025-10-24,Japan,Mobile,Google Ads,Free,51-200
U001501,2025-04-09,US,Mobile,Google Ads,Basic,1-10
U001502,2025-03-14,US,Desktop,Organic,Enterprise,11-50
U001503,2024-02-05,France,Desktop,Organic,Pro,11-50
U001504,2024-12-06,Brazil,Mobile,Google Ads,Basic,1-10
U001505,2025-01-04,UK,Mobile,Social Media,Free,1-10
U001506,2025-01-17,UK,Desktop,Email,Free,11-50
U001507,2025-05-17,India,Desktop,Google Ads,Enterprise,201-1000
U001508,2025-04-18,US,Tablet,Email,Free,11-50
U001509,2025-06-03,US,Mobile,Organic,Basic,11-50
U001510,2025-09-01,US,Desktop,Email,Free,1-10
U001511,2025-09-27,US,Mobile,Social Media,Free,201-1000
U001512,2025-08-06,France,Tablet,Email,Free,11-50
U001513,2025-12-10,US,Mobile,Organic,Free,1-10
U001514,2024-01-26,US,Mobile,Social Media,Free,1-10
U001515,2024-08-08,India,Desktop,Google Ads,Free,11-50
U001516,2024-01-11,Canada,Mobile,Social Media,Free,1-10
U001517,2025-06-27,US,Desktop,Social Media,Basic,11-50
U001518,2025-11-11,US,Mobile,Email,Free,1-10
U001519,2024-09-19,UK,Desktop,Social Media,Basic,1-10
U001520,2025-11-25,Brazil,Desktop,Google Ads,Enterprise,51-200
U001521,2024-03-20,India,Desktop,Organic,Basic,51-200
U001522,2025-11-29,France,Desktop,Google Ads,Pro,11-50
U001523,2024-12-14,Australia,Mobile,Google Ads,Pro,11-50
U001524,2024-05-06,France,Tablet,Social Media,Free,11-50
U001525,2025-03-18,Japan,Mobile,Organic,Free,11-50
U001526,2024-09-30,India,Mobile,Google Ads,Free,1-10
U001527,2024-10-23,US,Desktop,Organic,Basic,51-200
U001528,2024-11-10,Australia,Mobile,Organic,Free,11-50
U001529,2025-09-22,UK,Mobile,Google Ads,Free,1-10
U001530,2025-04-22,US,Mobile,Organic,Basic,11-50
U001531,2024-11-13,China,Desktop,Organic,Free,11-50
U001532,2025-06-05,US,Mobile,Google Ads,Pro,11-50
U001533,2025-08-05,India,Mobile,Organic,Free,1-10
U001534,2024-10-13,India,Desktop,Social Media,Enterprise,201-1000
U001535,2025-01-28,Germany,Mobile,Organic,Free,1-10
U001536,2024-05-28,France,Tablet,Google Ads,Free,11-50
U001537,2024-07-25,US,Desktop,Google Ads,Free,1-10
U001538,2025-07-16,Germany,Mobile,Google Ads,Enterprise,51-200
U001539,2024-07-25,India,Mobile,Organic,Free,1-10
U001540,2025-04-13,China,Mobile,Organic,Basic,11-50
U001541,2025-08-01,Brazil,Desktop,Organic,Enterprise,1000+
U001542,2024-05-12,UK,Mobile,Social Media,Basic,11-50
U001543,2025-05-09,Japan,Desktop,Email,Free,1-10
U001544,2024-09-30,US,Desktop,Organic,Enterprise,1000+
U001545,2025-12-13,Australia,Mobile,Organic,Pro,11-50
U001546,2025-03-17,UK,Mobile,Organic,Free,1-10
U001547,2025-09-24,China,Mobile,Google Ads,Free,1-10
U001548,2025-04-29,US,Desktop,Google Ads,Enterprise,51-200
U001549,2024-02-28,US,Desktop,Google Ads,Enterprise,201-1000
U001550,2025-06-18,India,Tablet,Email,Free,1-10
U001551,2025-12-08,Canada,Desktop,Social Media,Enterprise,51-200
U001552,2025-05-30,India,Mobile,Organic,Free,1-10
U001553,2025-10-01,Canada,Mobile,Organic,Free,11-50
U001554,2025-11-04,India,Mobile,Google Ads,Free,51-200
U001555,2024-09-05,India,Desktop,Google Ads,Free,11-50
U001556,2024-08-22,US,Mobile,Social Media,Basic,1-10
U001557,2025-06-05,France,Mobile,Google Ads,Free,1-10
U001558,2025-01-26,US,Desktop,Google Ads,Free,1-10
U001559,2025-10-12,Canada,Desktop,Email,Free,1-10
U001560,2025-11-12,Canada,Desktop,Google Ads,Free,11-50
U001561,2024-12-15,Australia,Desktop,Google Ads,Enterprise,201-1000
U001562,2024-09-13,India,Mobile,Organic,Pro,11-50
U001563,2025-09-10,China,Mobile,Google Ads,Free,1-10
U001564,2024-10-15,Brazil,Tablet,Email,Pro,11-50
U001565,2025-10-02,US,Mobile,Social Media,Free,1-10
U001566,2025-02-04,Japan,Mobile,Google Ads,Basic,11-50
U001567,2025-07-08,US,Desktop,Google Ads,Enterprise,201-1000
U001568,2024-04-30,India,Mobile,Organic,Free,51-200
U001569,2025-06-13,US,Mobile,Google Ads,Basic,11-50
U001570,2025-02-23,US,Tablet,Organic,Free,11-50
U001571,2025-05-21,UK,Mobile,Email,Free,11-50
U001572,2024-07-13,Germany,Tablet,Google Ads,Basic,11-50
U001573,2025-08-17,Japan,Mobile,Organic,Enterprise,201-1000
U001574,2025-10-23,US,Mobile,Organic,Free,1-10
U001575,2024-08-26,India,Desktop,Google Ads,Enterprise,201-1000
U001576,2024-04-30,US,Mobile,Social Media,Pro,51-200
U001577,2024-02-03,India,Mobile,Organic,Free,1-10
U001578,2025-06-23,Japan,Desktop,Social Media,Basic,11-50
U001579,2025-06-03,India,Desktop,Social Media,Pro,201-1000
U001580,2025-04-26,China,Mobile,Organic,Free,201-1000
U001581,2024-09-09,UK,Desktop,Google Ads,Free,1-10
U001582,2025-01-12,Brazil,Desktop,Email,Enterprise,201-1000
U001583,2025-05-26,Germany,Mobile,Google Ads,Basic,51-200
U001584,2025-03-25,India,Tablet,Google Ads,Free,1-10
U001585,2025-12-26,Japan,Mobile,Organic,Basic,1-10
U001586,2024-06-12,US,Desktop,Organic,Free,1-10
U001587,2025-07-24,Japan,Desktop,Organic,Basic,51-200
U001588,2025-01-21,Japan,Desktop,Google Ads,Enterprise,51-200
U001589,2025-02-07,UK,Desktop,Email,Pro,11-50
U001590,2025-08-06,US,Desktop,Google Ads,Free,1-10
U001591,2025-07-23,US,Tablet,Email,Free,11-50
U001592,2025-12-27,Canada,Mobile,Google Ads,Basic,201-1000
U001593,2024-06-04,China,Desktop,Social Media,Free,1-10
U001594,2024-05-09,US,Desktop,Social Media,Free,51-200
U001595,2025-08-10,UK,Desktop,Organic,Basic,1-10
U001596,2025-05-16,India,Desktop,Organic,Pro,11-50
U001597,2024-10-14,France,Desktop,Google Ads,Free,51-200
U001598,2024-04-11,US,Tablet,Social Media,Free,1-10
U001599,2024-04-19,US,Desktop,Google Ads,Free,1-10
U001600,2025-11-09,Canada,Desktop,Google Ads,Free,1-10
U001601,2024-08-04,US,Desktop,Organic,Basic,51-200
U001602,2024-11-22,US,Mobile,Social Media,Free,11-50
U001603,2024-09-04,Australia,Desktop,Social Media,Free,51-200
U001604,2024-12-16,Japan,Desktop,Social Media,Enterprise,201-1000
U001605,2024-03-31,US,Desktop,Google Ads,Free,51-200
U001606,2025-04-09,US,Mobile,Social Media,Free,1-10
U001607,2024-03-29,US,Desktop,Google Ads,Enterprise,201-1000
U001608,2025-09-21,US,Desktop,Email,Free,11-50
U001609,2024-09-10,Canada,Desktop,Email,Basic,11-50
U001610,2025-04-22,Germany,Desktop,Email,Free,1-10
U001611,2025-11-01,China,Desktop,Organic,Free,1-10
U001612,2025-06-29,Canada,Desktop,Organic,Pro,51-200
U001613,2025-04-18,Germany,Desktop,Organic,Pro,11-50
U001614,2024-11-23,US,Desktop,Organic,Free,1-10
U001615,2024-11-30,India,Desktop,Email,Free,1-10
U001616,2025-07-10,Canada,Desktop,Google Ads,Enterprise,11-50
U001617,2025-12-29,France,Desktop,Organic,Free,11-50
U001618,2025-07-05,US,Tablet,Organic,Basic,1-10
U001619,2025-05-03,China,Mobile,Organic,Free,1-10
U001620,2025-08-13,India,Mobile,Google Ads,Basic,11-50
U001621,2025-03-04,Canada,Mobile,Google Ads,Basic,51-200
U001622,2024-03-20,US,Tablet,Email,Basic,1-10
U001623,2025-05-06,India,Mobile,Email,Free,1-10
U001624,2025-12-11,Canada,Mobile,Organic,Free,51-200
U001625,2024-07-20,Germany,Desktop,Social Media,Free,1-10
U001626,2025-07-21,India,Desktop,Organic,Pro,1000+
U001627,2024-08-12,US,Mobile,Social Media,Basic,1-10
U001628,2025-04-19,US,Tablet,Email,Pro,11-50
U001629,2024-05-01,UK,Desktop,Google Ads,Basic,1-10
U001630,2025-02-22,Australia,Mobile,Google Ads,Basic,1-10
U001631,2025-08-27,US,Desktop,Social Media,Basic,51-200
U001632,2024-12-11,Germany,Desktop,Organic,Free,201-1000
U001633,2025-07-07,China,Desktop,Organic,Basic,201-1000
U001634,2025-09-18,US,Desktop,Social Media,Basic,51-200
U001635,2025-11-25,India,Desktop,Google Ads,Enterprise,1000+
U001636,2024-09-11,China,Mobile,Organic,Free,11-50
U001637,2025-01-18,Canada,Mobile,Google Ads,Pro,201-1000
U001638,2024-06-28,Japan,Mobile,Google Ads,Free,1-10
U001639,2025-12-28,China,Desktop,Social Media,Free,1-10
U001640,2025-11-25,US,Mobile,Google Ads,Free,11-50
U001641,2025-04-22,Australia,Desktop,Social Media,Free,51-200
U001642,2025-10-13,US,Desktop,Google Ads,Basic,11-50
U001643,2025-04-10,Brazil,Mobile,Google Ads,Free,11-50
U001644,2025-06-13,US,Desktop,Email,Free,1-10
U001645,2024-04-22,Australia,Desktop,Social Media,Enterprise,1000+
U001646,2025-08-27,China,Desktop,Social Media,Pro,1000+
U001647,2024-06-03,Brazil,Mobile,Organic,Basic,1-10
U001648,2025-10-04,US,Desktop,Organic,Free,51-200
U001649,2025-09-11,Germany,Mobile,Google Ads,Free,1-10
U001650,2025-08-01,Japan,Mobile,Email,Free,11-50
U001651,2024-02-19,Brazil,Mobile,Social Media,Pro,201-1000
U001652,2024-11-07,US,Mobile,Organic,Free,1-10
U001653,2024-10-05,Australia,Desktop,Organic,Basic,11-50
U001654,2024-12-20,Canada,Desktop,Social Media,Basic,11-50
U001655,2024-04-21,US,Desktop,Organic,Basic,1-10
U001656,2025-11-30,France,Desktop,Organic,Pro,51-200
U001657,2025-05-01,India,Mobile,Google Ads,Free,1-10
U001658,2024-11-08,Germany,Desktop,Organic,Basic,201-1000
U001659,2025-01-16,UK,Desktop,Social Media,Pro,1-10
U001660,2025-02-20,India,Mobile,Google Ads,Free,1-10
U001661,2025-05-30,China,Mobile,Organic,Free,51-200
U001662,2025-04-07,Germany,Mobile,Google Ads,Free,51-200
U001663,2025-11-22,Japan,Mobile,Google Ads,Basic,51-200
U001664,2025-03-25,China,Mobile,Google Ads,Pro,51-200
U001665,2025-12-28,China,Mobile,Social Media,Basic,1-10
U001666,2025-10-18,US,Desktop,Social Media,Enterprise,201-1000
U001667,2024-08-19,Canada,Tablet,Google Ads,Free,1-10
U001668,2025-11-27,Germany,Mobile,Google Ads,Free,11-50
U001669,2024-05-22,US,Desktop,Social Media,Free,1-10
U001670,2025-09-30,US,Desktop,Organic,Pro,51-200
U001671,2025-01-04,India,Mobile,Organic,Free,1-10
U001672,2025-10-31,Canada,Tablet,Organic,Pro,51-200
U001673,2025-10-26,UK,Desktop,Google Ads,Basic,11-50
U001674,2025-09-23,Brazil,Desktop,Organic,Enterprise,1000+
U001675,2025-09-15,US,Mobile,Social Media,Free,1-10
U001676,2024-11-08,Germany,Tablet,Google Ads,Free,1-10
U001677,2024-04-13,Australia,Desktop,Organic,Free,1-10
U001678,2025-01-20,Brazil,Desktop,Google Ads,Basic,1-10
U001679,2024-07-18,US,Mobile,Google Ads,Basic,11-50
U001680,2025-07-24,India,Desktop,Organic,Free,1-10
U001681,2024-12-10,US,Mobile,Google Ads,Pro,1-10
U001682,2025-12-20,Germany,Desktop,Google Ads,Enterprise,1000+
U001683,2025-06-23,Brazil,Desktop,Social Media,Basic,11-50
U001684,2025-10-02,Brazil,Desktop,Organic,Free,1-10
U001685,2024-06-08,US,Desktop,Social Media,Free,1-10
U001686,2025-10-23,Canada,Desktop,Email,Free,1-10
U001687,2025-11-23,India,Desktop,Google Ads,Free,1-10
U001688,2025-03-19,UK,Mobile,Organic,Free,11-50
U001689,2025-06-02,India,Desktop,Google Ads,Free,11-50
U001690,2025-09-01,Japan,Tablet,Social Media,Pro,11-50
U001691,2024-07-19,India,Desktop,Google Ads,Free,11-50
U001692,2025-03-29,India,Mobile,Google Ads,Free,1-10
U001693,2025-01-17,India,Desktop,Social Media,Basic,11-50
U001694,2024-06-22,US,Desktop,Google Ads,Enterprise,1000+
U001695,2024-12-26,France,Mobile,Google Ads,Basic,11-50
U001696,2024-03-29,India,Mobile,Google Ads,Free,1-10
U001697,2024-02-06,US,Mobile,Organic,Basic,51-200
U001698,2024-06-10,Brazil,Mobile,Google Ads,Basic,1-10
U001699,2025-12-13,Australia,Mobile,Email,Basic,1-10
U001700,2025-04-28,Australia,Desktop,Organic,Free,11-50
U001701,2025-12-15,UK,Mobile,Social Media,Pro,51-200
U001702,2025-02-10,US,Mobile,Organic,Free,11-50
U001703,2024-11-13,India,Tablet,Google Ads,Pro,11-50
U001704,2025-03-31,US,Mobile,Google Ads,Free,1-10
U001705,2025-02-15,Australia,Desktop,Organic,Enterprise,51-200
U001706,2024-05-11,US,Desktop,Email,Enterprise,201-1000
U001707,2025-06-23,US,Mobile,Organic,Free,1-10
U001708,2024-08-26,Germany,Mobile,Google Ads,Pro,51-200
U001709,2025-06-10,UK,Mobile,Social Media,Free,1-10
U001710,2025-06-28,France,Mobile,Social Media,Free,1-10
U001711,2024-06-27,Germany,Desktop,Organic,Basic,11-50
U001712,2024-03-21,US,Desktop,Organic,Enterprise,1000+
U001713,2025-09-10,US,Desktop,Google Ads,Basic,51-200
U001714,2025-03-01,India,Mobile,Google Ads,Free,1000+
U001715,2024-03-18,US,Mobile,Organic,Basic,11-50
U001716,2025-12-29,Japan,Desktop,Organic,Enterprise,11-50
U001717,2024-03-17,India,Mobile,Organic,Basic,11-50
U001718,2025-07-24,China,Desktop,Google Ads,Free,11-50
U001719,2025-12-24,Australia,Desktop,Google Ads,Free,1-10
U001720,2024-09-15,Canada,Mobile,Organic,Free,1-10
U001721,2024-06-18,Australia,Desktop,Google Ads,Basic,1-10
U001722,2024-05-27,US,Mobile,Organic,Free,1-10
U001723,2024-11-07,US,Mobile,Email,Free,1-10
U001724,2024-05-06,UK,Mobile,Email,Basic,1-10
U001725,2025-07-23,Canada,Desktop,Google Ads,Free,1-10
U001726,2024-03-22,Australia,Desktop,Email,Free,1-10
U001727,2025-04-03,Canada,Mobile,Google Ads,Free,1-10
U001728,2025-12-30,US,Mobile,Google Ads,Free,11-50
U001729,2025-09-28,Australia,Mobile,Google Ads,Free,1-10
U001730,2025-06-08,Germany,Desktop,Social Media,Basic,51-200
U001731,2024-11-09,US,Desktop,Organic,Enterprise,11-50
U001732,2025-06-13,Germany,Mobile,Social Media,Free,1-10
U001733,2025-04-14,US,Mobile,Google Ads,Free,1-10
U001734,2025-02-06,India,Desktop,Organic,Pro,1000+
U001735,2024-06-06,UK,Desktop,Organic,Pro,51-200
U001736,2025-11-05,Germany,Mobile,Social Media,Basic,1-10
U001737,2025-02-22,Japan,Desktop,Organic,Enterprise,201-1000
U001738,2024-08-07,Canada,Desktop,Google Ads,Pro,51-200
U001739,2024-12-26,China,Desktop,Email,Free,1-10
U001740,2025-01-28,Germany,Desktop,Google Ads,Pro,11-50
U001741,2025-10-05,France,Mobile,Google Ads,Free,1-10
U001742,2025-08-15,Canada,Desktop,Google Ads,Free,1-10
U001743,2025-09-04,US,Desktop,Social Media,Free,11-50
U001744,2024-01-16,India,Desktop,Organic,Free,1-10
U001745,2025-01-30,US,Desktop,Email,Free,1-10
U001746,2025-03-15,US,Mobile,Organic,Free,51-200
U001747,2024-01-28,China,Desktop,Organic,Free,11-50
U001748,2024-10-02,Canada,Mobile,Google Ads,Basic,11-50
U001749,2025-08-30,US,Desktop,Organic,Enterprise,11-50
U001750,2024-06-12,France,Desktop,Social Media,Basic,11-50
U001751,2025-04-19,Canada,Desktop,Organic,Enterprise,201-1000
U001752,2024-08-25,Canada,Desktop,Organic,Free,51-200
U001753,2024-01-18,US,Mobile,Organic,Pro,1-10
U001754,2024-09-17,Canada,Desktop,Organic,Basic,1-10
U001755,2025-12-20,UK,Mobile,Google Ads,Free,51-200
U001756,2025-09-21,India,Desktop,Google Ads,Free,201-1000
U001757,2025-12-12,US,Desktop,Social Media,Free,1-10
U001758,2025-03-19,US,Desktop,Email,Free,11-50
U001759,2024-05-15,China,Mobile,Organic,Free,1-10
U001760,2025-04-27,Germany,Desktop,Social Media,Free,11-50
U001761,2025-02-25,US,Desktop,Organic,Free,51-200
U001762,2025-10-14,US,Desktop,Google Ads,Free,1-10
U001763,2024-05-02,China,Desktop,Social Media,Enterprise,51-200
U001764,2025-03-20,US,Tablet,Google Ads,Free,1-10
U001765,2024-06-25,France,Desktop,Google Ads,Free,1-10
U001766,2024-11-23,US,Mobile,Social Media,Basic,1-10
U001767,2025-08-17,US,Mobile,Google Ads,Basic,51-200
U001768,2025-03-12,UK,Desktop,Email,Free,1-10
U001769,2025-01-01,India,Desktop,Organic,Enterprise,201-1000
U001770,2025-01-14,UK,Mobile,Social Media,Free,11-50
U001771,2025-02-28,UK,Desktop,Google Ads,Free,1-10
U001772,2025-09-12,Australia,Desktop,Google Ads,Free,1-10
U001773,2025-11-08,Japan,Mobile,Organic,Basic,1-10
U001774,2025-12-10,US,Mobile,Social Media,Free,1-10
U001775,2025-09-13,Germany,Mobile,Social Media,Basic,1-10
U001776,2024-11-16,Canada,Mobile,Social Media,Free,11-50
U001777,2025-07-20,UK,Desktop,Organic,Pro,11-50
U001778,2025-02-14,US,Desktop,Email,Free,11-50
U001779,2024-09-28,Brazil,Desktop,Google Ads,Basic,11-50
U001780,2025-10-12,Japan,Mobile,Social Media,Basic,11-50
U001781,2024-02-22,India,Tablet,Google Ads,Basic,1-10
U001782,2025-11-13,US,Desktop,Email,Free,1-10
U001783,2025-03-02,US,Desktop,Organic,Pro,201-1000
U001784,2025-06-21,Japan,Desktop,Organic,Pro,1-10
U001785,2025-07-04,US,Mobile,Social Media,Free,1-10
U001786,2025-11-09,India,Mobile,Google Ads,Pro,51-200
U001787,2025-06-20,India,Desktop,Organic,Pro,201-1000
U001788,2025-06-07,US,Tablet,Email,Free,1-10
U001789,2024-03-28,Australia,Mobile,Social Media,Free,11-50
U001790,2025-04-08,France,Desktop,Social Media,Basic,11-50
U001791,2024-06-25,China,Tablet,Organic,Free,1-10
U001792,2025-08-17,US,Desktop,Organic,Basic,11-50
U001793,2025-04-04,US,Desktop,Google Ads,Free,11-50
U001794,2025-07-16,India,Desktop,Email,Basic,1000+
U001795,2024-02-26,US,Mobile,Social Media,Free,1-10
U001796,2024-04-18,Australia,Mobile,Email,Basic,11-50
U001797,2025-08-05,US,Desktop,Google Ads,Free,1-10
U001798,2024-04-03,India,Tablet,Social Media,Free,1-10
U001799,2024-04-02,UK,Desktop,Google Ads,Pro,51-200
U001800,2024-01-18,Japan,Mobile,Social Media,Basic,1-10
U001801,2025-12-10,US,Mobile,Google Ads,Free,1-10
U001802,2025-08-17,Germany,Desktop,Organic,Basic,1-10
U001803,2024-12-15,US,Desktop,Google Ads,Free,1-10
U001804,2024-11-01,Canada,Mobile,Organic,Basic,11-50
U001805,2024-12-12,US,Desktop,Google Ads,Free,1-10
U001806,2025-09-07,Canada,Mobile,Google Ads,Basic,11-50
U001807,2025-07-05,France,Desktop,Organic,Basic,1-10
U001808,2024-07-29,US,Mobile,Social Media,Free,11-50
U001809,2024-07-19,Brazil,Desktop,Social Media,Free,51-200
U001810,2024-05-03,US,Desktop,Google Ads,Free,1-10
U001811,2025-07-04,Australia,Desktop,Organic,Basic,11-50
U001812,2025-09-01,India,Mobile,Google Ads,Free,11-50
U001813,2024-10-07,UK,Desktop,Organic,Basic,11-50
U001814,2024-01-30,UK,Desktop,Organic,Pro,51-200
U001815,2024-04-15,US,Tablet,Organic,Free,11-50
U001816,2025-12-16,Australia,Mobile,Organic,Pro,1-10
U001817,2024-10-31,US,Desktop,Google Ads,Free,1-10
U001818,2025-09-04,Japan,Tablet,Email,Free,1-10
U001819,2025-06-13,Germany,Mobile,Social Media,Basic,1-10
U001820,2025-01-05,Australia,Desktop,Social Media,Pro,51-200
U001821,2024-08-17,US,Desktop,Organic,Basic,11-50
U001822,2024-05-27,India,Mobile,Google Ads,Basic,51-200
U001823,2025-06-07,India,Mobile,Organic,Pro,11-50
U001824,2025-09-07,China,Desktop,Google Ads,Pro,1000+
U001825,2025-06-25,US,Desktop,Email,Free,11-50
U001826,2025-04-16,US,Desktop,Organic,Pro,51-200
U001827,2024-02-26,US,Mobile,Google Ads,Basic,1-10
U001828,2025-12-16,China,Desktop,Organic,Pro,51-200
U001829,2025-09-20,US,Desktop,Social Media,Pro,201-1000
U001830,2024-10-29,India,Mobile,Organic,Enterprise,201-1000
U001831,2025-12-22,US,Mobile,Social Media,Free,11-50
U001832,2025-05-30,Canada,Desktop,Organic,Free,1-10
U001833,2025-05-19,Australia,Desktop,Social Media,Basic,11-50
U001834,2025-08-23,India,Desktop,Social Media,Free,1-10
U001835,2025-09-27,UK,Desktop,Social Media,Free,11-50
U001836,2025-07-02,US,Tablet,Google Ads,Basic,11-50
U001837,2024-06-03,US,Mobile,Email,Free,1-10
U001838,2024-12-04,US,Desktop,Social Media,Pro,51-200
U001839,2025-11-26,Japan,Desktop,Organic,Pro,201-1000
U001840,2024-09-02,India,Desktop,Organic,Basic,51-200
U001841,2024-12-29,Australia,Mobile,Email,Basic,11-50
U001842,2025-02-10,UK,Desktop,Google Ads,Free,51-200
U001843,2025-02-15,China,Mobile,Social Media,Pro,1-10
U001844,2025-06-06,India,Mobile,Organic,Pro,1-10
U001845,2025-12-03,India,Desktop,Social Media,Free,1-10
U001846,2024-09-16,US,Mobile,Organic,Free,1-10
U001847,2024-05-27,Germany,Mobile,Email,Free,1-10
U001848,2024-08-09,Germany,Mobile,Email,Basic,11-50
U001849,2025-11-05,China,Tablet,Organic,Pro,51-200
U001850,2025-06-26,Australia,Desktop,Social Media,Free,11-50
U001851,2024-10-24,UK,Desktop,Organic,Basic,11-50
U001852,2025-09-29,US,Mobile,Social Media,Free,11-50
U001853,2025-10-23,India,Mobile,Email,Free,1-10
U001854,2025-10-15,India,Tablet,Social Media,Enterprise,201-1000
U001855,2025-11-21,US,Desktop,Social Media,Free,1-10
U001856,2024-09-26,Brazil,Mobile,Organic,Pro,1000+
U001857,2025-08-27,Australia,Desktop,Google Ads,Pro,11-50
U001858,2025-03-01,Australia,Desktop,Google Ads,Enterprise,11-50
U001859,2025-10-13,US,Desktop,Social Media,Free,11-50
U001860,2025-08-12,Canada,Desktop,Organic,Free,11-50
U001861,2025-09-08,China,Desktop,Social Media,Free,1-10
U001862,2025-07-02,Germany,Mobile,Email,Free,1-10
U001863,2024-07-22,India,Desktop,Social Media,Pro,1-10
U001864,2025-04-25,France,Desktop,Social Media,Free,201-1000
U001865,2025-12-24,India,Desktop,Social Media,Pro,11-50
U001866,2025-12-01,UK,Desktop,Google Ads,Free,1-10
U001867,2024-02-28,India,Tablet,Social Media,Free,1-10
U001868,2024-07-10,India,Desktop,Organic,Basic,11-50
U001869,2024-06-07,US,Desktop,Google Ads,Free,1-10
U001870,2025-08-11,Canada,Mobile,Google Ads,Free,11-50
U001871,2025-09-30,China,Mobile,Google Ads,Free,51-200
U001872,2024-08-24,Japan,Mobile,Email,Basic,1-10
U001873,2025-03-31,US,Mobile,Social Media,Basic,11-50
U001874,2025-10-12,Japan,Tablet,Organic,Free,1-10
U001875,2025-08-15,US,Desktop,Email,Basic,11-50
U001876,2025-04-24,US,Tablet,Social Media,Basic,1-10
U001877,2025-05-23,India,Mobile,Google Ads,Free,1-10
U001878,2025-04-02,Germany,Mobile,Google Ads,Basic,11-50
U001879,2024-11-02,India,Mobile,Social Media,Basic,1-10
U001880,2025-05-08,US,Mobile,Organic,Basic,51-200
U001881,2025-07-21,Germany,Desktop,Google Ads,Basic,11-50
U001882,2025-10-29,US,Desktop,Google Ads,Basic,51-200
U001883,2025-06-20,Australia,Tablet,Google Ads,Free,51-200
U001884,2025-08-30,India,Desktop,Social Media,Enterprise,1000+
U001885,2024-07-05,China,Desktop,Organic,Free,1-10
U001886,2025-03-02,UK,Mobile,Organic,Pro,51-200
U001887,2024-01-14,US,Desktop,Social Media,Free,1-10
U001888,2024-09-21,Australia,Desktop,Social Media,Free,11-50
U001889,2025-08-11,US,Mobile,Email,Free,1-10
U001890,2025-12-28,Germany,Mobile,Google Ads,Free,51-200
U001891,2024-05-04,Japan,Desktop,Google Ads,Pro,11-50
U001892,2025-01-19,US,Tablet,Social Media,Free,1-10
U001893,2025-09-20,France,Desktop,Organic,Pro,11-50
U001894,2024-08-15,India,Desktop,Email,Free,11-50
U001895,2025-05-02,US,Desktop,Social Media,Free,1-10
U001896,2025-08-15,US,Mobile,Organic,Free,1-10
U001897,2025-06-08,US,Desktop,Social Media,Pro,51-200
U001898,2024-08-01,Canada,Desktop,Email,Basic,1-10
U001899,2024-12-17,China,Mobile,Email,Free,1-10
U001900,2025-09-12,US,Desktop,Organic,Enterprise,201-1000
U001901,2025-05-01,US,Mobile,Email,Free,1-10
U001902,2024-01-08,China,Mobile,Organic,Pro,51-200
U001903,2025-08-30,India,Tablet,Organic,Free,201-1000
U001904,2024-02-18,Germany,Mobile,Google Ads,Free,201-1000
U001905,2025-08-22,UK,Desktop,Email,Free,1-10
U001906,2024-08-14,US,Desktop,Google Ads,Free,1-10
U001907,2025-12-11,China,Mobile,Google Ads,Free,1-10
U001908,2024-12-26,Australia,Mobile,Google Ads,Free,1000+
U001909,2024-11-25,US,Desktop,Google Ads,Basic,1-10
U001910,2024-06-24,India,Mobile,Email,Free,1-10
U001911,2024-11-09,Germany,Desktop,Google Ads,Enterprise,1-10
U001912,2025-10-31,Germany,Tablet,Email,Basic,11-50
U001913,2025-12-30,US,Tablet,Email,Free,1-10
U001914,2024-12-26,France,Tablet,Organic,Free,11-50
U001915,2025-02-21,India,Mobile,Google Ads,Free,1-10
U001916,2025-08-09,India,Tablet,Social Media,Free,1-10
U001917,2025-11-05,UK,Desktop,Social Media,Basic,1-10
U001918,2025-05-25,US,Mobile,Google Ads,Free,11-50
U001919,2025-01-12,US,Mobile,Organic,Free,1-10
U001920,2025-01-27,China,Tablet,Social Media,Pro,11-50
U001921,2025-07-25,US,Mobile,Email,Free,11-50
U001922,2024-01-05,China,Desktop,Organic,Free,51-200
U001923,2025-06-10,UK,Mobile,Social Media,Free,1-10
U001924,2024-12-17,Germany,Mobile,Email,Basic,11-50
U001925,2025-09-17,Germany,Desktop,Social Media,Basic,11-50
U001926,2024-04-27,UK,Desktop,Social Media,Free,51-200
U001927,2025-05-22,US,Mobile,Social Media,Free,1-10
U001928,2025-03-15,UK,Desktop,Social Media,Free,1-10
U001929,2025-06-24,China,Desktop,Google Ads,Free,1-10
U001930,2024-03-26,China,Desktop,Google Ads,Pro,1-10
U001931,2025-05-17,US,Tablet,Social Media,Free,1-10
U001932,2025-05-06,Germany,Mobile,Google Ads,Free,201-1000
U001933,2025-05-05,US,Desktop,Social Media,Free,1-10
U001934,2025-05-31,US,Mobile,Social Media,Basic,201-1000
U001935,2025-07-14,US,Mobile,Google Ads,Free,1-10
U001936,2025-09-23,Canada,Desktop,Google Ads,Free,51-200
U001937,2024-10-11,US,Desktop,Google Ads,Basic,11-50
U001938,2025-10-04,US,Mobile,Organic,Free,1-10
U001939,2025-03-26,US,Desktop,Organic,Free,1-10
U001940,2024-04-09,US,Mobile,Organic,Free,1-10
U001941,2024-03-18,Japan,Desktop,Organic,Pro,51-200
U001942,2024-12-01,US,Desktop,Google Ads,Enterprise,201-1000
U001943,2025-09-12,US,Tablet,Organic,Free,1-10
U001944,2025-07-31,Japan,Desktop,Google Ads,Free,11-50
U001945,2025-09-14,UK,Mobile,Organic,Free,11-50
U001946,2025-04-08,China,Desktop,Social Media,Pro,11-50
U001947,2025-02-15,India,Desktop,Social Media,Basic,201-1000
U001948,2024-06-23,US,Desktop,Organic,Pro,1000+
U001949,2024-11-26,Japan,Desktop,Email,Basic,1-10
U001950,2025-02-11,US,Desktop,Organic,Enterprise,1-10
U001951,2024-04-22,India,Desktop,Social Media,Enterprise,201-1000
U001952,2024-08-30,Germany,Mobile,Google Ads,Basic,11-50
U001953,2025-05-28,US,Mobile,Google Ads,Free,1-10
U001954,2025-08-16,Japan,Desktop,Organic,Free,1-10
U001955,2025-12-31,Canada,Mobile,Social Media,Free,11-50
U001956,2025-11-28,Australia,Desktop,Google Ads,Basic,11-50
U001957,2025-06-24,Japan,Desktop,Email,Free,1-10
U001958,2025-02-02,Germany,Mobile,Email,Free,51-200
U001959,2025-06-20,US,Desktop,Social Media,Pro,51-200
U001960,2025-09-13,US,Desktop,Email,Free,1-10
U001961,2024-05-24,Germany,Desktop,Organic,Pro,51-200
U001962,2025-01-25,UK,Mobile,Organic,Free,1-10
U001963,2025-10-11,Canada,Mobile,Google Ads,Free,1-10
U001964,2025-01-07,UK,Desktop,Organic,Free,1-10
U001965,2025-05-12,UK,Desktop,Organic,Enterprise,11-50
U001966,2025-05-22,UK,Mobile,Organic,Free,1-10
U001967,2024-07-28,France,Mobile,Social Media,Free,1-10
U001968,2024-12-22,Japan,Desktop,Google Ads,Free,11-50
U001969,2024-12-01,Japan,Desktop,Google Ads,Basic,11-50
U001970,2024-02-06,UK,Desktop,Organic,Free,1-10
U001971,2024-02-03,France,Desktop,Social Media,Enterprise,11-50
U001972,2025-10-07,US,Mobile,Email,Free,11-50
U001973,2024-10-13,Canada,Desktop,Google Ads,Free,1-10
U001974,2025-04-08,India,Desktop,Social Media,Pro,11-50
U001975,2024-11-03,UK,Tablet,Email,Free,1-10
U001976,2025-12-02,India,Mobile,Google Ads,Basic,51-200
U001977,2024-10-02,China,Mobile,Organic,Free,11-50
U001978,2025-02-08,US,Desktop,Organic,Enterprise,1000+
U001979,2025-10-29,Canada,Mobile,Organic,Basic,1-10
U001980,2025-10-13,Germany,Mobile,Google Ads,Basic,51-200
U001981,2024-07-30,UK,Desktop,Organic,Free,1-10
U001982,2025-09-22,US,Tablet,Social Media,Free,1-10
U001983,2025-02-28,Germany,Mobile,Organic,Basic,11-50
U001984,2025-03-16,India,Mobile,Email,Free,11-50
U001985,2024-06-09,Germany,Desktop,Social Media,Free,1-10
U001986,2024-04-13,China,Desktop,Email,Free,1-10
U001987,2025-08-12,Germany,Desktop,Email,Free,11-50
U001988,2025-03-25,Australia,Desktop,Organic,Pro,201-1000
U001989,2025-02-13,India,Mobile,Social Media,Free,11-50
U001990,2025-08-13,France,Desktop,Organic,Free,1-10
U001991,2025-09-02,US,Mobile,Email,Free,11-50
U001992,2024-07-04,UK,Desktop,Social Media,Basic,51-200
U001993,2025-06-05,UK,Desktop,Organic,Free,1-10
U001994,2024-06-11,India,Mobile,Organic,Enterprise,201-1000
U001995,2025-08-25,Canada,Desktop,Social Media,Free,1-10
U001996,2025-07-02,US,Mobile,Email,Basic,11-50
U001997,2025-12-10,US,Tablet,Google Ads,Free,1-10
U001998,2024-03-30,Canada,Desktop,Email,Free,1-10
U001999,2024-03-16,US,Desktop,Social Media,Free,1-10
U002000,2024-10-21,China,Desktop,Organic,Pro,11-50
U002001,2024-10-04,India,Mobile,Email,Free,11-50
U002002,2024-09-22,France,Desktop,Organic,Basic,1-10
U002003,2025-11-15,US,Mobile,Email,Free,1-10
U002004,2024-09-24,US,Desktop,Social Media,Enterprise,1000+
U002005,2024-10-12,India,Mobile,Organic,Enterprise,201-1000
U002006,2025-08-29,Australia,Mobile,Google Ads,Free,1-10
U002007,2025-02-22,Germany,Desktop,Email,Free,1-10
U002008,2025-09-08,UK,Desktop,Email,Free,11-50
U002009,2024-03-26,Japan,Desktop,Organic,Free,1000+
U002010,2025-03-19,Australia,Desktop,Organic,Free,11-50
U002011,2024-02-16,France,Desktop,Google Ads,Basic,51-200
U002012,2024-03-23,Australia,Desktop,Google Ads,Pro,1-10
U002013,2025-11-15,US,Tablet,Google Ads,Free,51-200
U002014,2024-06-15,US,Tablet,Organic,Basic,201-1000
U002015,2025-04-17,Japan,Mobile,Email,Basic,11-50
U002016,2025-01-26,France,Desktop,Google Ads,Free,11-50
U002017,2024-12-11,US,Mobile,Google Ads,Free,1-10
U002018,2025-11-12,US,Desktop,Social Media,Pro,11-50
U002019,2024-01-31,Brazil,Desktop,Social Media,Free,51-200
U002020,2025-07-06,US,Desktop,Email,Free,1-10
U002021,2025-12-14,UK,Desktop,Google Ads,Free,1-10
U002022,2025-05-05,India,Desktop,Email,Free,11-50
U002023,2025-11-30,India,Desktop,Email,Pro,201-1000
U002024,2024-03-10,China,Tablet,Google Ads,Basic,51-200
U002025,2025-01-31,UK,Desktop,Social Media,Basic,1-10
U002026,2024-10-03,Japan,Tablet,Organic,Basic,11-50
U002027,2025-08-13,India,Desktop,Organic,Enterprise,1000+
U002028,2025-12-22,India,Desktop,Organic,Free,1-10
U002029,2024-09-30,Japan,Desktop,Organic,Free,51-200
U002030,2025-07-01,US,Mobile,Organic,Enterprise,1000+
U002031,2024-08-10,US,Desktop,Social Media,Enterprise,201-1000
U002032,2025-05-08,US,Desktop,Social Media,Free,1-10
U002033,2025-03-03,US,Desktop,Social Media,Free,1-10
U002034,2025-12-18,India,Desktop,Organic,Basic,11-50
U002035,2025-06-03,France,Mobile,Organic,Free,1-10
U002036,2024-12-12,China,Desktop,Google Ads,Basic,51-200
U002037,2024-05-20,Brazil,Desktop,Social Media,Free,11-50
U002038,2024-06-26,UK,Mobile,Social Media,Free,1-10
U002039,2024-09-03,Germany,Desktop,Google Ads,Basic,51-200
U002040,2024-09-25,UK,Mobile,Google Ads,Pro,51-200
U002041,2025-10-17,US,Mobile,Social Media,Free,1-10
U002042,2025-05-05,US,Tablet,Google Ads,Free,1-10
U002043,2025-04-12,India,Desktop,Email,Enterprise,1000+
U002044,2024-05-20,Australia,Mobile,Google Ads,Free,1-10
U002045,2025-10-22,US,Desktop,Social Media,Basic,1-10
U002046,2025-08-09,US,Mobile,Google Ads,Free,1-10
U002047,2024-03-29,Brazil,Desktop,Organic,Free,1-10
U002048,2025-07-31,US,Desktop,Google Ads,Basic,11-50
U002049,2025-04-24,France,Mobile,Email,Free,1-10
U002050,2024-04-14,China,Desktop,Social Media,Free,11-50
U002051,2025-02-28,Australia,Mobile,Email,Free,1-10
U002052,2025-03-17,Germany,Mobile,Social Media,Free,1-10
U002053,2024-07-11,China,Desktop,Email,Free,1-10
U002054,2025-12-05,Germany,Desktop,Google Ads,Free,201-1000
U002055,2025-10-17,Japan,Desktop,Organic,Free,1-10
U002056,2025-07-09,Germany,Tablet,Google Ads,Pro,201-1000
U002057,2025-03-02,US,Desktop,Organic,Basic,51-200
U002058,2025-01-27,India,Mobile,Organic,Free,11-50
U002059,2025-06-29,India,Mobile,Google Ads,Basic,51-200
U002060,2025-04-26,France,Tablet,Organic,Free,1-10
U002061,2024-03-22,China,Mobile,Google Ads,Basic,11-50
U002062,2025-04-05,China,Mobile,Organic,Basic,1-10
U002063,2025-09-24,US,Desktop,Organic,Pro,201-1000
U002064,2025-02-28,China,Desktop,Email,Basic,201-1000
U002065,2024-03-10,India,Desktop,Social Media,Free,51-200
U002066,2025-09-13,Canada,Mobile,Google Ads,Basic,1-10
U002067,2024-08-13,Canada,Mobile,Google Ads,Free,1-10
U002068,2024-10-01,US,Mobile,Google Ads,Free,1-10
U002069,2024-07-10,France,Mobile,Email,Basic,1-10
U002070,2024-11-28,US,Desktop,Google Ads,Basic,1-10
U002071,2025-08-28,UK,Desktop,Social Media,Enterprise,201-1000
U002072,2025-04-09,India,Desktop,Email,Free,1000+
U002073,2024-08-16,US,Desktop,Organic,Basic,11-50
U002074,2025-10-31,Brazil,Mobile,Social Media,Free,11-50
U002075,2025-11-01,US,Desktop,Email,Free,1-10
U002076,2025-10-28,US,Mobile,Google Ads,Free,11-50
U002077,2024-09-15,India,Mobile,Google Ads,Free,201-1000
U002078,2025-02-23,China,Desktop,Google Ads,Free,1-10
U002079,2025-12-24,Canada,Desktop,Google Ads,Pro,1-10
U002080,2025-09-05,China,Desktop,Email,Free,1-10
U002081,2024-02-07,China,Desktop,Organic,Enterprise,1000+
U002082,2024-03-26,UK,Mobile,Organic,Free,1-10
U002083,2025-03-03,US,Desktop,Social Media,Free,1-10
U002084,2025-11-16,US,Mobile,Google Ads,Free,1-10
U002085,2025-04-21,India,Mobile,Organic,Enterprise,51-200
U002086,2025-03-26,China,Desktop,Organic,Free,51-200
U002087,2024-05-10,Germany,Mobile,Social Media,Free,1-10
U002088,2025-07-02,China,Mobile,Email,Free,1-10
U002089,2025-10-02,India,Mobile,Google Ads,Free,1-10
U002090,2025-01-04,US,Desktop,Social Media,Pro,1000+
U002091,2025-09-07,US,Desktop,Organic,Free,1-10
U002092,2025-12-14,France,Desktop,Social Media,Basic,51-200
U002093,2024-08-15,China,Desktop,Organic,Free,1-10
U002094,2025-04-11,Canada,Mobile,Organic,Free,11-50
U002095,2024-10-25,US,Mobile,Email,Free,1000+
U002096,2025-09-16,Australia,Tablet,Email,Basic,11-50
U002097,2025-05-16,US,Desktop,Organic,Basic,1-10
U002098,2025-06-19,US,Desktop,Organic,Enterprise,51-200
U002099,2025-09-19,Australia,Mobile,Social Media,Free,11-50
U002100,2025-01-15,US,Desktop,Social Media,Free,1-10
U002101,2025-11-19,China,Desktop,Organic,Pro,11-50
U002102,2025-04-18,US,Desktop,Social Media,Pro,11-50
U002103,2024-07-03,India,Desktop,Organic,Free,1-10
U002104,2025-07-25,Canada,Mobile,Google Ads,Free,1-10
U002105,2025-09-17,UK,Desktop,Google Ads,Free,51-200
U002106,2024-11-17,China,Mobile,Google Ads,Basic,51-200
U002107,2025-10-21,US,Mobile,Social Media,Pro,51-200
U002108,2025-11-15,Japan,Desktop,Email,Free,11-50
U002109,2024-10-17,UK,Tablet,Email,Free,11-50
U002110,2025-12-23,US,Desktop,Organic,Pro,201-1000
U002111,2024-06-16,UK,Tablet,Organic,Pro,51-200
U002112,2024-08-13,US,Desktop,Social Media,Free,1-10
U002113,2024-07-28,Canada,Mobile,Organic,Free,11-50
U002114,2025-11-09,UK,Desktop,Social Media,Enterprise,1000+
U002115,2025-07-01,US,Mobile,Google Ads,Free,1-10
U002116,2024-06-27,Germany,Mobile,Social Media,Free,1-10
U002117,2025-02-15,UK,Desktop,Social Media,Free,1-10
U002118,2025-06-08,Brazil,Tablet,Social Media,Basic,11-50
U002119,2024-04-16,Australia,Desktop,Email,Enterprise,201-1000
U002120,2025-11-03,Germany,Desktop,Organic,Pro,51-200
U002121,2025-09-22,Canada,Mobile,Google Ads,Free,1-10
U002122,2025-03-31,India,Mobile,Organic,Basic,51-200
U002123,2025-12-15,US,Desktop,Organic,Pro,1-10
U002124,2025-01-31,China,Desktop,Google Ads,Basic,11-50
U002125,2025-12-24,India,Tablet,Organic,Free,1-10
U002126,2025-07-09,Japan,Mobile,Organic,Basic,11-50
U002127,2025-06-19,Canada,Desktop,Organic,Basic,11-50
U002128,2024-07-11,Germany,Desktop,Google Ads,Free,11-50
U002129,2025-11-02,Canada,Tablet,Google Ads,Free,1-10
U002130,2025-02-07,Brazil,Mobile,Organic,Enterprise,1000+
U002131,2024-07-07,India,Tablet,Google Ads,Free,51-200
U002132,2024-01-19,Japan,Desktop,Organic,Enterprise,201-1000
U002133,2025-05-05,UK,Mobile,Google Ads,Free,11-50
U002134,2025-04-14,Australia,Mobile,Social Media,Basic,11-50
U002135,2025-08-07,China,Desktop,Google Ads,Free,1-10
U002136,2025-11-07,US,Mobile,Email,Free,201-1000
U002137,2024-04-11,UK,Mobile,Email,Free,1-10
U002138,2025-08-14,Japan,Desktop,Organic,Basic,1-10
U002139,2024-07-31,US,Mobile,Email,Free,1-10
U002140,2025-10-21,US,Mobile,Organic,Basic,11-50
U002141,2025-10-01,Germany,Mobile,Email,Free,1-10
U002142,2025-04-23,UK,Mobile,Organic,Pro,1000+
U002143,2025-08-02,Germany,Desktop,Social Media,Basic,11-50
U002144,2024-11-15,US,Desktop,Organic,Free,11-50
U002145,2025-03-08,US,Mobile,Organic,Free,1-10
U002146,2025-10-02,China,Desktop,Google Ads,Free,1-10
U002147,2025-02-28,India,Desktop,Email,Basic,1-10
U002148,2024-12-18,US,Desktop,Google Ads,Free,1-10
U002149,2025-03-24,UK,Desktop,Google Ads,Free,1-10
U002150,2025-10-05,India,Mobile,Google Ads,Free,51-200
U002151,2024-12-01,US,Desktop,Organic,Basic,11-50
U002152,2024-07-18,US,Desktop,Organic,Free,11-50
U002153,2025-08-03,US,Tablet,Organic,Free,1-10
U002154,2025-10-04,France,Mobile,Social Media,Basic,1-10
U002155,2024-05-05,Brazil,Mobile,Organic,Basic,11-50
U002156,2024-09-16,Brazil,Mobile,Organic,Free,1-10
U002157,2024-06-17,China,Mobile,Organic,Basic,51-200
U002158,2024-12-11,China,Mobile,Organic,Free,11-50
U002159,2025-02-22,Germany,Mobile,Email,Basic,11-50
U002160,2025-08-23,Japan,Tablet,Organic,Free,11-50
U002161,2025-06-29,US,Desktop,Social Media,Enterprise,51-200
U002162,2025-06-11,Japan,Tablet,Google Ads,Enterprise,1000+
U002163,2024-12-14,Brazil,Desktop,Social Media,Pro,201-1000
U002164,2025-10-12,India,Desktop,Organic,Free,11-50
U002165,2025-03-08,UK,Desktop,Social Media,Basic,1-10
U002166,2025-12-21,US,Desktop,Organic,Free,1-10
U002167,2025-06-19,Japan,Mobile,Social Media,Pro,51-200
U002168,2024-06-01,China,Tablet,Organic,Pro,1000+
U002169,2025-07-13,Canada,Tablet,Google Ads,Enterprise,1000+
U002170,2024-11-24,UK,Tablet,Google Ads,Basic,11-50
U002171,2025-07-19,Brazil,Desktop,Social Media,Basic,51-200
U002172,2024-03-31,India,Tablet,Social Media,Basic,201-1000
U002173,2024-07-19,Canada,Desktop,Social Media,Basic,1-10
U002174,2025-10-20,India,Mobile,Google Ads,Free,11-50
U002175,2024-09-05,India,Desktop,Organic,Pro,11-50
U002176,2025-10-10,India,Desktop,Google Ads,Enterprise,201-1000
U002177,2024-10-18,Brazil,Tablet,Google Ads,Basic,1-10
U002178,2025-06-24,Australia,Tablet,Social Media,Pro,51-200
U002179,2025-07-24,US,Mobile,Organic,Pro,201-1000
U002180,2025-04-05,US,Mobile,Social Media,Free,1-10
U002181,2024-11-08,Australia,Desktop,Organic,Free,1-10
U002182,2024-08-23,India,Mobile,Organic,Basic,1-10
U002183,2024-02-15,Japan,Mobile,Organic,Free,1-10
U002184,2024-11-07,India,Desktop,Organic,Free,1-10
U002185,2025-06-30,US,Desktop,Social Media,Basic,11-50
U002186,2025-12-01,Brazil,Desktop,Google Ads,Enterprise,11-50
U002187,2025-10-28,Brazil,Mobile,Organic,Free,11-50
U002188,2025-09-02,UK,Desktop,Email,Basic,201-1000
U002189,2025-09-14,UK,Desktop,Email,Pro,51-200
U002190,2025-07-07,France,Desktop,Email,Free,11-50
U002191,2024-10-03,US,Mobile,Google Ads,Free,51-200
U002192,2025-11-15,Canada,Mobile,Social Media,Basic,11-50
U002193,2025-07-10,US,Mobile,Organic,Free,11-50
U002194,2025-05-05,India,Desktop,Google Ads,Free,11-50
U002195,2024-05-16,Australia,Desktop,Google Ads,Enterprise,51-200
U002196,2025-02-20,China,Desktop,Google Ads,Free,1-10
U002197,2025-03-01,Germany,Mobile,Email,Free,11-50
U002198,2025-10-24,China,Desktop,Social Media,Basic,1-10
U002199,2025-04-26,UK,Desktop,Social Media,Free,51-200
U002200,2025-01-04,US,Mobile,Organic,Enterprise,201-1000
U002201,2025-12-20,Australia,Desktop,Organic,Pro,51-200
U002202,2024-05-16,Brazil,Mobile,Social Media,Free,11-50
U002203,2025-02-03,Japan,Desktop,Google Ads,Enterprise,201-1000
U002204,2024-02-27,UK,Mobile,Google Ads,Basic,51-200
U002205,2025-08-18,US,Desktop,Social Media,Basic,11-50
U002206,2025-11-21,US,Desktop,Email,Free,51-200
U002207,2024-10-19,India,Desktop,Google Ads,Free,1-10
U002208,2025-10-21,Brazil,Mobile,Google Ads,Free,11-50
U002209,2024-10-29,India,Tablet,Organic,Free,1000+
U002210,2025-11-17,France,Desktop,Email,Free,1-10
U002211,2025-08-26,US,Mobile,Google Ads,Free,11-50
U002212,2025-09-23,UK,Mobile,Organic,Pro,11-50
U002213,2024-01-26,US,Tablet,Organic,Pro,201-1000
U002214,2025-12-13,Germany,Mobile,Email,Free,1-10
U002215,2025-08-11,US,Desktop,Organic,Enterprise,1000+
U002216,2024-11-08,Australia,Mobile,Social Media,Basic,51-200
U002217,2025-10-06,US,Desktop,Social Media,Pro,1-10
U002218,2024-10-20,Canada,Desktop,Google Ads,Free,1-10
U002219,2025-10-29,Germany,Desktop,Google Ads,Pro,51-200
U002220,2024-05-18,Australia,Tablet,Social Media,Enterprise,201-1000
U002221,2025-07-29,India,Tablet,Social Media,Pro,11-50
U002222,2025-04-23,Australia,Mobile,Email,Basic,1-10
U002223,2024-05-01,US,Tablet,Google Ads,Free,1-10
U002224,2024-09-17,Brazil,Mobile,Email,Basic,1-10
U002225,2024-01-18,Canada,Desktop,Social Media,Basic,51-200
U002226,2025-03-07,US,Desktop,Organic,Free,11-50
U002227,2024-11-05,US,Desktop,Social Media,Pro,201-1000
U002228,2025-05-28,Germany,Desktop,Google Ads,Basic,1-10
U002229,2024-11-02,Australia,Desktop,Organic,Free,1-10
U002230,2024-11-04,India,Desktop,Organic,Free,1-10
U002231,2025-08-20,India,Mobile,Organic,Free,1000+
U002232,2024-03-05,US,Mobile,Social Media,Free,1-10
U002233,2025-11-13,US,Mobile,Google Ads,Free,1-10
U002234,2025-10-18,France,Tablet,Organic,Free,1-10
U002235,2025-07-09,US,Desktop,Google Ads,Free,11-50
U002236,2025-05-25,Japan,Mobile,Email,Basic,11-50
U002237,2025-11-08,Canada,Desktop,Organic,Pro,11-50
U002238,2024-07-29,US,Desktop,Google Ads,Free,1-10
U002239,2024-04-11,China,Tablet,Email,Pro,51-200
U002240,2024-09-15,US,Desktop,Email,Free,1-10
U002241,2025-09-17,Japan,Desktop,Organic,Basic,11-50
U002242,2024-02-17,US,Desktop,Organic,Basic,51-200
U002243,2025-05-19,China,Mobile,Organic,Free,11-50
U002244,2025-12-29,UK,Tablet,Google Ads,Free,11-50
U002245,2025-10-20,Germany,Desktop,Google Ads,Free,51-200
U002246,2025-04-10,India,Mobile,Google Ads,Free,51-200
U002247,2024-03-24,US,Desktop,Social Media,Basic,11-50
U002248,2025-10-07,Brazil,Desktop,Organic,Pro,11-50
U002249,2025-05-29,UK,Desktop,Google Ads,Free,11-50
U002250,2024-05-20,China,Mobile,Social Media,Basic,1-10
U002251,2024-04-28,US,Desktop,Google Ads,Basic,201-1000
U002252,2025-11-17,China,Mobile,Social Media,Enterprise,11-50
U002253,2025-07-09,US,Desktop,Social Media,Basic,201-1000
U002254,2025-10-06,Germany,Desktop,Organic,Enterprise,201-1000
U002255,2025-11-01,US,Mobile,Organic,Pro,201-1000
U002256,2025-05-12,Brazil,Desktop,Organic,Pro,51-200
U002257,2025-04-08,US,Desktop,Organic,Pro,1000+
U002258,2025-02-09,Canada,Desktop,Social Media,Free,1-10
U002259,2024-11-17,Canada,Mobile,Organic,Enterprise,51-200
U002260,2025-02-11,US,Mobile,Organic,Free,1-10
U002261,2025-09-06,Japan,Desktop,Google Ads,Basic,201-1000
U002262,2025-05-30,US,Desktop,Social Media,Free,1-10
U002263,2025-11-08,UK,Desktop,Google Ads,Free,11-50
U002264,2025-02-17,China,Desktop,Google Ads,Basic,11-50
U002265,2025-06-03,Japan,Mobile,Google Ads,Pro,201-1000
U002266,2025-06-17,Japan,Mobile,Email,Free,11-50
U002267,2025-05-24,US,Mobile,Organic,Enterprise,201-1000
U002268,2025-07-29,UK,Desktop,Google Ads,Basic,51-200
U002269,2024-09-14,US,Mobile,Email,Free,11-50
U002270,2025-04-04,China,Mobile,Email,Free,1-10
U002271,2024-05-09,India,Mobile,Organic,Basic,1-10
U002272,2025-01-07,China,Mobile,Social Media,Free,1-10
U002273,2025-03-19,US,Mobile,Organic,Free,1-10
U002274,2025-06-29,UK,Mobile,Google Ads,Free,1-10
U002275,2025-12-07,UK,Desktop,Google Ads,Free,11-50
U002276,2025-05-30,US,Mobile,Social Media,Basic,201-1000
U002277,2025-08-21,UK,Desktop,Social Media,Basic,11-50
U002278,2025-03-31,France,Mobile,Google Ads,Free,11-50
U002279,2025-06-19,Canada,Mobile,Social Media,Free,1-10
U002280,2024-04-02,India,Mobile,Email,Free,1-10
U002281,2024-09-28,Germany,Desktop,Google Ads,Free,11-50
U002282,2024-12-21,US,Desktop,Organic,Basic,201-1000
U002283,2025-03-09,Canada,Desktop,Google Ads,Basic,1-10
U002284,2024-03-02,US,Mobile,Organic,Free,1-10
U002285,2024-06-15,Australia,Mobile,Google Ads,Free,1-10
U002286,2024-10-16,India,Mobile,Email,Free,1-10
U002287,2025-12-18,UK,Desktop,Email,Free,11-50
U002288,2024-11-28,Canada,Tablet,Social Media,Basic,51-200
U002289,2025-03-16,US,Tablet,Organic,Free,11-50
U002290,2024-08-08,India,Desktop,Organic,Basic,11-50
U002291,2025-06-05,India,Mobile,Social Media,Basic,201-1000
U002292,2024-10-20,US,Mobile,Organic,Free,1-10
U002293,2024-08-18,Germany,Mobile,Social Media,Basic,51-200
U002294,2025-04-07,Japan,Tablet,Organic,Basic,11-50
U002295,2024-01-08,China,Desktop,Social Media,Free,51-200
U002296,2024-01-12,US,Mobile,Organic,Basic,51-200
U002297,2024-08-29,Australia,Mobile,Email,Free,51-200
U002298,2024-02-20,US,Mobile,Google Ads,Free,1-10
U002299,2024-05-13,US,Mobile,Social Media,Basic,11-50
U002300,2024-12-04,US,Tablet,Organic,Pro,201-1000
U002301,2025-09-22,US,Desktop,Social Media,Enterprise,1000+
U002302,2025-05-12,US,Mobile,Organic,Basic,11-50
U002303,2025-04-05,Australia,Desktop,Social Media,Enterprise,1-10
U002304,2024-10-30,UK,Desktop,Google Ads,Free,1-10
U002305,2025-11-28,US,Desktop,Google Ads,Basic,11-50
U002306,2025-01-16,US,Mobile,Google Ads,Free,51-200
U002307,2024-04-20,China,Tablet,Social Media,Free,11-50
U002308,2025-06-09,Canada,Desktop,Email,Free,1-10
U002309,2024-05-19,US,Desktop,Email,Basic,201-1000
U002310,2024-12-09,US,Mobile,Social Media,Free,1-10
U002311,2025-04-01,US,Mobile,Social Media,Basic,11-50
U002312,2025-10-29,US,Tablet,Social Media,Basic,1-10
U002313,2025-03-23,US,Desktop,Organic,Basic,51-200
U002314,2025-07-28,Germany,Desktop,Google Ads,Free,11-50
U002315,2025-12-28,US,Desktop,Social Media,Basic,11-50
U002316,2024-06-07,India,Desktop,Organic,Free,11-50
U002317,2024-10-15,US,Desktop,Organic,Pro,11-50
U002318,2025-01-14,Australia,Desktop,Social Media,Free,1-10
U002319,2025-02-03,Canada,Desktop,Email,Free,1-10
U002320,2025-01-26,India,Desktop,Google Ads,Basic,1-10
U002321,2025-11-16,UK,Tablet,Google Ads,Free,51-200
U002322,2025-08-04,UK,Desktop,Social Media,Basic,11-50
U002323,2025-06-03,Germany,Desktop,Google Ads,Free,1-10
U002324,2024-11-11,China,Mobile,Social Media,Free,1-10
U002325,2025-10-03,Germany,Mobile,Google Ads,Basic,1-10
U002326,2025-12-09,Canada,Mobile,Organic,Pro,11-50
U002327,2025-10-02,Australia,Mobile,Social Media,Basic,11-50
U002328,2024-01-03,UK,Mobile,Organic,Free,1-10
U002329,2025-06-20,India,Mobile,Social Media,Basic,51-200
U002330,2024-03-09,US,Mobile,Email,Free,1-10
U002331,2024-10-01,US,Mobile,Organic,Free,1-10
U002332,2024-03-19,Germany,Desktop,Social Media,Free,51-200
U002333,2025-06-01,US,Desktop,Social Media,Pro,11-50
U002334,2025-07-19,Canada,Mobile,Email,Free,1-10
U002335,2024-05-20,US,Desktop,Social Media,Pro,51-200
U002336,2025-01-07,Germany,Tablet,Google Ads,Basic,1-10
U002337,2025-02-26,Japan,Desktop,Email,Free,1-10
U002338,2024-12-27,China,Desktop,Social Media,Basic,11-50
U002339,2024-05-27,UK,Tablet,Social Media,Basic,51-200
U002340,2025-02-01,Canada,Desktop,Social Media,Pro,201-1000
U002341,2025-08-25,India,Tablet,Google Ads,Basic,11-50
U002342,2024-04-02,Germany,Tablet,Organic,Free,1-10
U002343,2024-04-12,US,Mobile,Social Media,Basic,11-50
U002344,2024-12-16,Germany,Mobile,Google Ads,Free,1-10
U002345,2025-12-03,France,Mobile,Google Ads,Basic,1-10
U002346,2025-07-09,Japan,Mobile,Social Media,Free,1-10
U002347,2025-07-15,France,Mobile,Social Media,Pro,51-200
U002348,2024-12-22,India,Mobile,Organic,Free,1-10
U002349,2025-05-25,US,Tablet,Social Media,Basic,1-10
U002350,2024-01-15,US,Mobile,Social Media,Basic,1-10
U002351,2025-06-20,UK,Tablet,Email,Free,1-10
U002352,2025-11-18,China,Desktop,Organic,Free,1-10
U002353,2025-06-06,France,Desktop,Email,Basic,1-10
U002354,2025-10-29,US,Desktop,Google Ads,Free,1-10
U002355,2025-08-10,India,Desktop,Organic,Free,1-10
U002356,2024-05-26,Germany,Mobile,Google Ads,Pro,1-10
U002357,2025-11-13,Germany,Desktop,Organic,Pro,11-50
U002358,2024-03-27,US,Tablet,Email,Free,1-10
U002359,2025-04-18,US,Desktop,Email,Free,11-50
U002360,2024-06-17,US,Desktop,Organic,Basic,11-50
U002361,2024-01-17,US,Desktop,Organic,Enterprise,201-1000
U002362,2025-02-03,US,Mobile,Social Media,Basic,1-10
U002363,2024-10-31,US,Desktop,Social Media,Pro,11-50
U002364,2025-03-18,Japan,Desktop,Social Media,Free,1-10
U002365,2025-05-15,UK,Mobile,Social Media,Basic,1000+
U002366,2024-02-29,Australia,Desktop,Google Ads,Free,11-50
U002367,2024-05-29,US,Desktop,Organic,Free,1-10
U002368,2025-05-04,UK,Mobile,Google Ads,Basic,11-50
U002369,2024-12-07,UK,Desktop,Google Ads,Free,1-10
U002370,2025-08-13,US,Desktop,Social Media,Basic,1-10
U002371,2025-06-30,France,Desktop,Email,Pro,201-1000
U002372,2025-10-15,US,Desktop,Organic,Basic,1-10
U002373,2025-07-23,Australia,Mobile,Organic,Free,1-10
U002374,2025-02-08,Canada,Desktop,Google Ads,Pro,51-200
U002375,2025-07-12,India,Mobile,Social Media,Pro,51-200
U002376,2024-10-15,India,Tablet,Google Ads,Basic,201-1000
U002377,2024-11-09,Japan,Desktop,Email,Free,11-50
U002378,2025-09-14,UK,Tablet,Email,Free,11-50
U002379,2025-02-20,Japan,Desktop,Google Ads,Free,1-10
U002380,2025-09-19,US,Desktop,Google Ads,Basic,1-10
U002381,2025-10-02,US,Desktop,Organic,Free,11-50
U002382,2025-10-21,Germany,Desktop,Organic,Enterprise,1000+
U002383,2025-11-20,India,Mobile,Google Ads,Free,1-10
U002384,2025-02-09,Canada,Desktop,Social Media,Basic,1000+
U002385,2024-11-19,US,Mobile,Social Media,Basic,1-10
U002386,2025-05-18,France,Mobile,Social Media,Basic,1-10
U002387,2024-12-28,US,Desktop,Google Ads,Basic,1-10
U002388,2025-05-30,UK,Mobile,Organic,Pro,51-200
U002389,2025-07-30,UK,Tablet,Google Ads,Enterprise,1000+
U002390,2025-07-20,Germany,Desktop,Organic,Enterprise,201-1000
U002391,2024-12-31,US,Desktop,Organic,Pro,1000+
U002392,2024-07-12,India,Desktop,Social Media,Pro,51-200
U002393,2025-02-09,France,Desktop,Organic,Pro,51-200
U002394,2024-06-18,Germany,Desktop,Email,Free,11-50
U002395,2025-11-07,India,Desktop,Organic,Free,1-10
U002396,2024-12-10,France,Mobile,Organic,Free,11-50
U002397,2024-06-30,China,Mobile,Social Media,Free,1-10
U002398,2024-02-05,India,Mobile,Social Media,Free,1-10
U002399,2025-06-26,US,Desktop,Organic,Free,1-10
U002400,2025-06-20,Canada,Desktop,Organic,Enterprise,1000+
U002401,2024-12-06,India,Desktop,Email,Pro,51-200
U002402,2024-04-03,US,Desktop,Google Ads,Free,11-50
U002403,2025-01-25,US,Tablet,Social Media,Free,11-50
U002404,2024-11-13,France,Desktop,Social Media,Pro,11-50
U002405,2025-07-14,US,Desktop,Organic,Pro,201-1000
U002406,2025-06-02,Australia,Desktop,Social Media,Enterprise,201-1000
U002407,2024-12-23,US,Mobile,Google Ads,Enterprise,51-200
U002408,2024-08-27,France,Mobile,Email,Pro,51-200
U002409,2025-12-26,UK,Desktop,Organic,Basic,1-10
U002410,2025-02-25,India,Desktop,Google Ads,Free,1-10
U002411,2025-07-20,Canada,Desktop,Organic,Pro,11-50
U002412,2024-06-16,Germany,Mobile,Organic,Free,1-10
U002413,2025-03-18,India,Tablet,Organic,Pro,51-200
U002414,2024-02-08,US,Mobile,Organic,Basic,11-50
U002415,2025-03-31,US,Mobile,Email,Free,11-50
U002416,2025-12-14,US,Desktop,Social Media,Free,1-10
U002417,2025-01-07,China,Desktop,Organic,Basic,51-200
U002418,2024-02-23,US,Mobile,Email,Free,1-10
U002419,2024-02-12,US,Desktop,Email,Enterprise,201-1000
U002420,2025-01-10,Germany,Tablet,Google Ads,Free,1-10
U002421,2024-07-05,Japan,Desktop,Email,Enterprise,201-1000
U002422,2024-02-02,China,Desktop,Organic,Pro,11-50
U002423,2025-08-28,US,Mobile,Google Ads,Basic,51-200
U002424,2025-02-28,US,Desktop,Google Ads,Pro,201-1000
U002425,2024-10-26,Australia,Desktop,Email,Free,11-50
U002426,2025-11-12,US,Desktop,Google Ads,Free,1-10
U002427,2024-05-22,Canada,Mobile,Social Media,Free,1-10
U002428,2025-12-10,Canada,Desktop,Google Ads,Pro,1000+
U002429,2024-11-15,Brazil,Desktop,Organic,Pro,51-200
U002430,2025-11-06,US,Mobile,Social Media,Free,51-200
U002431,2025-05-31,France,Desktop,Organic,Pro,51-200
U002432,2025-10-05,Brazil,Tablet,Email,Free,201-1000
U002433,2025-12-24,India,Desktop,Organic,Free,51-200
U002434,2024-10-26,UK,Mobile,Social Media,Basic,11-50
U002435,2025-12-12,US,Desktop,Social Media,Free,1-10
U002436,2025-01-11,US,Mobile,Email,Free,1-10
U002437,2025-01-08,India,Mobile,Social Media,Free,51-200
U002438,2024-12-05,India,Tablet,Google Ads,Basic,51-200
U002439,2025-04-23,UK,Desktop,Email,Free,1-10
U002440,2024-06-29,Germany,Desktop,Social Media,Basic,11-50
U002441,2025-05-01,UK,Mobile,Social Media,Free,11-50
U002442,2025-04-23,Japan,Desktop,Google Ads,Free,1-10
U002443,2025-08-31,Canada,Desktop,Email,Free,11-50
U002444,2025-10-08,US,Tablet,Google Ads,Free,11-50
U002445,2025-02-15,UK,Desktop,Organic,Free,51-200
U002446,2024-11-06,US,Tablet,Email,Basic,1-10
U002447,2024-10-02,Japan,Desktop,Social Media,Basic,1-10
U002448,2024-08-07,China,Mobile,Google Ads,Free,1-10
U002449,2024-03-17,Australia,Mobile,Google Ads,Free,51-200
U002450,2024-12-07,US,Desktop,Organic,Free,1-10
U002451,2024-10-11,Australia,Tablet,Google Ads,Basic,1-10
U002452,2025-12-15,US,Desktop,Google Ads,Free,1-10
U002453,2025-05-03,Japan,Mobile,Email,Free,1-10
U002454,2024-12-11,US,Mobile,Organic,Free,11-50
U002455,2025-05-17,Canada,Desktop,Social Media,Basic,51-200
U002456,2024-06-14,India,Tablet,Google Ads,Free,11-50
U002457,2025-02-18,China,Desktop,Organic,Pro,1-10
U002458,2025-06-14,France,Mobile,Organic,Free,51-200
U002459,2025-03-20,US,Desktop,Email,Free,1-10
U002460,2025-01-19,US,Mobile,Organic,Basic,11-50
U002461,2025-12-28,Canada,Mobile,Email,Free,1-10
U002462,2025-11-02,UK,Desktop,Organic,Pro,1-10
U002463,2025-06-12,US,Mobile,Social Media,Free,1-10
U002464,2025-05-11,Germany,Desktop,Google Ads,Basic,11-50
U002465,2025-06-11,India,Desktop,Google Ads,Free,11-50
U002466,2024-08-13,US,Desktop,Google Ads,Pro,1-10
U002467,2025-01-15,US,Desktop,Social Media,Basic,1-10
U002468,2024-02-23,US,Desktop,Google Ads,Free,51-200
U002469,2025-03-11,Germany,Desktop,Organic,Pro,11-50
U002470,2025-04-24,Canada,Desktop,Social Media,Pro,11-50
U002471,2024-09-05,Australia,Desktop,Organic,Basic,11-50
U002472,2025-12-14,Japan,Desktop,Google Ads,Pro,201-1000
U002473,2025-11-16,US,Mobile,Organic,Pro,11-50
U002474,2025-08-09,Canada,Mobile,Social Media,Free,1000+
U002475,2025-04-18,India,Desktop,Social Media,Enterprise,201-1000
U002476,2025-10-27,US,Mobile,Organic,Free,1-10
U002477,2024-06-06,Canada,Mobile,Organic,Basic,1-10
U002478,2025-09-15,Brazil,Mobile,Google Ads,Basic,11-50
U002479,2024-05-31,China,Desktop,Social Media,Basic,1-10
U002480,2025-09-17,China,Desktop,Email,Free,11-50
U002481,2024-10-16,US,Mobile,Google Ads,Pro,11-50
U002482,2025-10-31,US,Mobile,Organic,Free,1-10
U002483,2025-12-04,China,Desktop,Google Ads,Free,51-200
U002484,2024-06-24,US,Desktop,Organic,Basic,51-200
U002485,2025-03-03,Germany,Mobile,Google Ads,Basic,1-10
U002486,2025-12-22,Brazil,Mobile,Email,Basic,11-50
U002487,2025-03-16,Brazil,Mobile,Social Media,Free,11-50
U002488,2025-10-24,Germany,Desktop,Google Ads,Pro,1-10
U002489,2025-05-22,France,Desktop,Organic,Free,1-10
U002490,2024-12-31,France,Desktop,Social Media,Enterprise,51-200
U002491,2024-10-24,Japan,Desktop,Email,Free,1-10
U002492,2024-08-14,US,Desktop,Organic,Free,11-50
U002493,2025-08-31,US,Mobile,Organic,Free,1-10
U002494,2025-01-09,UK,Desktop,Social Media,Free,1-10
U002495,2025-04-04,US,Mobile,Google Ads,Free,1-10
U002496,2025-03-22,US,Desktop,Social Media,Pro,1000+
U002497,2025-05-15,US,Desktop,Email,Free,11-50
U002498,2025-10-25,Germany,Desktop,Organic,Enterprise,1-10
U002499,2025-12-22,Canada,Desktop,Social Media,Pro,51-200
U002500,2025-01-24,US,Mobile,Google Ads,Basic,1-10
U002501,2025-10-05,China,Desktop,Organic,Free,11-50
U002502,2025-09-01,China,Desktop,Google Ads,Enterprise,201-1000
U002503,2025-05-13,US,Desktop,Organic,Pro,1000+
U002504,2025-12-10,Canada,Desktop,Organic,Enterprise,51-200
U002505,2024-08-12,India,Mobile,Organic,Enterprise,201-1000
U002506,2024-05-14,UK,Desktop,Email,Free,11-50
U002507,2025-10-19,Brazil,Mobile,Google Ads,Free,11-50
U002508,2025-02-15,US,Mobile,Google Ads,Basic,11-50
U002509,2025-10-15,China,Desktop,Social Media,Enterprise,201-1000
U002510,2025-11-08,US,Desktop,Google Ads,Basic,11-50
U002511,2024-03-23,France,Mobile,Social Media,Free,1-10
U002512,2025-11-03,Germany,Mobile,Email,Free,51-200
U002513,2025-02-21,Japan,Desktop,Google Ads,Free,51-200
U002514,2025-04-03,US,Desktop,Google Ads,Free,11-50
U002515,2025-06-14,China,Desktop,Organic,Basic,11-50
U002516,2025-11-25,Brazil,Desktop,Social Media,Free,11-50
U002517,2024-01-27,Germany,Desktop,Social Media,Basic,1-10
U002518,2025-03-12,Japan,Desktop,Email,Enterprise,51-200
U002519,2025-07-20,Germany,Desktop,Organic,Pro,51-200
U002520,2025-08-09,Canada,Desktop,Organic,Enterprise,51-200
U002521,2025-07-23,India,Desktop,Social Media,Pro,1000+
U002522,2024-06-10,France,Mobile,Organic,Free,1-10
U002523,2024-11-04,France,Mobile,Organic,Pro,51-200
U002524,2024-12-19,Germany,Tablet,Email,Pro,51-200
U002525,2025-09-23,US,Desktop,Google Ads,Enterprise,1000+
U002526,2024-10-18,Germany,Mobile,Email,Free,1-10
U002527,2024-08-21,France,Desktop,Google Ads,Free,1-10
U002528,2025-12-11,US,Mobile,Organic,Free,11-50
U002529,2024-01-13,India,Desktop,Social Media,Free,1-10
U002530,2025-12-30,France,Desktop,Organic,Enterprise,51-200
U002531,2025-07-14,UK,Tablet,Email,Free,11-50
U002532,2025-10-05,Japan,Mobile,Social Media,Pro,1-10
U002533,2024-10-31,US,Tablet,Social Media,Basic,201-1000
U002534,2024-01-21,US,Desktop,Social Media,Pro,51-200
U002535,2025-08-17,France,Desktop,Social Media,Free,201-1000
U002536,2025-10-08,US,Desktop,Organic,Free,1-10
U002537,2025-08-19,US,Mobile,Social Media,Free,201-1000
U002538,2024-06-18,Canada,Mobile,Google Ads,Basic,1-10
U002539,2025-08-26,UK,Tablet,Google Ads,Free,1-10
U002540,2025-09-03,Australia,Desktop,Social Media,Pro,1-10
U002541,2025-07-03,Australia,Mobile,Social Media,Free,1-10
U002542,2025-09-02,US,Desktop,Email,Pro,1-10
U002543,2025-10-15,US,Desktop,Organic,Free,1-10
U002544,2025-06-07,China,Desktop,Email,Basic,11-50
U002545,2024-04-22,Germany,Desktop,Organic,Free,1-10
U002546,2025-03-19,US,Desktop,Google Ads,Pro,51-200
U002547,2024-04-09,China,Desktop,Google Ads,Free,1-10
U002548,2025-01-24,US,Desktop,Google Ads,Basic,51-200
U002549,2025-01-23,Canada,Desktop,Email,Enterprise,201-1000
U002550,2024-03-27,US,Desktop,Organic,Free,51-200
U002551,2024-12-12,US,Desktop,Social Media,Free,1-10
U002552,2024-05-16,US,Desktop,Social Media,Pro,1000+
U002553,2025-09-25,Australia,Tablet,Google Ads,Basic,11-50
U002554,2025-12-06,China,Tablet,Organic,Free,201-1000
U002555,2024-04-03,France,Desktop,Google Ads,Basic,1-10
U002556,2025-12-09,UK,Tablet,Social Media,Free,11-50
U002557,2025-04-11,UK,Mobile,Organic,Free,11-50
U002558,2024-11-04,US,Desktop,Google Ads,Free,1-10
U002559,2024-04-09,India,Desktop,Organic,Pro,51-200
U002560,2025-03-28,India,Tablet,Social Media,Basic,51-200
U002561,2025-09-17,Japan,Mobile,Organic,Basic,11-50
U002562,2025-07-31,US,Mobile,Social Media,Pro,1-10
U002563,2024-03-08,Australia,Mobile,Google Ads,Free,11-50
U002564,2024-04-04,US,Desktop,Google Ads,Pro,1-10
U002565,2025-01-20,Australia,Desktop,Social Media,Enterprise,1000+
U002566,2024-10-31,US,Desktop,Social Media,Free,1-10
U002567,2024-09-09,India,Desktop,Organic,Basic,1-10
U002568,2024-10-20,UK,Desktop,Social Media,Enterprise,51-200
U002569,2025-09-22,Germany,Desktop,Email,Enterprise,201-1000
U002570,2025-11-26,India,Desktop,Email,Free,201-1000
U002571,2025-01-22,Germany,Desktop,Organic,Free,1-10
U002572,2025-11-15,Germany,Desktop,Organic,Free,1-10
U002573,2024-11-21,China,Desktop,Email,Free,1-10
U002574,2025-03-12,China,Desktop,Social Media,Basic,51-200
U002575,2024-09-04,France,Desktop,Social Media,Pro,51-200
U002576,2025-06-23,US,Mobile,Google Ads,Pro,11-50
U002577,2025-12-21,Japan,Tablet,Social Media,Free,1-10
U002578,2025-05-31,India,Desktop,Social Media,Enterprise,51-200
U002579,2024-12-18,UK,Desktop,Email,Free,1-10
U002580,2025-06-27,India,Mobile,Google Ads,Free,1-10
U002581,2024-05-29,UK,Desktop,Organic,Basic,51-200
U002582,2025-11-06,US,Mobile,Organic,Free,51-200
U002583,2025-03-29,US,Desktop,Organic,Basic,51-200
U002584,2025-02-22,US,Mobile,Google Ads,Pro,51-200
U002585,2025-05-21,China,Tablet,Organic,Free,1-10
U002586,2025-06-13,China,Mobile,Organic,Basic,1-10
U002587,2024-04-03,Australia,Desktop,Email,Free,11-50
U002588,2025-07-17,China,Mobile,Organic,Free,1-10
U002589,2024-09-17,US,Mobile,Organic,Basic,201-1000
U002590,2025-08-04,Canada,Mobile,Organic,Pro,11-50
U002591,2025-10-02,Canada,Desktop,Organic,Basic,51-200
U002592,2025-09-22,Germany,Mobile,Social Media,Basic,11-50
U002593,2025-04-30,India,Desktop,Email,Pro,11-50
U002594,2025-04-09,Australia,Desktop,Email,Basic,11-50
U002595,2024-06-18,India,Mobile,Social Media,Free,51-200
U002596,2025-09-07,Canada,Desktop,Social Media,Pro,1000+
U002597,2024-10-12,US,Mobile,Google Ads,Free,11-50
U002598,2025-03-25,US,Mobile,Organic,Basic,1-10
U002599,2024-10-22,Germany,Desktop,Organic,Basic,51-200
U002600,2024-06-09,India,Mobile,Email,Free,11-50
U002601,2025-06-16,France,Tablet,Organic,Basic,11-50
U002602,2024-03-13,Australia,Desktop,Organic,Basic,1-10
U002603,2025-08-23,UK,Mobile,Social Media,Free,1-10
U002604,2024-11-18,US,Desktop,Social Media,Enterprise,11-50
U002605,2024-01-01,France,Desktop,Organic,Enterprise,1000+
U002606,2025-04-04,Japan,Desktop,Organic,Basic,1-10
U002607,2024-03-04,US,Desktop,Social Media,Basic,1-10
U002608,2024-10-16,India,Desktop,Google Ads,Basic,11-50
U002609,2025-07-31,Brazil,Tablet,Organic,Basic,11-50
U002610,2024-03-23,Brazil,Mobile,Social Media,Enterprise,51-200
U002611,2025-10-11,India,Desktop,Google Ads,Basic,1-10
U002612,2024-01-06,UK,Desktop,Email,Free,1-10
U002613,2024-09-22,Australia,Desktop,Social Media,Basic,11-50
U002614,2025-08-19,China,Desktop,Organic,Pro,1-10
U002615,2024-11-17,Germany,Desktop,Social Media,Pro,51-200
U002616,2024-05-07,US,Desktop,Google Ads,Basic,1-10
U002617,2024-12-20,China,Desktop,Organic,Free,1-10
U002618,2024-10-11,US,Desktop,Social Media,Free,1-10
U002619,2025-10-13,US,Mobile,Organic,Free,1-10
U002620,2024-11-15,India,Mobile,Organic,Free,1-10
U002621,2025-09-14,US,Desktop,Social Media,Free,1-10
U002622,2025-11-07,Japan,Desktop,Organic,Pro,11-50
U002623,2025-02-11,US,Desktop,Google Ads,Free,11-50
U002624,2025-11-17,Japan,Tablet,Google Ads,Pro,1-10
U002625,2025-01-02,US,Mobile,Social Media,Free,51-200
U002626,2025-12-14,US,Mobile,Social Media,Free,11-50
U002627,2024-04-23,US,Tablet,Social Media,Basic,51-200
U002628,2025-07-20,Australia,Desktop,Organic,Free,1-10
U002629,2025-03-23,Canada,Tablet,Email,Pro,201-1000
U002630,2025-01-09,US,Desktop,Email,Free,1-10
U002631,2025-06-18,Brazil,Desktop,Organic,Basic,1-10
U002632,2025-07-29,Japan,Mobile,Organic,Pro,1-10
U002633,2024-01-07,Australia,Desktop,Organic,Basic,201-1000
U002634,2024-07-12,UK,Mobile,Google Ads,Free,1-10
U002635,2025-08-03,China,Desktop,Google Ads,Free,51-200
U002636,2025-07-08,US,Mobile,Google Ads,Free,1-10
U002637,2025-12-15,UK,Desktop,Google Ads,Free,51-200
U002638,2025-08-30,Australia,Desktop,Social Media,Basic,201-1000
U002639,2025-12-07,India,Tablet,Google Ads,Pro,1000+
U002640,2025-07-28,US,Mobile,Google Ads,Basic,11-50
U002641,2024-11-03,US,Tablet,Social Media,Free,51-200
U002642,2024-05-10,China,Mobile,Social Media,Free,201-1000
U002643,2025-09-10,Japan,Mobile,Google Ads,Free,1-10
U002644,2025-06-25,UK,Mobile,Google Ads,Free,1-10
U002645,2024-03-05,Australia,Desktop,Google Ads,Free,11-50
U002646,2024-12-20,US,Desktop,Google Ads,Pro,11-50
U002647,2025-12-10,UK,Desktop,Google Ads,Pro,201-1000
U002648,2025-03-28,Canada,Mobile,Google Ads,Free,1-10
U002649,2025-02-10,UK,Desktop,Social Media,Pro,51-200
U002650,2025-02-27,US,Tablet,Google Ads,Free,1-10
U002651,2024-08-19,India,Desktop,Social Media,Free,1-10
U002652,2024-12-27,France,Mobile,Organic,Free,1-10
U002653,2024-12-27,US,Desktop,Organic,Free,11-50
U002654,2024-03-10,Australia,Desktop,Google Ads,Basic,1-10
U002655,2025-09-03,France,Tablet,Google Ads,Basic,51-200
U002656,2025-01-30,US,Desktop,Email,Free,11-50
U002657,2025-10-02,China,Desktop,Social Media,Enterprise,201-1000
U002658,2025-10-17,UK,Desktop,Social Media,Basic,1-10
U002659,2024-08-22,Germany,Desktop,Organic,Free,1-10
U002660,2025-07-02,Brazil,Desktop,Organic,Free,1-10
U002661,2025-03-09,Australia,Mobile,Google Ads,Free,1-10
U002662,2025-11-01,US,Desktop,Organic,Enterprise,201-1000
U002663,2024-08-26,Germany,Mobile,Google Ads,Free,201-1000
U002664,2025-07-14,India,Desktop,Google Ads,Enterprise,51-200
U002665,2025-06-03,UK,Mobile,Social Media,Free,1-10
U002666,2024-10-31,UK,Mobile,Email,Free,201-1000
U002667,2024-06-12,US,Desktop,Social Media,Basic,51-200
U002668,2025-06-29,China,Desktop,Organic,Pro,201-1000
U002669,2025-08-18,Germany,Desktop,Email,Free,11-50
U002670,2024-11-16,US,Mobile,Email,Basic,11-50
U002671,2025-06-25,France,Mobile,Organic,Free,51-200
U002672,2025-01-15,France,Tablet,Organic,Free,51-200
U002673,2025-08-04,India,Desktop,Organic,Basic,11-50
U002674,2024-08-11,US,Desktop,Organic,Pro,51-200
U002675,2025-11-07,Japan,Desktop,Email,Free,1-10
U002676,2024-10-25,US,Desktop,Google Ads,Free,1-10
U002677,2024-12-26,US,Desktop,Social Media,Basic,1-10
U002678,2024-03-17,China,Desktop,Email,Basic,11-50
U002679,2024-05-17,US,Mobile,Social Media,Basic,11-50
U002680,2025-04-07,US,Desktop,Social Media,Pro,51-200
U002681,2024-10-09,US,Mobile,Email,Free,1-10
U002682,2025-10-09,US,Desktop,Google Ads,Enterprise,1000+
U002683,2024-01-21,US,Tablet,Google Ads,Pro,11-50
U002684,2025-01-03,Australia,Tablet,Social Media,Free,1-10
U002685,2024-12-03,US,Tablet,Google Ads,Free,11-50
U002686,2024-01-28,US,Mobile,Organic,Free,1-10
U002687,2024-05-30,US,Mobile,Google Ads,Free,1-10
U002688,2025-01-28,Australia,Mobile,Email,Basic,11-50
U002689,2025-03-23,India,Desktop,Organic,Pro,201-1000
U002690,2025-01-21,UK,Mobile,Google Ads,Basic,11-50
U002691,2025-04-16,Canada,Mobile,Social Media,Free,1-10
U002692,2025-05-26,UK,Tablet,Organic,Basic,1-10
U002693,2024-01-15,UK,Desktop,Google Ads,Free,11-50
U002694,2025-03-04,US,Desktop,Organic,Free,51-200
U002695,2025-12-14,UK,Mobile,Google Ads,Basic,11-50
U002696,2025-04-09,UK,Tablet,Organic,Free,11-50
U002697,2025-07-14,China,Desktop,Email,Basic,11-50
U002698,2024-11-13,US,Desktop,Organic,Pro,201-1000
U002699,2025-09-06,India,Desktop,Organic,Pro,201-1000
U002700,2025-09-06,US,Desktop,Organic,Free,11-50
U002701,2025-04-10,US,Desktop,Email,Basic,201-1000
U002702,2025-12-20,Germany,Desktop,Google Ads,Enterprise,201-1000
U002703,2024-06-01,Australia,Mobile,Google Ads,Basic,201-1000
U002704,2024-01-25,UK,Desktop,Social Media,Pro,51-200
U002705,2025-09-04,China,Desktop,Social Media,Pro,201-1000
U002706,2025-09-24,US,Mobile,Organic,Free,1-10
U002707,2024-05-26,US,Tablet,Google Ads,Basic,11-50
U002708,2024-10-07,US,Tablet,Organic,Pro,201-1000
U002709,2024-01-25,UK,Desktop,Email,Free,1-10
U002710,2024-10-30,US,Tablet,Google Ads,Basic,11-50
U002711,2025-09-06,US,Desktop,Social Media,Basic,51-200
U002712,2025-04-08,Brazil,Mobile,Organic,Free,1-10
U002713,2024-12-11,US,Mobile,Google Ads,Free,1-10
U002714,2024-12-29,India,Desktop,Organic,Free,1-10
U002715,2024-01-02,UK,Desktop,Organic,Basic,11-50
U002716,2024-11-04,India,Desktop,Organic,Free,1-10
U002717,2025-06-26,India,Mobile,Google Ads,Free,1-10
U002718,2025-12-19,UK,Desktop,Google Ads,Pro,11-50
U002719,2025-10-15,US,Mobile,Social Media,Basic,1-10
U002720,2024-02-03,China,Desktop,Organic,Free,1-10
U002721,2025-11-11,Canada,Desktop,Social Media,Basic,51-200
U002722,2025-09-11,US,Tablet,Google Ads,Free,1-10
U002723,2025-09-10,US,Mobile,Organic,Free,11-50
U002724,2025-02-27,Canada,Tablet,Organic,Free,1-10
U002725,2025-01-17,UK,Desktop,Email,Enterprise,201-1000
U002726,2024-11-06,India,Desktop,Email,Free,1-10
U002727,2024-03-27,UK,Desktop,Email,Basic,51-200
U002728,2024-09-06,US,Desktop,Google Ads,Pro,201-1000
U002729,2024-09-21,India,Desktop,Organic,Enterprise,1000+
U002730,2025-03-17,India,Mobile,Organic,Free,1-10
U002731,2025-08-23,US,Desktop,Social Media,Basic,51-200
U002732,2025-03-10,Germany,Desktop,Social Media,Free,1-10
U002733,2024-03-17,France,Desktop,Email,Free,11-50
U002734,2025-12-11,India,Mobile,Google Ads,Free,1-10
U002735,2025-12-03,US,Mobile,Google Ads,Basic,11-50
U002736,2025-09-12,India,Desktop,Organic,Free,1-10
U002737,2025-12-27,China,Desktop,Email,Free,11-50
U002738,2025-04-25,France,Desktop,Google Ads,Basic,1-10
U002739,2025-12-13,Japan,Tablet,Organic,Enterprise,1-10
U002740,2024-04-07,US,Tablet,Email,Free,1-10
U002741,2024-12-24,China,Mobile,Organic,Free,201-1000
U002742,2024-09-03,China,Desktop,Organic,Free,1-10
U002743,2024-08-08,US,Desktop,Google Ads,Free,51-200
U002744,2024-06-16,Germany,Mobile,Google Ads,Basic,201-1000
U002745,2025-06-12,UK,Tablet,Organic,Basic,201-1000
U002746,2025-09-10,China,Tablet,Social Media,Basic,51-200
U002747,2025-05-16,US,Mobile,Email,Free,51-200
U002748,2024-06-22,India,Desktop,Google Ads,Pro,11-50
U002749,2025-09-26,Canada,Tablet,Google Ads,Basic,1-10
U002750,2025-06-20,France,Mobile,Organic,Enterprise,201-1000
U002751,2025-01-10,Canada,Mobile,Organic,Basic,11-50
U002752,2025-07-12,Australia,Desktop,Organic,Free,1-10
U002753,2024-10-03,US,Desktop,Organic,Basic,11-50
U002754,2024-12-09,Japan,Desktop,Organic,Free,1-10
U002755,2025-11-21,Germany,Desktop,Organic,Pro,201-1000
U002756,2024-10-28,Canada,Desktop,Google Ads,Pro,51-200
U002757,2025-03-08,US,Mobile,Social Media,Free,1-10
U002758,2025-11-07,Australia,Desktop,Google Ads,Free,1-10
U002759,2025-07-31,Japan,Desktop,Organic,Free,1-10
U002760,2024-03-22,France,Desktop,Social Media,Enterprise,1000+
U002761,2024-06-23,US,Desktop,Organic,Free,1-10
U002762,2024-01-12,US,Tablet,Social Media,Free,1-10
U002763,2025-06-17,Brazil,Desktop,Organic,Free,11-50
U002764,2025-02-20,US,Desktop,Email,Free,1-10
U002765,2024-06-10,France,Tablet,Google Ads,Basic,1-10
U002766,2025-12-11,US,Mobile,Social Media,Pro,11-50
U002767,2025-04-16,Japan,Desktop,Organic,Free,1-10
U002768,2024-09-17,UK,Mobile,Google Ads,Basic,11-50
U002769,2025-03-28,Japan,Mobile,Google Ads,Free,51-200
U002770,2025-07-15,China,Mobile,Organic,Enterprise,201-1000
U002771,2024-04-08,UK,Desktop,Google Ads,Free,1-10
U002772,2024-10-15,US,Tablet,Google Ads,Free,1-10
U002773,2025-09-24,US,Desktop,Google Ads,Basic,1-10
U002774,2025-03-01,India,Desktop,Google Ads,Free,51-200
U002775,2025-04-26,India,Desktop,Email,Free,1-10
U002776,2025-02-10,Brazil,Desktop,Email,Basic,1000+
U002777,2024-02-29,India,Tablet,Social Media,Pro,11-50
U002778,2024-07-11,Germany,Mobile,Google Ads,Free,11-50
U002779,2025-02-19,UK,Desktop,Google Ads,Basic,1-10
U002780,2024-08-20,US,Desktop,Google Ads,Basic,1-10
U002781,2024-03-08,UK,Desktop,Email,Free,1-10
U002782,2025-10-13,Australia,Tablet,Organic,Basic,11-50
U002783,2025-12-22,Canada,Mobile,Social Media,Basic,11-50
U002784,2025-09-17,UK,Mobile,Organic,Free,1-10
U002785,2025-10-19,India,Mobile,Organic,Free,11-50
U002786,2024-09-17,France,Mobile,Organic,Free,1-10
U002787,2025-12-12,Germany,Mobile,Google Ads,Free,1-10
U002788,2024-08-09,US,Desktop,Organic,Pro,201-1000
U002789,2025-12-08,US,Mobile,Google Ads,Free,1-10
U002790,2025-12-29,India,Mobile,Google Ads,Free,11-50
U002791,2025-08-03,Australia,Mobile,Organic,Free,1-10
U002792,2025-12-22,China,Tablet,Organic,Free,1-10
U002793,2025-05-11,US,Mobile,Google Ads,Basic,1-10
U002794,2024-10-02,US,Mobile,Google Ads,Free,51-200
U002795,2025-02-13,Brazil,Tablet,Email,Free,51-200
U002796,2025-05-25,France,Desktop,Email,Free,201-1000
U002797,2024-04-04,Japan,Desktop,Email,Pro,51-200
U002798,2025-06-12,Japan,Mobile,Google Ads,Pro,201-1000
U002799,2025-12-22,US,Desktop,Email,Basic,11-50
U002800,2024-08-02,France,Mobile,Google Ads,Basic,11-50
U002801,2025-09-16,Brazil,Mobile,Email,Free,11-50
U002802,2025-11-16,US,Mobile,Organic,Pro,11-50
U002803,2025-12-04,China,Tablet,Email,Basic,1-10
U002804,2025-12-12,US,Desktop,Social Media,Enterprise,201-1000
U002805,2025-04-10,US,Mobile,Google Ads,Free,11-50
U002806,2025-12-20,US,Mobile,Organic,Basic,11-50
U002807,2025-08-28,US,Desktop,Social Media,Basic,11-50
U002808,2024-07-07,UK,Desktop,Organic,Free,1000+
U002809,2025-03-12,Germany,Mobile,Organic,Free,1-10
U002810,2025-08-06,India,Mobile,Organic,Pro,11-50
U002811,2024-09-22,Germany,Mobile,Google Ads,Free,11-50
U002812,2025-06-23,US,Desktop,Organic,Basic,51-200
U002813,2025-07-08,US,Desktop,Social Media,Basic,1-10
U002814,2024-07-08,Japan,Desktop,Organic,Basic,11-50
U002815,2025-05-08,UK,Desktop,Google Ads,Pro,1-10
U002816,2025-09-05,US,Tablet,Organic,Pro,51-200
U002817,2025-03-27,Canada,Desktop,Organic,Basic,1-10
U002818,2024-01-18,Brazil,Tablet,Social Media,Free,1-10
U002819,2024-01-14,Canada,Tablet,Google Ads,Free,1-10
U002820,2024-12-18,India,Tablet,Organic,Free,51-200
U002821,2025-11-25,US,Desktop,Organic,Basic,51-200
U002822,2024-09-06,China,Tablet,Organic,Free,51-200
U002823,2025-06-19,US,Desktop,Email,Free,11-50
U002824,2024-08-31,Germany,Desktop,Social Media,Free,1-10
U002825,2024-11-21,US,Desktop,Google Ads,Basic,1-10
U002826,2025-10-16,France,Tablet,Organic,Free,51-200
U002827,2025-08-12,US,Desktop,Social Media,Basic,11-50
U002828,2024-04-29,Canada,Desktop,Organic,Free,201-1000
U002829,2025-02-07,Canada,Desktop,Organic,Enterprise,51-200
U002830,2024-02-10,Germany,Desktop,Social Media,Basic,1-10
U002831,2025-03-15,Brazil,Desktop,Social Media,Free,1-10
U002832,2025-07-05,Japan,Mobile,Organic,Basic,11-50
U002833,2024-05-24,France,Mobile,Google Ads,Basic,1-10
U002834,2024-10-26,Germany,Tablet,Email,Basic,11-50
U002835,2025-01-17,Brazil,Mobile,Social Media,Basic,11-50
U002836,2025-11-22,Germany,Tablet,Google Ads,Free,1-10
U002837,2025-12-28,Australia,Desktop,Email,Basic,1-10
U002838,2024-03-01,India,Mobile,Google Ads,Basic,51-200
U002839,2025-08-30,Germany,Mobile,Social Media,Basic,11-50
U002840,2024-12-29,Brazil,Desktop,Google Ads,Enterprise,201-1000
U002841,2025-01-13,France,Mobile,Organic,Free,1-10
U002842,2025-08-26,India,Mobile,Social Media,Free,51-200
U002843,2025-11-21,US,Mobile,Organic,Pro,51-200
U002844,2025-12-07,Germany,Mobile,Organic,Basic,201-1000
U002845,2025-05-15,Australia,Desktop,Social Media,Free,1-10
U002846,2024-12-18,Brazil,Mobile,Organic,Free,1-10
U002847,2025-09-14,France,Desktop,Google Ads,Pro,51-200
U002848,2024-09-25,US,Mobile,Social Media,Free,1-10
U002849,2025-05-07,Germany,Mobile,Social Media,Free,1-10
U002850,2024-12-19,Japan,Tablet,Organic,Free,11-50
U002851,2025-07-02,France,Desktop,Organic,Enterprise,51-200
U002852,2024-09-16,US,Desktop,Google Ads,Enterprise,201-1000
U002853,2024-08-04,Canada,Desktop,Email,Free,11-50
U002854,2025-11-21,India,Desktop,Organic,Basic,11-50
U002855,2024-05-06,US,Mobile,Organic,Free,1-10
U002856,2025-03-31,UK,Mobile,Email,Free,1000+
U002857,2024-08-30,US,Mobile,Organic,Pro,51-200
U002858,2024-02-23,India,Mobile,Email,Free,1-10
U002859,2024-02-19,US,Desktop,Social Media,Basic,51-200
U002860,2024-07-20,US,Desktop,Social Media,Pro,11-50
U002861,2025-10-26,France,Desktop,Social Media,Free,11-50
U002862,2024-10-21,US,Mobile,Organic,Free,1-10
U002863,2025-12-07,US,Mobile,Social Media,Basic,1-10
U002864,2025-05-18,Germany,Mobile,Email,Free,1-10
U002865,2025-02-13,India,Desktop,Google Ads,Free,1-10
U002866,2025-05-17,Brazil,Desktop,Google Ads,Free,1-10
U002867,2025-04-07,Germany,Tablet,Google Ads,Basic,1-10
U002868,2025-08-29,Brazil,Desktop,Organic,Enterprise,1000+
U002869,2024-10-21,Japan,Mobile,Google Ads,Free,11-50
U002870,2024-12-15,US,Desktop,Social Media,Enterprise,1000+
U002871,2025-11-09,US,Desktop,Google Ads,Pro,201-1000
U002872,2025-12-05,Germany,Mobile,Social Media,Pro,51-200
U002873,2025-11-08,UK,Desktop,Google Ads,Free,51-200
U002874,2025-02-01,Brazil,Mobile,Email,Free,1-10
U002875,2025-09-10,India,Mobile,Social Media,Free,1-10
U002876,2025-03-12,UK,Desktop,Organic,Basic,51-200
U002877,2025-03-26,US,Mobile,Social Media,Enterprise,51-200
U002878,2024-08-16,US,Mobile,Social Media,Free,11-50
U002879,2025-05-24,India,Desktop,Google Ads,Basic,11-50
U002880,2024-07-30,Germany,Mobile,Email,Free,1-10
U002881,2024-11-29,India,Mobile,Social Media,Basic,1-10
U002882,2025-10-19,US,Desktop,Social Media,Free,1-10
U002883,2024-08-18,China,Tablet,Google Ads,Free,51-200
U002884,2024-04-02,Canada,Desktop,Organic,Free,1000+
U002885,2024-03-30,US,Mobile,Organic,Basic,11-50
U002886,2025-12-02,India,Mobile,Email,Free,1-10
U002887,2025-04-01,Australia,Desktop,Google Ads,Free,1-10
U002888,2025-01-25,UK,Desktop,Organic,Free,11-50
U002889,2025-09-26,India,Desktop,Organic,Enterprise,51-200
U002890,2025-10-09,US,Desktop,Google Ads,Basic,201-1000
U002891,2024-11-29,Japan,Mobile,Google Ads,Basic,11-50
U002892,2025-07-23,US,Mobile,Google Ads,Basic,51-200
U002893,2025-09-05,Australia,Desktop,Organic,Free,1-10
U002894,2025-07-01,China,Mobile,Email,Free,11-50
U002895,2024-06-27,Brazil,Tablet,Google Ads,Free,11-50
U002896,2025-10-30,China,Mobile,Google Ads,Free,11-50
U002897,2025-04-22,India,Mobile,Google Ads,Free,11-50
U002898,2024-10-21,Germany,Mobile,Organic,Basic,11-50
U002899,2025-02-05,Canada,Desktop,Email,Free,11-50
U002900,2024-02-21,Australia,Desktop,Organic,Free,51-200
U002901,2024-06-03,India,Mobile,Organic,Basic,201-1000
U002902,2025-09-02,Australia,Desktop,Google Ads,Pro,51-200
U002903,2024-01-01,India,Mobile,Google Ads,Free,1-10
U002904,2025-01-30,India,Mobile,Google Ads,Free,1-10
U002905,2025-04-11,Germany,Mobile,Social Media,Pro,201-1000
U002906,2024-03-13,US,Desktop,Social Media,Pro,1-10
U002907,2025-12-18,US,Desktop,Email,Enterprise,51-200
U002908,2024-09-04,US,Desktop,Organic,Free,1-10
U002909,2024-11-07,India,Desktop,Email,Free,11-50
U002910,2024-11-07,UK,Desktop,Organic,Free,1-10
U002911,2024-09-07,Germany,Mobile,Google Ads,Free,1-10
U002912,2024-01-03,Australia,Desktop,Organic,Free,1-10
U002913,2025-08-13,UK,Desktop,Google Ads,Free,11-50
U002914,2025-12-15,Germany,Desktop,Email,Free,51-200
U002915,2024-09-02,US,Desktop,Social Media,Pro,1-10
U002916,2025-07-06,US,Desktop,Google Ads,Basic,1-10
U002917,2025-08-20,Brazil,Desktop,Google Ads,Basic,11-50
U002918,2025-10-16,India,Tablet,Google Ads,Pro,201-1000
U002919,2025-02-03,Brazil,Desktop,Email,Basic,51-200
U002920,2024-11-06,US,Mobile,Social Media,Free,11-50
U002921,2024-11-24,India,Tablet,Organic,Enterprise,1000+
U002922,2025-08-03,US,Desktop,Organic,Basic,1-10
U002923,2025-09-29,US,Mobile,Organic,Free,1-10
U002924,2024-07-26,US,Desktop,Organic,Enterprise,201-1000
U002925,2024-12-28,US,Desktop,Google Ads,Free,11-50
U002926,2025-11-13,UK,Desktop,Organic,Basic,11-50
U002927,2025-09-24,US,Desktop,Organic,Free,201-1000
U002928,2025-12-24,Australia,Desktop,Organic,Basic,51-200
U002929,2025-08-26,UK,Desktop,Google Ads,Basic,51-200
U002930,2025-01-13,US,Mobile,Google Ads,Free,1-10
U002931,2025-05-24,US,Tablet,Social Media,Basic,1-10
U002932,2025-07-05,India,Desktop,Email,Basic,51-200
U002933,2024-04-10,US,Desktop,Organic,Free,1-10
U002934,2025-04-25,Canada,Desktop,Email,Free,1-10
U002935,2025-08-01,Australia,Desktop,Google Ads,Free,51-200
U002936,2024-07-12,US,Mobile,Organic,Pro,201-1000
U002937,2025-09-10,Germany,Desktop,Google Ads,Pro,11-50
U002938,2025-05-19,US,Desktop,Google Ads,Pro,201-1000
U002939,2025-12-08,Japan,Mobile,Social Media,Free,1-10
U002940,2024-02-27,Germany,Mobile,Email,Free,1-10
U002941,2024-10-07,US,Desktop,Organic,Free,11-50
U002942,2025-05-30,US,Mobile,Organic,Free,11-50
U002943,2024-11-01,Japan,Desktop,Organic,Basic,1-10
U002944,2025-08-04,Germany,Desktop,Organic,Enterprise,201-1000
U002945,2025-08-29,US,Desktop,Organic,Basic,1-10
U002946,2024-05-07,China,Desktop,Email,Enterprise,1000+
U002947,2025-04-05,India,Tablet,Organic,Free,11-50
U002948,2025-04-02,Canada,Desktop,Social Media,Enterprise,201-1000
U002949,2024-12-27,US,Desktop,Social Media,Free,1-10
U002950,2025-11-28,Brazil,Desktop,Email,Enterprise,201-1000
U002951,2025-10-05,China,Desktop,Email,Free,11-50
U002952,2025-07-25,US,Mobile,Google Ads,Pro,201-1000
U002953,2025-08-04,China,Desktop,Email,Free,1-10
U002954,2025-03-02,Germany,Desktop,Google Ads,Free,201-1000
U002955,2025-11-22,Australia,Mobile,Email,Free,1-10
U002956,2025-07-24,US,Desktop,Google Ads,Free,1-10
U002957,2025-08-12,Japan,Desktop,Organic,Pro,11-50
U002958,2025-10-23,UK,Desktop,Social Media,Enterprise,201-1000
U002959,2024-10-14,Australia,Desktop,Google Ads,Basic,201-1000
U002960,2025-09-24,UK,Desktop,Social Media,Pro,201-1000
U002961,2024-08-07,Australia,Desktop,Organic,Free,1-10
U002962,2024-12-09,Canada,Mobile,Google Ads,Basic,1-10
U002963,2024-12-02,US,Mobile,Email,Free,1-10
U002964,2025-12-21,France,Mobile,Organic,Pro,51-200
U002965,2025-10-20,Australia,Mobile,Google Ads,Free,11-50
U002966,2025-07-28,US,Desktop,Google Ads,Basic,51-200
U002967,2025-08-11,Germany,Mobile,Email,Free,1-10
U002968,2025-05-06,India,Desktop,Email,Free,1-10
U002969,2025-12-05,US,Desktop,Google Ads,Free,1-10
U002970,2025-03-25,US,Desktop,Social Media,Free,51-200
U002971,2025-01-04,US,Desktop,Organic,Free,1-10
U002972,2024-07-08,US,Tablet,Social Media,Free,1-10
U002973,2025-09-13,Germany,Desktop,Google Ads,Pro,11-50
U002974,2025-08-15,US,Desktop,Email,Free,1-10
U002975,2025-01-07,Canada,Desktop,Google Ads,Pro,51-200
U002976,2024-02-05,China,Desktop,Organic,Free,11-50
U002977,2025-10-11,US,Desktop,Google Ads,Free,201-1000
U002978,2024-01-17,Japan,Desktop,Social Media,Basic,11-50
U002979,2025-07-29,Japan,Desktop,Organic,Basic,1-10
U002980,2025-12-17,Australia,Mobile,Organic,Free,11-50
U002981,2025-02-14,US,Desktop,Organic,Basic,51-200
U002982,2024-09-11,US,Desktop,Google Ads,Free,1-10
U002983,2025-07-30,Canada,Mobile,Organic,Basic,51-200
U002984,2025-09-29,Australia,Tablet,Organic,Basic,51-200
U002985,2025-04-26,China,Desktop,Email,Free,1-10
U002986,2025-12-15,Brazil,Desktop,Social Media,Pro,51-200
U002987,2024-03-10,US,Tablet,Organic,Pro,201-1000
U002988,2025-03-31,India,Desktop,Organic,Basic,11-50
U002989,2025-08-06,US,Desktop,Organic,Enterprise,1-10
U002990,2025-10-23,US,Desktop,Organic,Enterprise,51-200
U002991,2024-07-23,France,Tablet,Organic,Basic,1-10
U002992,2025-09-20,US,Tablet,Google Ads,Free,11-50
U002993,2025-04-30,Germany,Mobile,Organic,Pro,51-200
U002994,2025-01-16,Australia,Desktop,Social Media,Free,1-10
U002995,2024-06-07,US,Desktop,Email,Free,11-50
U002996,2025-10-25,Australia,Desktop,Social Media,Free,1-10
U002997,2024-07-02,Australia,Mobile,Email,Free,11-50
U002998,2024-11-12,India,Tablet,Social Media,Enterprise,201-1000
U002999,2024-10-27,US,Desktop,Social Media,Pro,51-200
U003000,2025-10-28,UK,Mobile,Google Ads,Pro,11-50
U003001,2025-07-11,Germany,Desktop,Organic,Free,201-1000
U003002,2025-09-19,UK,Desktop,Organic,Free,11-50
U003003,2024-09-25,US,Mobile,Google Ads,Free,1-10
U003004,2025-06-13,Australia,Desktop,Social Media,Enterprise,1000+
U003005,2025-05-12,US,Desktop,Google Ads,Basic,51-200
U003006,2025-10-08,China,Desktop,Email,Free,1-10
U003007,2025-11-15,US,Mobile,Social Media,Free,1-10
U003008,2024-01-18,India,Mobile,Google Ads,Free,1-10
U003009,2025-07-12,Canada,Tablet,Social Media,Free,11-50
U003010,2024-03-10,US,Mobile,Email,Free,11-50
U003011,2025-04-28,US,Desktop,Google Ads,Enterprise,51-200
U003012,2024-10-25,Japan,Desktop,Email,Free,1-10
U003013,2024-11-09,China,Tablet,Organic,Basic,1-10
U003014,2024-12-15,China,Mobile,Google Ads,Free,1-10
U003015,2025-06-11,UK,Mobile,Organic,Free,1-10
U003016,2024-12-01,US,Mobile,Organic,Basic,11-50
U003017,2025-08-14,Australia,Mobile,Email,Basic,11-50
U003018,2025-01-21,Canada,Desktop,Organic,Basic,201-1000
U003019,2024-03-30,Germany,Desktop,Email,Pro,11-50
U003020,2025-09-12,France,Mobile,Organic,Pro,1-10
U003021,2024-10-24,Germany,Mobile,Google Ads,Free,1-10
U003022,2025-02-10,Germany,Mobile,Organic,Free,1-10
U003023,2025-07-19,US,Desktop,Social Media,Pro,201-1000
U003024,2024-11-29,Germany,Desktop,Organic,Basic,11-50
U003025,2024-03-16,India,Mobile,Google Ads,Free,1-10
U003026,2024-12-30,US,Mobile,Social Media,Free,1-10
U003027,2025-12-04,Germany,Mobile,Google Ads,Free,1-10
U003028,2025-06-23,Brazil,Desktop,Organic,Enterprise,201-1000
U003029,2025-07-11,China,Tablet,Organic,Free,11-50
U003030,2025-06-18,Japan,Mobile,Organic,Free,1-10
U003031,2024-08-11,Canada,Mobile,Social Media,Basic,51-200
U003032,2025-01-31,US,Desktop,Google Ads,Basic,11-50
U003033,2025-08-25,India,Desktop,Email,Free,1-10
U003034,2024-05-06,Brazil,Mobile,Organic,Pro,51-200
U003035,2024-10-17,India,Desktop,Google Ads,Pro,1000+
U003036,2024-10-16,UK,Desktop,Google Ads,Basic,1-10
U003037,2025-02-10,US,Desktop,Organic,Free,1-10
U003038,2025-12-22,Canada,Mobile,Social Media,Free,1-10
U003039,2024-03-29,Germany,Desktop,Social Media,Pro,51-200
U003040,2025-04-09,Canada,Desktop,Organic,Pro,11-50
U003041,2024-07-23,India,Tablet,Organic,Enterprise,1000+
U003042,2025-12-17,China,Mobile,Organic,Basic,11-50
U003043,2024-05-19,France,Desktop,Google Ads,Basic,51-200
U003044,2025-01-21,Japan,Desktop,Organic,Free,1-10
U003045,2025-08-17,UK,Tablet,Organic,Free,11-50
U003046,2025-07-30,India,Desktop,Social Media,Free,1-10
U003047,2025-02-03,France,Mobile,Organic,Free,1-10
U003048,2024-12-10,UK,Desktop,Organic,Basic,201-1000
U003049,2025-01-16,UK,Mobile,Email,Free,1-10
U003050,2024-10-06,US,Mobile,Organic,Basic,201-1000
U003051,2024-08-16,Canada,Mobile,Google Ads,Free,1-10
U003052,2025-03-16,US,Desktop,Social Media,Basic,1000+
U003053,2024-10-10,Japan,Mobile,Google Ads,Free,1-10
U003054,2024-10-25,Germany,Desktop,Google Ads,Free,11-50
U003055,2025-07-02,Germany,Tablet,Organic,Enterprise,1-10
U003056,2025-12-16,China,Desktop,Google Ads,Free,1-10
U003057,2025-06-01,US,Mobile,Social Media,Pro,201-1000
U003058,2024-04-09,India,Desktop,Google Ads,Free,11-50
U003059,2024-04-07,Brazil,Mobile,Social Media,Free,1-10
U003060,2025-12-08,France,Desktop,Email,Free,1-10
U003061,2024-11-02,US,Desktop,Google Ads,Free,1-10
U003062,2024-04-26,Canada,Desktop,Email,Free,1-10
U003063,2025-05-29,Japan,Desktop,Social Media,Pro,51-200
U003064,2025-06-13,Canada,Desktop,Social Media,Free,11-50
U003065,2025-06-27,India,Desktop,Google Ads,Basic,11-50
U003066,2024-10-09,India,Mobile,Email,Free,1-10
U003067,2024-01-22,Canada,Desktop,Email,Free,201-1000
U003068,2025-12-14,Canada,Mobile,Social Media,Pro,1-10
U003069,2024-09-25,Germany,Desktop,Google Ads,Pro,51-200
U003070,2025-07-13,US,Mobile,Organic,Free,11-50
U003071,2025-07-31,UK,Desktop,Social Media,Free,11-50
U003072,2025-06-04,UK,Tablet,Organic,Free,11-50
U003073,2024-11-14,US,Mobile,Social Media,Enterprise,1000+
U003074,2024-10-12,US,Desktop,Email,Free,1-10
U003075,2025-05-28,Canada,Mobile,Organic,Pro,51-200
U003076,2025-10-25,US,Desktop,Google Ads,Free,11-50
U003077,2025-12-05,China,Mobile,Google Ads,Pro,1-10
U003078,2024-05-11,US,Desktop,Organic,Basic,1-10
U003079,2024-06-30,UK,Desktop,Social Media,Basic,51-200
U003080,2025-12-04,US,Desktop,Google Ads,Basic,51-200
U003081,2025-08-17,US,Mobile,Organic,Enterprise,201-1000
U003082,2025-11-03,Brazil,Desktop,Google Ads,Enterprise,1000+
U003083,2024-08-14,Canada,Mobile,Email,Free,11-50
U003084,2025-05-22,US,Desktop,Organic,Pro,1000+
U003085,2025-07-28,Germany,Desktop,Organic,Basic,201-1000
U003086,2025-07-16,Germany,Mobile,Social Media,Basic,11-50
U003087,2025-01-24,Canada,Mobile,Google Ads,Basic,51-200
U003088,2024-01-22,Brazil,Tablet,Organic,Basic,11-50
U003089,2025-05-19,India,Mobile,Organic,Basic,51-200
U003090,2024-09-27,China,Mobile,Social Media,Basic,51-200
U003091,2025-02-22,France,Mobile,Email,Free,1-10
U003092,2025-12-11,US,Desktop,Social Media,Enterprise,51-200
U003093,2025-01-17,Germany,Desktop,Social Media,Basic,1-10
U003094,2025-10-11,Canada,Desktop,Email,Free,11-50
U003095,2024-08-01,Brazil,Desktop,Google Ads,Basic,51-200
U003096,2025-07-11,India,Desktop,Google Ads,Free,1-10
U003097,2025-12-20,India,Tablet,Google Ads,Free,1-10
U003098,2024-05-07,UK,Desktop,Email,Pro,201-1000
U003099,2024-01-12,India,Mobile,Google Ads,Free,1-10
U003100,2025-02-11,Japan,Mobile,Email,Basic,1-10
U003101,2024-04-26,Germany,Desktop,Google Ads,Free,1-10
U003102,2025-08-23,China,Desktop,Google Ads,Enterprise,1000+
U003103,2025-11-19,Canada,Desktop,Organic,Pro,201-1000
U003104,2025-02-11,US,Mobile,Social Media,Free,1-10
U003105,2024-10-02,Germany,Tablet,Google Ads,Basic,1-10
U003106,2025-02-11,Germany,Desktop,Organic,Enterprise,201-1000
U003107,2025-08-09,China,Mobile,Google Ads,Free,11-50
U003108,2024-01-14,US,Desktop,Organic,Basic,11-50
U003109,2025-05-23,Japan,Mobile,Google Ads,Pro,51-200
U003110,2025-06-06,Canada,Mobile,Organic,Free,1-10
U003111,2025-06-21,Germany,Desktop,Google Ads,Basic,201-1000
U003112,2024-09-17,Canada,Desktop,Google Ads,Basic,1-10
U003113,2025-08-04,Australia,Desktop,Organic,Free,1-10
U003114,2024-04-25,US,Desktop,Social Media,Pro,201-1000
U003115,2024-08-11,US,Mobile,Organic,Free,201-1000
U003116,2025-10-31,Australia,Desktop,Social Media,Pro,51-200
U003117,2025-08-18,Australia,Mobile,Social Media,Free,11-50
U003118,2024-01-20,US,Desktop,Organic,Free,1-10
U003119,2024-09-23,US,Mobile,Email,Free,1-10
U003120,2024-08-24,US,Mobile,Organic,Free,1-10
U003121,2024-10-12,Australia,Mobile,Google Ads,Free,1-10
U003122,2024-09-22,US,Desktop,Social Media,Pro,11-50
U003123,2024-03-23,India,Desktop,Google Ads,Enterprise,1000+
U003124,2025-02-28,France,Mobile,Social Media,Pro,11-50
U003125,2025-08-14,US,Desktop,Google Ads,Basic,11-50
U003126,2025-06-02,Japan,Desktop,Google Ads,Pro,51-200
U003127,2025-07-11,US,Desktop,Google Ads,Enterprise,201-1000
U003128,2024-04-13,Canada,Mobile,Organic,Free,1-10
U003129,2025-12-08,US,Mobile,Google Ads,Free,51-200
U003130,2025-10-11,China,Mobile,Organic,Free,1-10
U003131,2025-09-23,China,Desktop,Organic,Basic,51-200
U003132,2025-10-03,US,Desktop,Social Media,Enterprise,201-1000
U003133,2025-11-28,US,Tablet,Social Media,Basic,1-10
U003134,2025-04-25,Germany,Desktop,Social Media,Pro,51-200
U003135,2024-08-12,US,Desktop,Google Ads,Free,1-10
U003136,2025-06-08,France,Mobile,Social Media,Free,51-200
U003137,2025-08-20,France,Desktop,Social Media,Basic,51-200
U003138,2025-08-17,Germany,Desktop,Organic,Enterprise,51-200
U003139,2025-04-10,Japan,Desktop,Google Ads,Free,1-10
U003140,2024-03-30,Japan,Desktop,Google Ads,Pro,11-50
U003141,2024-12-28,France,Desktop,Social Media,Free,201-1000
U003142,2025-11-22,Germany,Mobile,Google Ads,Free,1-10
U003143,2025-05-20,US,Desktop,Social Media,Pro,51-200
U003144,2025-04-21,US,Desktop,Social Media,Enterprise,201-1000
U003145,2024-10-10,India,Mobile,Social Media,Free,11-50
U003146,2024-12-26,Germany,Tablet,Google Ads,Free,1-10
U003147,2025-11-09,Germany,Desktop,Google Ads,Free,1-10
U003148,2025-07-08,US,Mobile,Organic,Pro,51-200
U003149,2025-09-14,China,Mobile,Organic,Free,1-10
U003150,2025-02-25,US,Desktop,Organic,Free,1-10
U003151,2025-06-16,US,Desktop,Google Ads,Basic,1-10
U003152,2024-09-23,Germany,Desktop,Email,Free,1-10
U003153,2025-07-30,US,Mobile,Social Media,Pro,51-200
U003154,2025-02-07,India,Desktop,Organic,Enterprise,51-200
U003155,2025-02-17,UK,Desktop,Google Ads,Basic,11-50
U003156,2025-06-28,Germany,Mobile,Google Ads,Pro,11-50
U003157,2025-11-30,India,Desktop,Email,Basic,11-50
U003158,2024-03-25,US,Mobile,Google Ads,Free,1-10
U003159,2025-10-04,US,Mobile,Email,Basic,11-50
U003160,2024-10-29,Canada,Desktop,Organic,Pro,11-50
U003161,2025-02-18,Germany,Tablet,Organic,Free,51-200
U003162,2024-01-31,Germany,Desktop,Organic,Pro,1-10
U003163,2024-11-05,US,Desktop,Google Ads,Free,51-200
U003164,2025-03-29,India,Desktop,Organic,Free,11-50
U003165,2024-03-15,India,Mobile,Social Media,Basic,11-50
U003166,2025-03-22,India,Mobile,Social Media,Pro,1000+
U003167,2025-11-25,China,Desktop,Social Media,Pro,11-50
U003168,2024-05-10,US,Desktop,Email,Free,1-10
U003169,2025-09-01,US,Desktop,Organic,Enterprise,51-200
U003170,2025-01-25,France,Mobile,Social Media,Free,1-10
U003171,2025-07-01,Australia,Mobile,Google Ads,Free,1-10
U003172,2024-10-03,US,Mobile,Organic,Free,1-10
U003173,2024-07-05,India,Mobile,Google Ads,Free,1-10
U003174,2024-07-05,US,Mobile,Google Ads,Free,1-10
U003175,2024-04-01,US,Desktop,Email,Free,1-10
U003176,2024-07-29,UK,Desktop,Email,Pro,51-200
U003177,2025-07-06,US,Mobile,Social Media,Enterprise,1000+
U003178,2025-11-02,China,Desktop,Google Ads,Pro,51-200
U003179,2025-09-28,India,Desktop,Organic,Basic,11-50
U003180,2025-07-19,US,Tablet,Organic,Pro,51-200
U003181,2024-05-16,US,Mobile,Organic,Pro,201-1000
U003182,2024-10-26,France,Desktop,Social Media,Basic,1-10
U003183,2024-11-12,US,Mobile,Email,Free,201-1000
U003184,2024-09-24,Japan,Tablet,Social Media,Basic,11-50
U003185,2025-04-06,UK,Desktop,Google Ads,Free,1-10
U003186,2025-04-19,India,Desktop,Social Media,Basic,201-1000
U003187,2024-12-18,UK,Desktop,Social Media,Pro,1000+
U003188,2024-12-15,US,Desktop,Email,Basic,11-50
U003189,2025-10-06,US,Mobile,Organic,Free,1-10
U003190,2025-09-15,US,Desktop,Google Ads,Basic,51-200
U003191,2024-11-10,Germany,Desktop,Social Media,Enterprise,201-1000
U003192,2025-11-19,Japan,Desktop,Organic,Enterprise,201-1000
U003193,2025-12-08,US,Desktop,Social Media,Free,1-10
U003194,2024-11-25,US,Desktop,Google Ads,Free,1-10
U003195,2024-12-16,India,Mobile,Organic,Basic,51-200
U003196,2025-03-31,Japan,Desktop,Organic,Basic,1-10
U003197,2025-12-02,Australia,Mobile,Organic,Free,51-200
U003198,2025-10-30,India,Mobile,Google Ads,Free,1-10
U003199,2024-05-07,Germany,Desktop,Google Ads,Pro,1-10
U003200,2025-01-13,India,Mobile,Google Ads,Basic,11-50
U003201,2025-05-01,Canada,Mobile,Social Media,Free,11-50
U003202,2025-03-29,France,Desktop,Email,Free,201-1000
U003203,2024-08-06,UK,Desktop,Google Ads,Basic,51-200
U003204,2025-10-21,US,Mobile,Google Ads,Free,1-10
U003205,2025-07-14,US,Tablet,Google Ads,Free,201-1000
U003206,2025-10-10,India,Desktop,Google Ads,Free,51-200
U003207,2025-10-21,Brazil,Desktop,Social Media,Basic,1-10
U003208,2025-08-23,India,Desktop,Email,Free,1-10
U003209,2025-02-15,US,Desktop,Email,Basic,11-50
U003210,2025-06-05,China,Mobile,Organic,Basic,11-50
U003211,2024-07-05,France,Desktop,Organic,Basic,1000+
U003212,2025-07-12,US,Desktop,Email,Free,1-10
U003213,2024-07-23,China,Desktop,Organic,Free,11-50
U003214,2025-07-24,Germany,Desktop,Email,Free,1-10
U003215,2024-09-07,Canada,Desktop,Social Media,Free,1-10
U003216,2024-05-23,France,Desktop,Organic,Free,11-50
U003217,2024-07-10,India,Desktop,Organic,Pro,11-50
U003218,2024-01-03,China,Mobile,Organic,Basic,11-50
U003219,2025-08-07,Canada,Tablet,Organic,Free,201-1000
U003220,2025-08-14,India,Desktop,Social Media,Basic,51-200
U003221,2025-04-06,UK,Desktop,Google Ads,Enterprise,201-1000
U003222,2024-07-06,Brazil,Desktop,Email,Enterprise,51-200
U003223,2024-04-16,US,Desktop,Social Media,Free,1-10
U003224,2024-01-28,UK,Desktop,Social Media,Pro,201-1000
U003225,2024-07-11,Canada,Desktop,Social Media,Basic,51-200
U003226,2025-11-07,China,Mobile,Social Media,Enterprise,51-200
U003227,2024-09-17,Germany,Desktop,Social Media,Basic,11-50
U003228,2024-12-16,US,Desktop,Organic,Pro,1-10
U003229,2024-05-10,UK,Mobile,Organic,Basic,1-10
U003230,2024-08-31,US,Mobile,Organic,Free,1-10
U003231,2025-04-09,US,Desktop,Organic,Pro,11-50
U003232,2025-06-03,Brazil,Desktop,Google Ads,Free,1-10
U003233,2024-09-20,US,Desktop,Organic,Free,11-50
U003234,2024-03-17,Germany,Desktop,Email,Free,1-10
U003235,2025-01-12,UK,Desktop,Email,Enterprise,1000+
U003236,2024-09-11,Australia,Desktop,Email,Free,11-50
U003237,2024-08-29,UK,Desktop,Email,Free,11-50
U003238,2025-12-12,US,Mobile,Organic,Basic,11-50
U003239,2025-06-08,US,Mobile,Social Media,Free,1-10
U003240,2025-05-03,India,Desktop,Organic,Basic,11-50
U003241,2025-01-29,India,Desktop,Google Ads,Pro,11-50
U003242,2025-02-08,Germany,Desktop,Email,Enterprise,1000+
U003243,2025-04-23,Germany,Desktop,Email,Free,1-10
U003244,2025-07-25,US,Desktop,Social Media,Basic,1-10
U003245,2025-07-28,India,Mobile,Google Ads,Free,11-50
U003246,2024-07-16,India,Mobile,Organic,Free,51-200
U003247,2025-03-27,US,Mobile,Organic,Free,1-10
U003248,2025-01-27,US,Mobile,Google Ads,Free,1-10
U003249,2025-10-28,US,Tablet,Social Media,Free,11-50
U003250,2025-06-17,US,Mobile,Email,Free,1-10
U003251,2025-04-17,Japan,Tablet,Organic,Pro,1-10
U003252,2024-05-21,US,Desktop,Email,Enterprise,201-1000
U003253,2025-06-02,US,Desktop,Social Media,Free,1-10
U003254,2024-05-23,US,Mobile,Google Ads,Basic,11-50
U003255,2024-12-03,Australia,Tablet,Google Ads,Free,1-10
U003256,2024-06-18,Canada,Desktop,Email,Enterprise,1000+
U003257,2025-07-23,US,Desktop,Organic,Pro,201-1000
U003258,2024-08-17,UK,Desktop,Email,Pro,1000+
U003259,2025-01-12,US,Mobile,Organic,Free,1-10
U003260,2025-11-09,India,Desktop,Organic,Basic,1-10
U003261,2024-08-15,US,Mobile,Social Media,Free,201-1000
U003262,2025-04-01,China,Tablet,Google Ads,Free,1-10
U003263,2025-02-01,India,Mobile,Social Media,Free,11-50
U003264,2024-01-26,Canada,Desktop,Google Ads,Basic,1-10
U003265,2025-09-16,US,Desktop,Google Ads,Pro,201-1000
U003266,2024-03-30,France,Desktop,Organic,Free,51-200
U003267,2025-03-10,France,Desktop,Email,Free,1-10
U003268,2025-05-05,US,Desktop,Organic,Free,1-10
U003269,2025-06-15,UK,Mobile,Email,Free,1-10
U003270,2025-07-21,US,Desktop,Social Media,Pro,51-200
U003271,2024-09-27,US,Mobile,Social Media,Free,1-10
U003272,2024-01-15,US,Tablet,Social Media,Free,11-50
U003273,2025-08-09,India,Desktop,Organic,Basic,11-50
U003274,2025-04-19,Germany,Tablet,Social Media,Basic,11-50
U003275,2025-10-10,Australia,Mobile,Organic,Free,1-10
U003276,2025-10-02,US,Desktop,Organic,Enterprise,201-1000
U003277,2025-10-13,Australia,Desktop,Organic,Basic,1-10
U003278,2025-03-18,US,Desktop,Social Media,Pro,201-1000
U003279,2024-11-30,Brazil,Desktop,Google Ads,Free,51-200
U003280,2025-09-16,UK,Mobile,Google Ads,Free,1-10
U003281,2025-02-23,US,Desktop,Email,Free,1-10
U003282,2024-07-27,Canada,Mobile,Google Ads,Free,11-50
U003283,2025-10-19,UK,Desktop,Google Ads,Basic,1-10
U003284,2025-11-03,Japan,Desktop,Google Ads,Free,1-10
U003285,2025-03-05,India,Mobile,Social Media,Free,11-50
U003286,2024-04-07,Germany,Mobile,Google Ads,Free,1-10
U003287,2025-01-09,India,Desktop,Organic,Pro,11-50
U003288,2025-09-22,China,Desktop,Email,Basic,1000+
U003289,2025-11-13,US,Mobile,Google Ads,Free,1-10
U003290,2024-08-15,China,Mobile,Organic,Free,51-200
U003291,2024-03-28,Canada,Desktop,Google Ads,Free,1-10
U003292,2025-10-31,US,Desktop,Organic,Free,11-50
U003293,2025-01-11,US,Desktop,Organic,Pro,51-200
U003294,2025-04-23,China,Desktop,Organic,Pro,1-10
U003295,2025-12-16,Germany,Mobile,Google Ads,Free,11-50
U003296,2024-03-28,Germany,Mobile,Google Ads,Free,51-200
U003297,2025-06-27,US,Mobile,Google Ads,Basic,1-10
U003298,2024-04-05,India,Desktop,Organic,Free,11-50
U003299,2024-12-31,US,Mobile,Social Media,Free,1-10
U003300,2025-09-22,Germany,Desktop,Google Ads,Basic,51-200
U003301,2025-02-11,Brazil,Tablet,Organic,Basic,51-200
U003302,2025-12-30,US,Desktop,Google Ads,Basic,1-10
U003303,2025-05-04,India,Desktop,Organic,Enterprise,51-200
U003304,2024-11-21,Australia,Mobile,Organic,Free,1-10
U003305,2024-08-29,China,Desktop,Social Media,Pro,1000+
U003306,2024-12-13,France,Mobile,Google Ads,Free,1-10
U003307,2024-12-29,Germany,Mobile,Organic,Basic,11-50
U003308,2024-03-30,Brazil,Desktop,Organic,Enterprise,1-10
U003309,2024-12-27,US,Mobile,Organic,Free,11-50
U003310,2025-03-04,US,Desktop,Organic,Pro,51-200
U003311,2025-08-09,US,Desktop,Organic,Pro,201-1000
U003312,2025-07-02,Germany,Tablet,Social Media,Free,51-200
U003313,2025-08-01,France,Mobile,Google Ads,Basic,1-10
U003314,2024-01-13,UK,Desktop,Social Media,Enterprise,51-200
U003315,2024-08-27,Japan,Desktop,Google Ads,Basic,1000+
U003316,2025-07-05,China,Desktop,Google Ads,Free,1-10
U003317,2025-03-17,India,Mobile,Organic,Free,11-50
U003318,2024-01-08,UK,Tablet,Organic,Free,11-50
U003319,2025-09-23,India,Desktop,Email,Free,11-50
U003320,2025-09-06,UK,Mobile,Organic,Free,1-10
U003321,2025-04-27,US,Desktop,Organic,Free,1-10
U003322,2024-03-27,Australia,Desktop,Organic,Free,11-50
U003323,2025-09-02,US,Tablet,Google Ads,Free,1-10
U003324,2025-05-19,US,Desktop,Google Ads,Basic,11-50
U003325,2025-09-11,Canada,Desktop,Email,Free,1-10
U003326,2025-08-25,UK,Mobile,Email,Free,1-10
U003327,2025-09-22,Japan,Desktop,Social Media,Free,1-10
U003328,2025-04-08,UK,Desktop,Social Media,Free,51-200
U003329,2024-06-16,UK,Tablet,Organic,Free,1-10
U003330,2025-07-10,US,Mobile,Organic,Free,1-10
U003331,2025-06-11,UK,Mobile,Organic,Free,51-200
U003332,2025-08-20,Germany,Desktop,Organic,Pro,51-200
U003333,2024-07-15,China,Desktop,Organic,Free,201-1000
U003334,2024-08-07,India,Tablet,Organic,Enterprise,51-200
U003335,2025-11-07,Australia,Desktop,Social Media,Basic,51-200
U003336,2025-08-24,US,Desktop,Email,Free,1-10
U003337,2025-11-16,India,Desktop,Google Ads,Pro,201-1000
U003338,2025-08-29,India,Desktop,Email,Basic,51-200
U003339,2025-05-28,Canada,Desktop,Social Media,Pro,11-50
U003340,2025-07-01,US,Mobile,Social Media,Pro,51-200
U003341,2025-11-06,India,Tablet,Social Media,Free,11-50
U003342,2025-05-16,Canada,Mobile,Organic,Pro,1-10
U003343,2025-06-18,US,Mobile,Organic,Free,11-50
U003344,2024-07-02,Canada,Mobile,Email,Basic,1-10
U003345,2025-03-10,US,Mobile,Email,Free,51-200
U003346,2025-08-05,China,Desktop,Organic,Free,1-10
U003347,2024-10-12,Australia,Desktop,Organic,Pro,51-200
U003348,2024-08-14,Japan,Desktop,Social Media,Free,1-10
U003349,2024-11-15,Germany,Desktop,Organic,Free,1-10
U003350,2024-09-17,US,Desktop,Social Media,Free,1-10
U003351,2024-08-25,Canada,Desktop,Organic,Pro,51-200
U003352,2025-02-05,Germany,Desktop,Social Media,Enterprise,1-10
U003353,2025-11-16,US,Desktop,Organic,Pro,201-1000
U003354,2025-04-01,China,Desktop,Social Media,Pro,1-10
U003355,2024-07-31,India,Desktop,Organic,Basic,51-200
U003356,2024-04-09,US,Mobile,Social Media,Free,1-10
U003357,2025-07-25,US,Desktop,Email,Free,1-10
U003358,2025-01-06,US,Mobile,Social Media,Basic,1-10
U003359,2025-10-02,India,Tablet,Email,Free,11-50
U003360,2025-07-04,Japan,Mobile,Google Ads,Free,1-10
U003361,2025-09-18,India,Mobile,Email,Free,1-10
U003362,2024-10-12,France,Tablet,Google Ads,Basic,1-10
U003363,2025-07-23,Canada,Desktop,Google Ads,Free,1-10
U003364,2024-10-06,Japan,Tablet,Email,Basic,1-10
U003365,2025-12-01,US,Mobile,Organic,Basic,1-10
U003366,2025-06-20,China,Mobile,Social Media,Basic,1-10
U003367,2024-11-23,Germany,Desktop,Email,Enterprise,201-1000
U003368,2024-10-10,India,Desktop,Google Ads,Free,1-10
U003369,2024-08-03,Japan,Mobile,Email,Free,1-10
U003370,2025-07-24,UK,Mobile,Google Ads,Basic,1-10
U003371,2024-08-28,Canada,Mobile,Email,Free,1-10
U003372,2025-05-26,US,Desktop,Google Ads,Pro,11-50
U003373,2024-10-06,China,Desktop,Google Ads,Free,11-50
U003374,2025-07-05,US,Desktop,Social Media,Basic,51-200
U003375,2025-09-28,Canada,Desktop,Email,Free,1-10
U003376,2025-09-08,US,Desktop,Google Ads,Enterprise,51-200
U003377,2025-08-30,US,Desktop,Google Ads,Pro,51-200
U003378,2024-07-31,UK,Desktop,Google Ads,Pro,11-50
U003379,2024-04-22,UK,Desktop,Social Media,Pro,1000+
U003380,2025-07-26,US,Desktop,Organic,Free,11-50
U003381,2024-12-26,India,Tablet,Email,Free,1-10
U003382,2025-02-10,Germany,Mobile,Google Ads,Basic,201-1000
U003383,2024-02-13,US,Mobile,Organic,Free,1-10
U003384,2024-10-02,UK,Desktop,Organic,Free,1-10
U003385,2024-02-16,France,Mobile,Google Ads,Free,1-10
U003386,2025-11-01,China,Desktop,Google Ads,Free,1-10
U003387,2024-09-19,China,Tablet,Google Ads,Basic,51-200
U003388,2025-05-03,China,Mobile,Google Ads,Free,51-200
U003389,2024-02-23,UK,Mobile,Social Media,Basic,11-50
U003390,2025-07-08,US,Mobile,Social Media,Pro,51-200
U003391,2024-11-22,US,Desktop,Organic,Free,11-50
U003392,2025-11-11,France,Desktop,Google Ads,Free,11-50
U003393,2025-11-06,Australia,Mobile,Organic,Free,1-10
U003394,2024-11-24,India,Desktop,Google Ads,Enterprise,201-1000
U003395,2025-11-12,US,Desktop,Social Media,Basic,11-50
U003396,2025-12-30,US,Mobile,Social Media,Free,51-200
U003397,2025-10-04,UK,Desktop,Email,Basic,51-200
U003398,2025-10-14,India,Mobile,Organic,Free,1-10
U003399,2024-09-23,US,Tablet,Google Ads,Enterprise,51-200
U003400,2025-05-15,Australia,Desktop,Organic,Enterprise,1000+
U003401,2024-03-28,UK,Desktop,Organic,Basic,51-200
U003402,2024-04-29,Canada,Desktop,Social Media,Pro,51-200
U003403,2025-12-31,Brazil,Desktop,Organic,Free,1-10
U003404,2024-11-25,Brazil,Desktop,Google Ads,Basic,201-1000
U003405,2025-08-23,Japan,Desktop,Social Media,Pro,1000+
U003406,2025-09-24,Japan,Desktop,Organic,Basic,51-200
U003407,2025-10-21,Japan,Desktop,Organic,Free,1-10
U003408,2025-12-30,Japan,Mobile,Google Ads,Pro,201-1000
U003409,2024-09-17,India,Mobile,Google Ads,Free,1-10
U003410,2024-02-24,Australia,Mobile,Social Media,Basic,51-200
U003411,2025-01-26,China,Desktop,Google Ads,Free,1-10
U003412,2024-06-05,Brazil,Desktop,Google Ads,Free,11-50
U003413,2024-02-01,Canada,Mobile,Google Ads,Basic,11-50
U003414,2024-12-20,US,Desktop,Organic,Basic,51-200
U003415,2025-09-12,US,Desktop,Google Ads,Basic,11-50
U003416,2025-05-09,India,Mobile,Google Ads,Free,1-10
U003417,2024-11-14,India,Desktop,Google Ads,Free,11-50
U003418,2025-07-01,France,Desktop,Google Ads,Enterprise,201-1000
U003419,2024-09-09,Germany,Mobile,Email,Free,1-10
U003420,2024-01-21,India,Tablet,Organic,Enterprise,1000+
U003421,2025-09-01,India,Desktop,Email,Pro,51-200
U003422,2025-06-13,US,Desktop,Social Media,Enterprise,1000+
U003423,2025-08-31,Japan,Mobile,Google Ads,Pro,51-200
U003424,2024-02-23,France,Mobile,Organic,Free,11-50
U003425,2025-10-10,US,Desktop,Social Media,Enterprise,1000+
U003426,2025-06-10,India,Mobile,Google Ads,Free,11-50
U003427,2025-05-07,India,Tablet,Google Ads,Free,1000+
U003428,2025-06-13,US,Desktop,Organic,Free,1-10
U003429,2025-10-24,US,Tablet,Social Media,Free,11-50
U003430,2025-05-21,Australia,Tablet,Organic,Basic,51-200
U003431,2025-05-18,UK,Desktop,Email,Free,1-10
U003432,2025-12-27,US,Mobile,Email,Free,1-10
U003433,2025-08-28,US,Desktop,Organic,Basic,201-1000
U003434,2025-02-17,China,Mobile,Email,Free,1-10
U003435,2025-07-31,Japan,Mobile,Email,Free,1-10
U003436,2025-01-10,Japan,Desktop,Social Media,Free,1-10
U003437,2024-09-06,US,Mobile,Google Ads,Free,1-10
U003438,2025-05-27,Canada,Mobile,Social Media,Free,51-200
U003439,2025-11-26,UK,Desktop,Google Ads,Free,1-10
U003440,2025-11-26,UK,Desktop,Social Media,Basic,1-10
U003441,2024-12-07,Germany,Desktop,Social Media,Basic,51-200
U003442,2025-04-14,UK,Mobile,Social Media,Free,1-10
U003443,2024-08-22,Canada,Tablet,Organic,Free,11-50
U003444,2025-12-29,Canada,Mobile,Google Ads,Free,11-50
U003445,2025-12-22,UK,Desktop,Social Media,Enterprise,1000+
U003446,2025-06-28,Canada,Desktop,Social Media,Free,11-50
U003447,2025-09-23,Brazil,Desktop,Email,Pro,1-10
U003448,2025-08-05,Australia,Desktop,Social Media,Pro,1-10
U003449,2025-05-25,US,Desktop,Social Media,Free,1-10
U003450,2024-03-12,India,Desktop,Email,Enterprise,11-50
U003451,2025-02-25,US,Desktop,Email,Basic,11-50
U003452,2025-07-13,France,Tablet,Organic,Basic,11-50
U003453,2025-07-14,US,Mobile,Social Media,Free,1-10
U003454,2024-12-30,India,Mobile,Email,Free,1-10
U003455,2025-12-03,UK,Desktop,Social Media,Free,1-10
U003456,2024-07-12,UK,Tablet,Social Media,Free,1-10
U003457,2025-03-28,Japan,Mobile,Organic,Pro,11-50
U003458,2025-07-22,Canada,Mobile,Organic,Pro,51-200
U003459,2025-07-25,Japan,Desktop,Google Ads,Free,11-50
U003460,2025-06-27,Canada,Desktop,Google Ads,Pro,201-1000
U003461,2024-10-15,US,Desktop,Email,Basic,51-200
U003462,2024-07-01,India,Desktop,Google Ads,Free,11-50
U003463,2025-06-20,Germany,Mobile,Organic,Free,11-50
U003464,2025-05-29,US,Tablet,Organic,Free,1-10
U003465,2024-07-23,India,Desktop,Email,Basic,1-10
U003466,2025-07-30,China,Desktop,Social Media,Pro,201-1000
U003467,2025-02-26,India,Mobile,Social Media,Free,1-10
U003468,2025-07-09,China,Desktop,Email,Free,1-10
U003469,2025-10-10,India,Mobile,Google Ads,Basic,1-10
U003470,2024-07-14,US,Mobile,Organic,Basic,1-10
U003471,2024-01-28,US,Desktop,Email,Free,11-50
U003472,2025-09-09,India,Mobile,Email,Free,1-10
U003473,2025-06-04,US,Desktop,Organic,Enterprise,201-1000
U003474,2025-07-27,US,Mobile,Email,Free,1-10
U003475,2025-10-11,Germany,Mobile,Social Media,Free,11-50
U003476,2025-09-22,India,Mobile,Social Media,Pro,201-1000
U003477,2025-12-12,UK,Desktop,Email,Free,1-10
U003478,2025-04-20,China,Desktop,Email,Pro,201-1000
U003479,2025-03-20,Japan,Desktop,Organic,Free,1-10
U003480,2025-01-20,UK,Desktop,Organic,Free,11-50
U003481,2024-06-29,Brazil,Mobile,Organic,Free,11-50
U003482,2025-05-13,Japan,Desktop,Google Ads,Free,201-1000
U003483,2024-10-17,Japan,Mobile,Organic,Free,1-10
U003484,2025-11-22,India,Desktop,Social Media,Pro,1-10
U003485,2025-05-19,US,Desktop,Organic,Free,1-10
U003486,2025-05-25,China,Mobile,Social Media,Pro,11-50
U003487,2024-12-16,UK,Desktop,Organic,Basic,1-10
U003488,2024-03-10,Australia,Mobile,Google Ads,Free,1-10
U003489,2024-02-13,France,Desktop,Organic,Basic,11-50
U003490,2025-02-04,India,Tablet,Social Media,Basic,201-1000
U003491,2024-04-17,US,Mobile,Email,Free,1-10
U003492,2025-06-02,US,Mobile,Google Ads,Free,201-1000
U003493,2025-11-02,UK,Desktop,Organic,Enterprise,1000+
U003494,2025-11-03,Germany,Desktop,Organic,Basic,51-200
U003495,2025-07-03,US,Tablet,Google Ads,Free,51-200
U003496,2024-08-22,India,Mobile,Social Media,Free,11-50
U003497,2025-10-24,US,Desktop,Google Ads,Basic,51-200
U003498,2025-11-05,Australia,Desktop,Social Media,Free,1-10
U003499,2024-08-08,US,Desktop,Social Media,Pro,51-200
U003500,2025-08-17,Australia,Desktop,Social Media,Pro,1000+
U003501,2024-10-24,Canada,Mobile,Google Ads,Basic,11-50
U003502,2025-09-22,India,Desktop,Email,Free,1-10
U003503,2025-12-30,China,Desktop,Organic,Enterprise,1000+
U003504,2024-02-11,Germany,Mobile,Social Media,Free,1-10
U003505,2025-11-10,Japan,Desktop,Organic,Basic,51-200
U003506,2025-06-12,UK,Mobile,Social Media,Free,1-10
U003507,2025-12-18,UK,Tablet,Email,Free,11-50
U003508,2025-03-04,India,Desktop,Social Media,Free,1-10
U003509,2025-10-15,India,Mobile,Email,Free,51-200
U003510,2024-03-23,India,Desktop,Google Ads,Pro,11-50
U003511,2024-12-01,US,Desktop,Email,Free,11-50
U003512,2024-03-28,UK,Desktop,Google Ads,Free,1-10
U003513,2025-12-19,US,Desktop,Organic,Pro,1-10
U003514,2025-09-29,US,Desktop,Organic,Pro,11-50
U003515,2025-10-18,US,Desktop,Social Media,Free,1-10
U003516,2025-12-01,US,Mobile,Organic,Free,11-50
U003517,2024-04-18,US,Mobile,Social Media,Enterprise,51-200
U003518,2025-01-08,France,Tablet,Social Media,Basic,11-50
U003519,2024-04-02,US,Mobile,Email,Free,1-10
U003520,2024-08-21,Japan,Desktop,Social Media,Pro,201-1000
U003521,2024-09-07,US,Desktop,Google Ads,Basic,1-10
U003522,2025-03-07,Canada,Desktop,Email,Free,1-10
U003523,2024-10-10,India,Desktop,Email,Free,11-50
U003524,2024-05-06,UK,Mobile,Organic,Free,51-200
U003525,2024-07-12,India,Desktop,Social Media,Enterprise,1000+
U003526,2024-06-23,UK,Desktop,Social Media,Free,51-200
U003527,2025-12-18,India,Desktop,Social Media,Free,1-10
U003528,2025-08-29,US,Desktop,Social Media,Enterprise,1000+
U003529,2025-12-16,Australia,Desktop,Google Ads,Free,11-50
U003530,2025-02-15,Germany,Desktop,Social Media,Pro,1000+
U003531,2024-10-18,UK,Mobile,Social Media,Free,1-10
U003532,2025-09-19,China,Desktop,Email,Free,51-200
U003533,2024-11-25,UK,Mobile,Organic,Free,1-10
U003534,2024-11-04,France,Desktop,Social Media,Free,11-50
U003535,2024-09-09,Germany,Desktop,Google Ads,Basic,11-50
U003536,2024-06-05,China,Mobile,Organic,Basic,11-50
U003537,2024-09-30,US,Mobile,Google Ads,Basic,11-50
U003538,2024-12-17,France,Desktop,Organic,Pro,51-200
U003539,2025-07-12,China,Mobile,Email,Free,11-50
U003540,2024-03-23,US,Desktop,Social Media,Basic,11-50
U003541,2024-08-21,US,Desktop,Social Media,Pro,51-200
U003542,2025-09-25,UK,Mobile,Google Ads,Basic,1-10
U003543,2024-06-22,Australia,Mobile,Organic,Basic,201-1000
U003544,2024-12-07,US,Desktop,Organic,Basic,11-50
U003545,2025-10-24,Germany,Desktop,Social Media,Free,1-10
U003546,2024-06-30,US,Mobile,Social Media,Free,11-50
U003547,2024-04-15,UK,Desktop,Social Media,Free,1-10
U003548,2025-03-17,India,Desktop,Google Ads,Enterprise,11-50
U003549,2024-11-06,Australia,Desktop,Google Ads,Pro,51-200
U003550,2025-05-07,India,Tablet,Google Ads,Basic,11-50
U003551,2025-09-22,France,Desktop,Social Media,Free,1-10
U003552,2024-06-12,India,Mobile,Organic,Free,1-10
U003553,2025-05-18,US,Mobile,Google Ads,Pro,1000+
U003554,2025-03-31,UK,Desktop,Email,Pro,11-50
U003555,2024-06-19,India,Mobile,Organic,Free,1-10
U003556,2025-06-13,Australia,Tablet,Social Media,Pro,1000+
U003557,2024-10-14,Canada,Desktop,Social Media,Basic,11-50
U003558,2025-03-19,US,Desktop,Social Media,Free,11-50
U003559,2024-04-15,US,Tablet,Google Ads,Basic,1-10
U003560,2025-03-01,US,Mobile,Organic,Basic,11-50
U003561,2024-11-09,Canada,Desktop,Google Ads,Pro,51-200
U003562,2025-10-02,Canada,Mobile,Organic,Free,201-1000
U003563,2024-03-16,Brazil,Mobile,Social Media,Free,1-10
U003564,2025-01-31,UK,Mobile,Google Ads,Free,1-10
U003565,2025-02-28,India,Tablet,Social Media,Free,51-200
U003566,2025-08-10,Germany,Desktop,Organic,Basic,1000+
U003567,2025-05-14,US,Desktop,Email,Free,1-10
U003568,2025-07-08,India,Mobile,Email,Free,11-50
U003569,2025-09-08,US,Desktop,Google Ads,Free,1-10
U003570,2025-10-23,US,Mobile,Social Media,Basic,11-50
U003571,2024-11-15,Canada,Desktop,Organic,Pro,51-200
U003572,2025-04-21,Brazil,Desktop,Email,Basic,11-50
U003573,2025-10-12,Germany,Desktop,Social Media,Free,1-10
U003574,2025-12-26,India,Mobile,Email,Free,1-10
U003575,2025-11-06,UK,Mobile,Social Media,Free,1-10
U003576,2024-12-29,Brazil,Desktop,Social Media,Free,1-10
U003577,2024-08-07,Brazil,Desktop,Email,Free,1-10
U003578,2025-03-20,Brazil,Desktop,Social Media,Free,201-1000
U003579,2025-08-19,China,Mobile,Organic,Basic,51-200
U003580,2025-03-23,US,Desktop,Organic,Enterprise,201-1000
U003581,2025-03-16,UK,Mobile,Social Media,Free,51-200
U003582,2025-10-11,Germany,Desktop,Organic,Pro,51-200
U003583,2024-12-21,UK,Desktop,Social Media,Free,1-10
U003584,2025-10-22,Brazil,Mobile,Social Media,Basic,11-50
U003585,2025-01-23,UK,Desktop,Google Ads,Basic,1-10
U003586,2024-11-26,US,Desktop,Social Media,Enterprise,1000+
U003587,2025-02-25,UK,Desktop,Email,Free,201-1000
U003588,2025-08-31,Australia,Desktop,Organic,Free,1-10
U003589,2024-06-01,US,Desktop,Google Ads,Free,1-10
U003590,2024-08-08,Japan,Desktop,Organic,Basic,11-50
U003591,2025-12-08,Germany,Mobile,Google Ads,Pro,11-50
U003592,2024-07-20,US,Mobile,Email,Free,11-50
U003593,2025-05-10,India,Mobile,Google Ads,Basic,11-50
U003594,2025-05-17,China,Desktop,Google Ads,Basic,1-10
U003595,2025-03-21,India,Mobile,Social Media,Pro,201-1000
U003596,2025-06-25,Canada,Mobile,Google Ads,Free,1-10
U003597,2024-09-07,US,Desktop,Email,Free,201-1000
U003598,2025-04-30,US,Mobile,Email,Basic,11-50
U003599,2024-12-29,Australia,Tablet,Social Media,Free,11-50
U003600,2025-07-05,UK,Desktop,Email,Free,1-10
U003601,2024-06-17,India,Tablet,Organic,Free,1-10
U003602,2025-05-11,France,Desktop,Organic,Pro,201-1000
U003603,2024-07-29,UK,Desktop,Organic,Pro,51-200
U003604,2024-10-18,China,Desktop,Organic,Free,51-200
U003605,2024-08-28,US,Mobile,Google Ads,Basic,11-50
U003606,2024-07-27,US,Desktop,Email,Basic,201-1000
U003607,2025-10-04,US,Mobile,Google Ads,Pro,1000+
U003608,2024-10-24,France,Mobile,Google Ads,Free,1-10
U003609,2025-11-25,US,Mobile,Social Media,Basic,11-50
U003610,2025-12-17,China,Desktop,Google Ads,Pro,201-1000
U003611,2025-05-12,Australia,Tablet,Social Media,Free,1-10
U003612,2024-06-18,India,Mobile,Google Ads,Free,51-200
U003613,2024-12-31,India,Desktop,Google Ads,Basic,11-50
U003614,2025-09-19,Germany,Mobile,Google Ads,Free,11-50
U003615,2024-12-26,UK,Mobile,Social Media,Free,1-10
U003616,2024-04-20,Germany,Mobile,Email,Free,11-50
U003617,2025-05-03,Japan,Desktop,Organic,Free,1-10
U003618,2025-10-14,Australia,Desktop,Social Media,Free,11-50
U003619,2025-09-18,Australia,Desktop,Google Ads,Basic,11-50
U003620,2024-07-19,Canada,Desktop,Social Media,Pro,11-50
U003621,2025-07-11,Canada,Mobile,Email,Basic,201-1000
U003622,2024-08-30,Germany,Tablet,Social Media,Basic,51-200
U003623,2024-08-28,Japan,Tablet,Social Media,Basic,1000+
U003624,2025-10-29,Canada,Mobile,Email,Free,1-10
U003625,2024-09-24,UK,Mobile,Social Media,Free,11-50
U003626,2024-10-05,Australia,Desktop,Social Media,Free,11-50
U003627,2024-01-01,Germany,Mobile,Social Media,Basic,11-50
U003628,2025-10-28,Japan,Desktop,Organic,Basic,1-10
U003629,2025-09-16,China,Desktop,Google Ads,Pro,11-50
U003630,2025-06-15,Australia,Mobile,Organic,Basic,201-1000
U003631,2025-08-24,US,Desktop,Email,Free,1-10
U003632,2024-06-27,Brazil,Desktop,Google Ads,Basic,201-1000
U003633,2025-02-28,India,Mobile,Organic,Free,1-10
U003634,2024-12-14,US,Desktop,Google Ads,Free,1000+
U003635,2024-04-28,Brazil,Desktop,Google Ads,Basic,11-50
U003636,2025-03-18,India,Desktop,Organic,Enterprise,1000+
U003637,2025-11-22,China,Desktop,Organic,Pro,51-200
U003638,2024-02-24,UK,Desktop,Social Media,Enterprise,1000+
U003639,2024-10-28,India,Mobile,Google Ads,Free,1-10
U003640,2024-08-18,Japan,Desktop,Google Ads,Free,11-50
U003641,2024-09-14,Germany,Mobile,Social Media,Free,1-10
U003642,2025-11-16,US,Desktop,Google Ads,Free,11-50
U003643,2025-03-06,Australia,Desktop,Google Ads,Free,51-200
U003644,2025-03-05,India,Mobile,Google Ads,Basic,1-10
U003645,2025-08-30,China,Mobile,Google Ads,Free,11-50
U003646,2024-06-30,Germany,Mobile,Social Media,Pro,1-10
U003647,2025-03-19,UK,Tablet,Email,Pro,1000+
U003648,2025-02-08,Germany,Desktop,Google Ads,Free,201-1000
U003649,2025-05-27,Germany,Desktop,Google Ads,Pro,51-200
U003650,2025-12-31,India,Mobile,Social Media,Free,1-10
U003651,2025-09-04,India,Desktop,Organic,Basic,11-50
U003652,2025-01-17,India,Desktop,Social Media,Pro,1-10
U003653,2025-10-05,US,Desktop,Social Media,Free,1-10
U003654,2024-07-15,India,Mobile,Google Ads,Basic,1-10
U003655,2024-02-12,US,Desktop,Social Media,Pro,51-200
U003656,2024-08-16,US,Desktop,Google Ads,Pro,1-10
U003657,2024-12-05,Australia,Desktop,Google Ads,Enterprise,11-50
U003658,2025-04-03,Japan,Mobile,Google Ads,Free,1-10
U003659,2025-06-07,Japan,Desktop,Organic,Free,11-50
U003660,2025-11-17,Germany,Desktop,Email,Free,1-10
U003661,2025-04-03,Canada,Mobile,Google Ads,Free,1-10
U003662,2025-03-28,Japan,Tablet,Google Ads,Free,11-50
U003663,2024-03-08,Brazil,Mobile,Social Media,Pro,201-1000
U003664,2024-02-17,UK,Mobile,Social Media,Free,1-10
U003665,2025-04-29,Australia,Desktop,Organic,Enterprise,1000+
U003666,2025-02-14,France,Desktop,Social Media,Pro,51-200
U003667,2025-10-11,Canada,Desktop,Organic,Free,1-10
U003668,2024-07-06,US,Mobile,Google Ads,Free,1-10
U003669,2024-02-04,US,Desktop,Google Ads,Basic,11-50
U003670,2025-02-21,US,Mobile,Social Media,Free,11-50
U003671,2024-09-14,US,Tablet,Social Media,Basic,1-10
U003672,2024-03-07,Canada,Desktop,Email,Free,201-1000
U003673,2025-08-10,US,Desktop,Organic,Pro,51-200
U003674,2024-05-17,US,Desktop,Google Ads,Basic,11-50
U003675,2025-06-03,US,Desktop,Organic,Pro,1-10
U003676,2024-10-20,US,Desktop,Organic,Pro,11-50
U003677,2024-07-18,US,Mobile,Organic,Free,1-10
U003678,2025-01-04,France,Desktop,Google Ads,Free,1-10
U003679,2025-09-21,India,Desktop,Social Media,Pro,201-1000
U003680,2025-01-13,US,Desktop,Email,Enterprise,1000+
U003681,2025-08-25,Germany,Tablet,Social Media,Free,1-10
U003682,2024-06-01,Germany,Mobile,Organic,Free,1-10
U003683,2025-09-06,US,Tablet,Google Ads,Free,1-10
U003684,2024-09-13,China,Tablet,Organic,Free,1-10
U003685,2025-07-14,China,Desktop,Google Ads,Free,11-50
U003686,2025-05-08,China,Desktop,Organic,Basic,11-50
U003687,2025-11-26,China,Desktop,Social Media,Pro,201-1000
U003688,2025-01-09,US,Desktop,Google Ads,Free,201-1000
U003689,2024-03-27,Australia,Mobile,Email,Free,11-50
U003690,2024-01-28,France,Desktop,Social Media,Basic,1-10
U003691,2025-10-05,Canada,Desktop,Google Ads,Pro,51-200
U003692,2025-04-12,US,Mobile,Organic,Free,1-10
U003693,2025-09-07,Australia,Mobile,Google Ads,Pro,51-200
U003694,2024-09-11,France,Mobile,Google Ads,Free,11-50
U003695,2024-12-09,France,Desktop,Organic,Free,11-50
U003696,2024-02-11,US,Mobile,Social Media,Free,11-50
U003697,2025-12-13,China,Desktop,Organic,Pro,201-1000
U003698,2025-07-09,Australia,Desktop,Social Media,Basic,51-200
U003699,2025-11-28,China,Mobile,Organic,Basic,1-10
U003700,2024-10-07,India,Tablet,Google Ads,Basic,51-200
U003701,2025-06-05,Australia,Desktop,Email,Basic,11-50
U003702,2025-07-15,Germany,Desktop,Organic,Free,1-10
U003703,2024-11-18,India,Desktop,Social Media,Pro,1000+
U003704,2025-10-16,Germany,Desktop,Google Ads,Basic,201-1000
U003705,2025-12-05,Australia,Mobile,Email,Free,1-10
U003706,2025-11-04,US,Desktop,Social Media,Basic,51-200
U003707,2025-08-18,India,Mobile,Social Media,Basic,1-10
U003708,2024-10-17,China,Mobile,Social Media,Free,1-10
U003709,2024-10-20,France,Mobile,Organic,Free,1-10
U003710,2025-12-14,India,Desktop,Organic,Free,1-10
U003711,2024-01-15,Canada,Desktop,Social Media,Basic,11-50
U003712,2025-08-05,Australia,Desktop,Organic,Free,1-10
U003713,2025-07-31,US,Desktop,Google Ads,Free,11-50
U003714,2025-06-12,Germany,Desktop,Social Media,Free,1-10
U003715,2025-12-27,US,Mobile,Social Media,Free,1-10
U003716,2024-11-13,UK,Desktop,Organic,Enterprise,201-1000
U003717,2024-12-05,India,Mobile,Email,Free,1-10
U003718,2024-04-11,Canada,Desktop,Email,Free,1-10
U003719,2025-02-17,France,Mobile,Organic,Free,1-10
U003720,2024-10-03,US,Tablet,Social Media,Pro,11-50
U003721,2024-12-08,US,Desktop,Google Ads,Free,1-10
U003722,2025-10-09,India,Mobile,Organic,Free,1-10
U003723,2025-11-30,India,Mobile,Social Media,Free,51-200
U003724,2024-07-29,US,Mobile,Organic,Enterprise,51-200
U003725,2024-12-29,Canada,Mobile,Email,Free,11-50
U003726,2025-11-26,Canada,Desktop,Email,Free,1-10
U003727,2024-03-22,Germany,Desktop,Google Ads,Free,1-10
U003728,2024-04-26,Canada,Desktop,Social Media,Free,1-10
U003729,2024-07-08,UK,Desktop,Email,Free,51-200
U003730,2025-05-26,China,Tablet,Email,Basic,11-50
U003731,2024-06-26,Germany,Mobile,Email,Free,11-50
U003732,2025-12-16,US,Desktop,Organic,Pro,51-200
U003733,2025-02-20,Canada,Mobile,Organic,Free,1-10
U003734,2025-03-28,Germany,Mobile,Google Ads,Free,51-200
U003735,2024-09-21,China,Desktop,Social Media,Free,1-10
U003736,2025-03-08,UK,Desktop,Organic,Free,1-10
U003737,2025-07-05,US,Desktop,Organic,Pro,11-50
U003738,2025-08-25,US,Mobile,Email,Free,1-10
U003739,2025-08-26,India,Mobile,Email,Free,1-10
U003740,2025-05-16,China,Desktop,Social Media,Enterprise,201-1000
U003741,2025-11-14,UK,Desktop,Email,Free,1-10
U003742,2025-09-30,China,Mobile,Google Ads,Pro,51-200
U003743,2025-08-28,China,Tablet,Google Ads,Free,1-10
U003744,2024-03-14,China,Mobile,Social Media,Free,201-1000
U003745,2024-01-10,India,Mobile,Organic,Basic,1-10
U003746,2024-08-23,Canada,Desktop,Social Media,Basic,11-50
U003747,2025-07-06,India,Desktop,Social Media,Free,11-50
U003748,2025-01-26,Germany,Desktop,Google Ads,Pro,11-50
U003749,2025-01-20,US,Mobile,Organic,Enterprise,51-200
U003750,2025-11-04,UK,Desktop,Email,Free,1-10
U003751,2025-11-09,US,Mobile,Organic,Pro,11-50
U003752,2025-11-16,Japan,Desktop,Organic,Basic,1-10
U003753,2024-11-15,US,Mobile,Social Media,Pro,51-200
U003754,2025-07-22,UK,Desktop,Social Media,Free,1-10
U003755,2024-10-12,Brazil,Desktop,Social Media,Pro,51-200
U003756,2024-08-03,UK,Mobile,Google Ads,Free,1-10
U003757,2024-07-28,US,Desktop,Social Media,Enterprise,1000+
U003758,2024-12-07,US,Tablet,Google Ads,Basic,1-10
U003759,2025-02-08,Brazil,Mobile,Google Ads,Free,1-10
U003760,2025-10-07,US,Desktop,Organic,Free,1-10
U003761,2024-05-26,Germany,Mobile,Google Ads,Basic,1-10
U003762,2025-08-16,India,Mobile,Email,Free,11-50
U003763,2025-04-17,China,Desktop,Organic,Basic,11-50
U003764,2024-10-25,Japan,Tablet,Social Media,Free,11-50
U003765,2025-03-23,France,Desktop,Email,Pro,51-200
U003766,2024-11-04,US,Desktop,Social Media,Free,201-1000
U003767,2025-05-27,US,Mobile,Social Media,Free,1-10
U003768,2025-02-11,US,Desktop,Email,Enterprise,201-1000
U003769,2024-07-09,US,Desktop,Organic,Basic,1-10
U003770,2024-05-22,US,Desktop,Organic,Free,1-10
U003771,2025-04-26,UK,Desktop,Email,Free,1-10
U003772,2025-11-13,India,Mobile,Email,Basic,11-50
U003773,2024-12-08,China,Mobile,Social Media,Free,1-10
U003774,2025-08-15,UK,Tablet,Social Media,Basic,1-10
U003775,2025-07-03,China,Mobile,Google Ads,Basic,51-200
U003776,2025-11-28,UK,Desktop,Google Ads,Free,1000+
U003777,2025-10-02,US,Desktop,Organic,Pro,11-50
U003778,2025-05-09,India,Desktop,Organic,Basic,51-200
U003779,2025-07-02,US,Mobile,Social Media,Basic,51-200
U003780,2025-11-11,US,Desktop,Email,Free,1000+
U003781,2025-01-18,Germany,Desktop,Email,Basic,11-50
U003782,2024-11-25,Australia,Tablet,Email,Free,11-50
U003783,2024-01-16,China,Mobile,Email,Free,1-10
U003784,2025-10-04,US,Desktop,Google Ads,Enterprise,201-1000
U003785,2025-09-21,France,Desktop,Social Media,Free,11-50
U003786,2024-05-09,China,Mobile,Google Ads,Basic,51-200
U003787,2025-05-15,Japan,Mobile,Google Ads,Free,1-10
U003788,2025-03-03,France,Desktop,Social Media,Basic,51-200
U003789,2024-05-24,Germany,Desktop,Organic,Pro,51-200
U003790,2025-12-22,US,Mobile,Email,Free,1-10
U003791,2024-08-25,India,Mobile,Social Media,Pro,51-200
U003792,2024-03-28,India,Mobile,Social Media,Free,51-200
U003793,2025-05-26,India,Desktop,Google Ads,Free,201-1000
U003794,2025-08-18,India,Tablet,Google Ads,Basic,51-200
U003795,2024-02-14,Australia,Desktop,Organic,Free,1-10
U003796,2025-07-03,Canada,Desktop,Google Ads,Free,1-10
U003797,2025-04-17,Canada,Mobile,Organic,Basic,1-10
U003798,2024-05-08,France,Desktop,Organic,Free,1-10
U003799,2024-07-17,Australia,Mobile,Social Media,Free,1-10
U003800,2025-05-10,US,Desktop,Google Ads,Pro,11-50
U003801,2024-11-01,US,Mobile,Email,Free,1-10
U003802,2025-12-01,India,Desktop,Google Ads,Basic,51-200
U003803,2025-09-30,France,Mobile,Email,Free,11-50
U003804,2025-12-23,India,Desktop,Organic,Pro,201-1000
U003805,2024-10-02,Brazil,Mobile,Organic,Free,1-10
U003806,2025-12-17,US,Mobile,Google Ads,Free,1-10
U003807,2025-02-09,US,Desktop,Organic,Enterprise,201-1000
U003808,2024-12-11,China,Desktop,Google Ads,Free,1-10
U003809,2024-03-08,US,Desktop,Google Ads,Basic,11-50
U003810,2024-03-11,UK,Mobile,Email,Basic,11-50
U003811,2025-07-22,US,Desktop,Organic,Pro,201-1000
U003812,2025-02-27,UK,Desktop,Social Media,Enterprise,1000+
U003813,2024-09-04,China,Desktop,Social Media,Free,1-10
U003814,2025-06-07,UK,Tablet,Organic,Free,1-10
U003815,2024-09-27,India,Desktop,Google Ads,Pro,1000+
U003816,2025-05-16,US,Desktop,Social Media,Basic,51-200
U003817,2024-12-19,France,Mobile,Social Media,Basic,11-50
U003818,2025-10-03,UK,Mobile,Social Media,Free,11-50
U003819,2025-10-01,Japan,Desktop,Organic,Pro,1-10
U003820,2025-03-12,China,Tablet,Social Media,Basic,1-10
U003821,2024-12-13,US,Mobile,Social Media,Free,1-10
U003822,2024-12-22,Canada,Desktop,Organic,Basic,1-10
U003823,2025-09-23,Japan,Desktop,Social Media,Pro,51-200
U003824,2024-11-26,Germany,Mobile,Organic,Free,1-10
U003825,2024-08-20,US,Desktop,Social Media,Pro,201-1000
U003826,2024-04-17,Australia,Desktop,Organic,Basic,11-50
U003827,2025-03-05,Brazil,Desktop,Social Media,Free,1-10
U003828,2025-03-16,US,Mobile,Google Ads,Basic,1-10
U003829,2025-10-12,UK,Mobile,Google Ads,Free,1-10
U003830,2024-08-30,France,Mobile,Google Ads,Free,1-10
U003831,2025-01-04,China,Desktop,Social Media,Basic,51-200
U003832,2025-09-25,Brazil,Mobile,Social Media,Basic,51-200
U003833,2025-10-03,Germany,Mobile,Google Ads,Pro,51-200
U003834,2025-01-07,China,Desktop,Social Media,Free,1-10
U003835,2025-02-28,UK,Mobile,Google Ads,Free,11-50
U003836,2024-11-07,US,Desktop,Social Media,Free,1-10
U003837,2025-11-28,Japan,Mobile,Social Media,Basic,1-10
U003838,2024-05-24,Australia,Desktop,Google Ads,Free,1-10
U003839,2025-11-29,UK,Mobile,Organic,Basic,201-1000
U003840,2025-07-18,Germany,Tablet,Social Media,Free,1-10
U003841,2025-04-17,China,Tablet,Organic,Pro,1000+
U003842,2024-02-15,India,Desktop,Social Media,Basic,1-10
U003843,2025-03-11,France,Desktop,Organic,Enterprise,11-50
U003844,2025-01-24,Brazil,Desktop,Google Ads,Free,11-50
U003845,2024-07-06,US,Mobile,Google Ads,Free,1-10
U003846,2025-07-02,Australia,Mobile,Google Ads,Basic,11-50
U003847,2025-12-17,Brazil,Desktop,Social Media,Pro,11-50
U003848,2025-05-06,Canada,Desktop,Email,Free,1-10
U003849,2025-08-04,Japan,Tablet,Google Ads,Enterprise,51-200
U003850,2024-03-30,Canada,Desktop,Social Media,Free,11-50
U003851,2025-01-31,US,Desktop,Google Ads,Free,11-50
U003852,2024-05-22,UK,Desktop,Google Ads,Basic,201-1000
U003853,2025-06-06,Canada,Desktop,Google Ads,Basic,51-200
U003854,2025-12-01,US,Mobile,Organic,Basic,11-50
U003855,2025-07-05,US,Tablet,Social Media,Free,11-50
U003856,2024-04-08,Brazil,Mobile,Email,Free,51-200
U003857,2024-12-16,France,Desktop,Social Media,Basic,1-10
U003858,2025-04-29,US,Mobile,Google Ads,Free,1-10
U003859,2025-01-20,Canada,Desktop,Google Ads,Enterprise,1000+
U003860,2025-10-08,China,Desktop,Google Ads,Pro,11-50
U003861,2025-09-28,India,Tablet,Organic,Basic,201-1000
U003862,2025-06-05,France,Desktop,Google Ads,Free,1-10
U003863,2024-12-30,Germany,Desktop,Organic,Enterprise,201-1000
U003864,2024-09-29,US,Tablet,Google Ads,Free,11-50
U003865,2024-05-11,US,Desktop,Google Ads,Free,1-10
U003866,2024-12-16,India,Mobile,Organic,Free,201-1000
U003867,2025-01-28,India,Tablet,Google Ads,Free,201-1000
U003868,2025-07-13,France,Desktop,Social Media,Pro,51-200
U003869,2025-07-03,France,Desktop,Organic,Basic,1-10
U003870,2024-04-01,India,Desktop,Social Media,Enterprise,51-200
U003871,2025-01-15,Brazil,Desktop,Organic,Free,1-10
U003872,2024-07-26,US,Desktop,Social Media,Basic,51-200
U003873,2024-07-02,US,Mobile,Social Media,Enterprise,51-200
U003874,2025-10-05,Canada,Desktop,Google Ads,Pro,11-50
U003875,2024-02-26,US,Desktop,Google Ads,Pro,1-10
U003876,2025-02-01,US,Mobile,Google Ads,Free,1-10
U003877,2024-07-13,China,Mobile,Organic,Basic,51-200
U003878,2025-11-01,Germany,Mobile,Email,Free,1-10
U003879,2025-05-03,Canada,Desktop,Google Ads,Basic,1-10
U003880,2024-09-08,US,Mobile,Organic,Basic,11-50
U003881,2025-03-29,US,Mobile,Google Ads,Free,11-50
U003882,2025-08-14,UK,Desktop,Organic,Pro,201-1000
U003883,2025-12-11,India,Desktop,Google Ads,Basic,51-200
U003884,2024-08-30,UK,Desktop,Social Media,Free,1-10
U003885,2025-11-05,India,Mobile,Social Media,Free,1-10
U003886,2025-11-29,Canada,Desktop,Email,Basic,1000+
U003887,2025-11-20,Canada,Tablet,Social Media,Free,201-1000
U003888,2025-06-20,US,Mobile,Organic,Free,11-50
U003889,2025-06-16,Germany,Tablet,Email,Free,11-50
U003890,2025-01-20,India,Desktop,Email,Free,201-1000
U003891,2025-08-25,Australia,Desktop,Google Ads,Enterprise,201-1000
U003892,2025-04-17,Australia,Desktop,Social Media,Free,1-10
U003893,2025-07-14,US,Desktop,Organic,Basic,11-50
U003894,2025-02-07,China,Mobile,Google Ads,Basic,201-1000
U003895,2025-08-14,UK,Desktop,Organic,Free,11-50
U003896,2025-10-03,US,Desktop,Organic,Enterprise,1000+
U003897,2024-06-22,US,Desktop,Social Media,Basic,11-50
U003898,2025-10-08,Germany,Desktop,Organic,Enterprise,11-50
U003899,2025-04-22,India,Mobile,Organic,Free,1-10
U003900,2025-10-14,US,Mobile,Social Media,Free,201-1000
U003901,2025-02-09,China,Mobile,Organic,Free,1-10
U003902,2025-01-03,US,Desktop,Organic,Free,1-10
U003903,2025-11-19,India,Tablet,Organic,Pro,1000+
U003904,2024-09-25,UK,Mobile,Organic,Free,1-10
U003905,2025-10-14,US,Desktop,Google Ads,Basic,51-200
U003906,2025-03-17,Germany,Desktop,Google Ads,Free,1-10
U003907,2025-04-06,US,Tablet,Social Media,Pro,11-50
U003908,2024-11-11,India,Mobile,Social Media,Basic,11-50
U003909,2025-05-13,US,Mobile,Organic,Free,1000+
U003910,2024-11-24,India,Desktop,Organic,Free,1-10
U003911,2024-02-23,US,Desktop,Organic,Pro,201-1000
U003912,2024-10-13,China,Mobile,Social Media,Free,1-10
U003913,2024-01-10,Brazil,Mobile,Google Ads,Free,1-10
U003914,2025-12-21,US,Desktop,Google Ads,Basic,11-50
U003915,2025-12-15,Germany,Mobile,Social Media,Enterprise,1000+
U003916,2025-01-15,US,Desktop,Organic,Enterprise,201-1000
U003917,2025-08-12,India,Mobile,Google Ads,Free,1-10
U003918,2024-12-09,US,Tablet,Social Media,Basic,51-200
U003919,2025-07-10,India,Mobile,Google Ads,Enterprise,11-50
U003920,2025-09-23,India,Desktop,Social Media,Basic,1-10
U003921,2025-12-05,Canada,Desktop,Google Ads,Free,1-10
U003922,2025-01-18,India,Mobile,Email,Basic,11-50
U003923,2025-09-11,India,Mobile,Email,Free,1-10
U003924,2024-10-08,Germany,Desktop,Social Media,Free,51-200
U003925,2025-12-27,Australia,Tablet,Social Media,Basic,11-50
U003926,2024-02-05,Brazil,Desktop,Organic,Free,1-10
U003927,2025-05-31,US,Desktop,Email,Free,11-50
U003928,2025-07-04,France,Desktop,Social Media,Basic,1-10
U003929,2025-07-20,Germany,Desktop,Organic,Basic,201-1000
U003930,2024-05-26,France,Desktop,Social Media,Enterprise,51-200
U003931,2025-12-01,France,Tablet,Organic,Free,1-10
U003932,2024-07-25,US,Desktop,Social Media,Basic,11-50
U003933,2025-06-12,China,Desktop,Google Ads,Free,1-10
U003934,2024-09-01,US,Mobile,Social Media,Basic,1-10
U003935,2024-11-10,US,Mobile,Organic,Basic,11-50
U003936,2025-04-26,US,Mobile,Email,Free,1-10
U003937,2025-01-30,China,Desktop,Google Ads,Free,1-10
U003938,2024-07-05,US,Mobile,Google Ads,Free,1-10
U003939,2024-07-16,US,Desktop,Social Media,Basic,11-50
U003940,2025-01-31,China,Desktop,Google Ads,Free,1-10
U003941,2025-08-28,US,Desktop,Social Media,Basic,1-10
U003942,2025-11-11,US,Desktop,Organic,Basic,11-50
U003943,2024-04-17,US,Desktop,Organic,Enterprise,1000+
U003944,2025-01-13,UK,Mobile,Social Media,Pro,51-200
U003945,2024-05-05,Germany,Desktop,Organic,Pro,51-200
U003946,2024-01-24,US,Mobile,Email,Basic,1-10
U003947,2025-07-05,Australia,Desktop,Organic,Pro,51-200
U003948,2025-05-31,China,Desktop,Social Media,Enterprise,1000+
U003949,2024-07-08,UK,Desktop,Social Media,Free,1-10
U003950,2024-09-10,UK,Tablet,Social Media,Basic,1-10
U003951,2024-02-03,Germany,Mobile,Google Ads,Basic,1-10
U003952,2025-10-09,Japan,Tablet,Organic,Basic,201-1000
U003953,2025-12-19,US,Mobile,Google Ads,Free,11-50
U003954,2024-06-11,US,Mobile,Social Media,Free,1-10
U003955,2024-09-08,Canada,Mobile,Google Ads,Free,1-10
U003956,2025-10-26,US,Mobile,Google Ads,Free,51-200
U003957,2025-11-25,UK,Desktop,Email,Free,1-10
U003958,2025-02-01,Canada,Desktop,Google Ads,Basic,11-50
U003959,2024-03-08,China,Desktop,Google Ads,Pro,201-1000
U003960,2024-02-23,UK,Desktop,Social Media,Pro,51-200
U003961,2025-05-13,China,Desktop,Social Media,Pro,1-10
U003962,2025-01-13,US,Desktop,Google Ads,Pro,11-50
U003963,2024-02-09,China,Desktop,Email,Free,51-200
U003964,2025-05-19,India,Desktop,Organic,Free,1-10
U003965,2024-01-17,France,Tablet,Social Media,Free,11-50
U003966,2025-09-14,Australia,Desktop,Google Ads,Enterprise,201-1000
U003967,2024-11-09,Canada,Desktop,Social Media,Free,51-200
U003968,2024-02-24,Canada,Mobile,Social Media,Basic,201-1000
U003969,2025-05-22,India,Desktop,Social Media,Basic,11-50
U003970,2025-01-17,UK,Desktop,Google Ads,Enterprise,201-1000
U003971,2025-12-19,Germany,Desktop,Email,Free,11-50
U003972,2025-04-25,China,Desktop,Social Media,Pro,51-200
U003973,2024-10-15,Canada,Desktop,Organic,Free,1-10
U003974,2025-08-01,US,Desktop,Organic,Free,11-50
U003975,2024-10-12,Canada,Desktop,Organic,Basic,1-10
U003976,2025-11-14,France,Mobile,Google Ads,Enterprise,201-1000
U003977,2024-12-31,Australia,Mobile,Social Media,Free,11-50
U003978,2025-04-28,Canada,Mobile,Organic,Pro,11-50
U003979,2024-03-08,US,Desktop,Google Ads,Pro,51-200
U003980,2025-02-06,US,Desktop,Google Ads,Pro,1000+
U003981,2025-10-08,US,Mobile,Organic,Free,11-50
U003982,2025-09-23,US,Desktop,Social Media,Basic,201-1000
U003983,2024-09-02,Japan,Mobile,Email,Free,11-50
U003984,2024-09-04,France,Desktop,Social Media,Enterprise,1000+
U003985,2025-09-30,Canada,Mobile,Google Ads,Pro,51-200
U003986,2025-11-27,Japan,Desktop,Social Media,Pro,11-50
U003987,2024-04-29,US,Desktop,Google Ads,Free,1-10
U003988,2025-02-22,US,Mobile,Google Ads,Free,1-10
U003989,2024-12-03,US,Mobile,Google Ads,Pro,1000+
U003990,2025-10-28,UK,Desktop,Email,Free,1-10
U003991,2024-04-16,India,Tablet,Email,Basic,1-10
U003992,2024-08-21,US,Desktop,Google Ads,Free,11-50
U003993,2025-08-25,UK,Desktop,Organic,Basic,11-50
U003994,2024-03-09,US,Mobile,Social Media,Pro,1-10
U003995,2025-03-22,Japan,Mobile,Google Ads,Free,1-10
U003996,2025-02-17,Germany,Tablet,Google Ads,Free,11-50
U003997,2024-12-01,India,Desktop,Organic,Enterprise,201-1000
U003998,2025-01-14,Germany,Desktop,Organic,Pro,11-50
U003999,2025-04-16,Australia,Mobile,Google Ads,Basic,11-50
U004000,2024-07-06,US,Desktop,Organic,Pro,11-50
U004001,2025-05-12,India,Desktop,Social Media,Free,1-10
U004002,2025-09-23,China,Desktop,Google Ads,Free,201-1000
U004003,2025-08-30,India,Desktop,Google Ads,Basic,11-50
U004004,2024-06-29,Canada,Desktop,Organic,Basic,1-10
U004005,2024-06-25,UK,Desktop,Organic,Basic,201-1000
U004006,2024-10-09,Germany,Mobile,Organic,Basic,51-200
U004007,2024-12-21,US,Mobile,Organic,Free,1-10
U004008,2025-01-24,Japan,Desktop,Google Ads,Basic,11-50
U004009,2025-07-15,US,Desktop,Social Media,Free,51-200
U004010,2024-03-16,US,Desktop,Organic,Free,1-10
U004011,2024-02-17,India,Desktop,Organic,Basic,11-50
U004012,2025-01-12,India,Mobile,Organic,Pro,51-200
U004013,2025-07-25,US,Tablet,Email,Free,1-10
U004014,2024-08-05,China,Mobile,Social Media,Basic,11-50
U004015,2025-06-23,Japan,Mobile,Email,Free,1-10
U004016,2024-10-02,US,Desktop,Google Ads,Free,1-10
U004017,2025-11-05,Germany,Desktop,Social Media,Basic,51-200
U004018,2025-11-09,China,Tablet,Google Ads,Pro,11-50
U004019,2024-11-02,India,Tablet,Organic,Basic,11-50
U004020,2024-09-07,UK,Desktop,Google Ads,Free,1-10
U004021,2025-01-26,UK,Desktop,Organic,Pro,201-1000
U004022,2024-09-16,Japan,Mobile,Google Ads,Free,1-10
U004023,2025-07-11,Australia,Desktop,Organic,Free,11-50
U004024,2025-10-04,China,Mobile,Google Ads,Free,1-10
U004025,2025-07-12,US,Mobile,Organic,Free,11-50
U004026,2025-10-03,Germany,Desktop,Email,Free,11-50
U004027,2025-01-16,Canada,Tablet,Social Media,Free,51-200
U004028,2024-07-01,US,Tablet,Google Ads,Free,1-10
U004029,2025-08-17,Australia,Tablet,Social Media,Free,1-10
U004030,2024-12-20,Australia,Desktop,Social Media,Enterprise,51-200
U004031,2025-07-11,US,Desktop,Google Ads,Basic,11-50
U004032,2024-10-11,Australia,Mobile,Email,Basic,11-50
U004033,2024-04-14,UK,Desktop,Organic,Basic,1-10
U004034,2025-12-28,France,Desktop,Email,Free,201-1000
U004035,2024-07-01,Germany,Desktop,Google Ads,Basic,51-200
U004036,2025-12-26,Germany,Mobile,Google Ads,Basic,1-10
U004037,2025-12-20,Japan,Desktop,Social Media,Free,1-10
U004038,2025-09-17,Brazil,Desktop,Social Media,Free,11-50
U004039,2025-07-04,US,Desktop,Email,Free,1-10
U004040,2025-05-16,India,Mobile,Social Media,Free,1-10
U004041,2025-10-25,US,Mobile,Social Media,Free,1-10
U004042,2024-10-27,UK,Desktop,Organic,Free,1-10
U004043,2025-03-06,UK,Tablet,Organic,Free,11-50
U004044,2025-06-10,Germany,Desktop,Google Ads,Basic,1000+
U004045,2025-01-26,UK,Mobile,Google Ads,Free,1-10
U004046,2025-02-07,US,Mobile,Google Ads,Basic,11-50
U004047,2024-11-28,US,Mobile,Organic,Basic,11-50
U004048,2025-05-07,US,Desktop,Social Media,Basic,51-200
U004049,2025-10-17,Germany,Tablet,Social Media,Free,51-200
U004050,2024-08-13,Australia,Tablet,Social Media,Basic,1-10
U004051,2025-11-29,US,Mobile,Email,Free,51-200
U004052,2025-07-21,Australia,Desktop,Google Ads,Free,1-10
U004053,2025-10-03,China,Desktop,Organic,Basic,1-10
U004054,2025-05-02,Japan,Mobile,Email,Free,11-50
U004055,2025-09-09,Japan,Desktop,Social Media,Free,1-10
U004056,2024-01-23,France,Mobile,Google Ads,Free,1-10
U004057,2025-09-30,US,Desktop,Organic,Free,11-50
U004058,2024-02-24,India,Mobile,Google Ads,Free,1-10
U004059,2025-11-06,China,Desktop,Organic,Enterprise,51-200
U004060,2025-12-28,India,Desktop,Social Media,Basic,11-50
U004061,2024-10-30,France,Desktop,Organic,Basic,1-10
U004062,2024-08-21,US,Desktop,Organic,Pro,1-10
U004063,2025-09-02,China,Desktop,Organic,Pro,1-10
U004064,2024-09-27,India,Mobile,Organic,Pro,201-1000
U004065,2025-10-25,UK,Mobile,Organic,Pro,1000+
U004066,2024-05-08,UK,Mobile,Google Ads,Basic,1-10
U004067,2024-06-01,Japan,Mobile,Organic,Enterprise,51-200
U004068,2025-12-21,Canada,Desktop,Google Ads,Free,11-50
U004069,2025-07-12,India,Desktop,Organic,Pro,1000+
U004070,2025-10-15,France,Desktop,Email,Pro,11-50
U004071,2024-11-23,Germany,Mobile,Email,Free,51-200
U004072,2025-07-14,US,Desktop,Organic,Enterprise,201-1000
U004073,2025-05-26,US,Desktop,Google Ads,Free,201-1000
U004074,2025-05-31,US,Mobile,Organic,Free,1-10
U004075,2025-07-17,UK,Tablet,Email,Enterprise,1000+
U004076,2025-05-14,UK,Mobile,Social Media,Free,1-10
U004077,2025-02-08,China,Mobile,Organic,Basic,201-1000
U004078,2024-10-16,Brazil,Mobile,Social Media,Free,1-10
U004079,2025-09-03,US,Desktop,Organic,Pro,51-200
U004080,2024-09-04,US,Mobile,Social Media,Pro,201-1000
U004081,2025-07-23,US,Mobile,Google Ads,Free,11-50
U004082,2024-09-10,India,Desktop,Social Media,Free,11-50
U004083,2025-06-14,US,Desktop,Social Media,Free,1-10
U004084,2025-08-22,US,Desktop,Organic,Enterprise,1000+
U004085,2024-08-28,Australia,Desktop,Organic,Pro,1000+
U004086,2024-03-20,France,Mobile,Organic,Free,1-10
U004087,2024-06-06,US,Desktop,Google Ads,Free,1-10
U004088,2025-06-02,Germany,Desktop,Organic,Pro,201-1000
U004089,2025-10-17,UK,Mobile,Google Ads,Basic,11-50
U004090,2024-03-01,France,Desktop,Social Media,Free,11-50
U004091,2025-08-15,India,Desktop,Organic,Free,51-200
U004092,2024-12-06,US,Mobile,Google Ads,Basic,51-200
U004093,2025-03-13,China,Desktop,Social Media,Basic,51-200
U004094,2025-11-26,UK,Mobile,Social Media,Enterprise,1000+
U004095,2024-11-29,US,Desktop,Google Ads,Basic,51-200
U004096,2025-03-04,UK,Desktop,Social Media,Pro,201-1000
U004097,2024-01-20,India,Desktop,Social Media,Basic,1-10
U004098,2024-04-14,UK,Desktop,Google Ads,Enterprise,51-200
U004099,2024-10-01,US,Tablet,Google Ads,Free,1-10
U004100,2024-02-08,UK,Tablet,Organic,Free,11-50
U004101,2025-06-17,US,Mobile,Social Media,Free,1-10
U004102,2025-02-06,Brazil,Desktop,Organic,Enterprise,11-50
U004103,2025-04-27,US,Tablet,Organic,Basic,11-50
U004104,2024-07-19,US,Mobile,Google Ads,Free,11-50
U004105,2024-11-01,Japan,Desktop,Email,Free,51-200
U004106,2025-07-06,Brazil,Mobile,Email,Free,51-200
U004107,2025-12-14,France,Desktop,Organic,Free,1-10
U004108,2024-03-08,India,Desktop,Social Media,Free,1-10
U004109,2025-11-07,US,Mobile,Google Ads,Free,1-10
U004110,2025-05-15,China,Mobile,Organic,Basic,11-50
U004111,2025-05-07,China,Desktop,Google Ads,Pro,51-200
U004112,2025-03-28,US,Desktop,Google Ads,Enterprise,201-1000
U004113,2024-03-31,Canada,Tablet,Email,Free,1-10
U004114,2024-04-23,US,Mobile,Organic,Basic,11-50
U004115,2025-05-30,Australia,Desktop,Organic,Free,1-10
U004116,2024-12-06,Canada,Desktop,Google Ads,Free,1-10
U004117,2025-11-20,China,Desktop,Google Ads,Free,1-10
U004118,2025-01-23,Australia,Tablet,Email,Free,1-10
U004119,2024-06-19,China,Desktop,Organic,Free,1-10
U004120,2025-08-04,US,Desktop,Google Ads,Free,1-10
U004121,2024-10-30,Germany,Desktop,Google Ads,Basic,11-50
U004122,2025-04-13,US,Mobile,Organic,Free,1000+
U004123,2025-07-26,UK,Mobile,Social Media,Basic,11-50
U004124,2025-11-12,Brazil,Mobile,Google Ads,Free,11-50
U004125,2025-09-16,UK,Desktop,Organic,Free,51-200
U004126,2025-07-14,UK,Desktop,Organic,Free,1-10
U004127,2025-07-15,India,Tablet,Google Ads,Free,1-10
U004128,2025-12-05,Canada,Tablet,Social Media,Free,1-10
U004129,2024-11-01,US,Tablet,Email,Free,1-10
U004130,2024-01-02,UK,Tablet,Social Media,Pro,51-200
U004131,2024-10-12,US,Mobile,Organic,Free,1-10
U004132,2024-08-27,China,Mobile,Email,Free,51-200
U004133,2025-07-05,US,Mobile,Email,Basic,1-10
U004134,2025-06-19,China,Mobile,Organic,Free,51-200
U004135,2025-05-25,US,Desktop,Google Ads,Free,51-200
U004136,2024-01-24,US,Desktop,Organic,Basic,1000+
U004137,2025-08-12,Australia,Tablet,Organic,Basic,51-200
U004138,2024-11-22,US,Desktop,Organic,Basic,1-10
U004139,2025-07-07,Germany,Mobile,Organic,Basic,51-200
U004140,2025-05-03,US,Desktop,Google Ads,Free,1-10
U004141,2024-12-07,India,Desktop,Google Ads,Free,51-200
U004142,2024-06-10,India,Desktop,Email,Free,1-10
U004143,2024-04-28,UK,Desktop,Google Ads,Pro,11-50
U004144,2025-10-07,US,Desktop,Social Media,Enterprise,1000+
U004145,2025-11-21,UK,Desktop,Google Ads,Free,1-10
U004146,2025-06-28,China,Mobile,Email,Free,1-10
U004147,2024-05-08,Brazil,Desktop,Google Ads,Free,1-10
U004148,2025-01-20,India,Desktop,Google Ads,Free,11-50
U004149,2025-08-12,India,Desktop,Email,Free,11-50
U004150,2025-09-09,US,Mobile,Organic,Basic,11-50
U004151,2024-05-24,US,Mobile,Google Ads,Pro,201-1000
U004152,2024-01-01,US,Mobile,Email,Free,1-10
U004153,2025-08-03,US,Desktop,Email,Free,1-10
U004154,2024-12-18,US,Desktop,Organic,Free,11-50
U004155,2024-09-28,India,Mobile,Social Media,Free,11-50
U004156,2024-01-19,India,Mobile,Google Ads,Free,1-10
U004157,2025-04-22,Australia,Desktop,Organic,Pro,1-10
U004158,2025-10-17,US,Desktop,Google Ads,Free,1-10
U004159,2025-12-11,Japan,Desktop,Organic,Enterprise,51-200
U004160,2025-05-08,France,Desktop,Social Media,Basic,11-50
U004161,2025-04-06,India,Mobile,Social Media,Basic,1-10
U004162,2024-04-18,US,Desktop,Social Media,Basic,11-50
U004163,2025-04-28,US,Desktop,Social Media,Pro,11-50
U004164,2025-01-04,US,Desktop,Social Media,Basic,51-200
U004165,2025-06-03,UK,Tablet,Organic,Free,51-200
U004166,2025-01-10,Brazil,Mobile,Organic,Free,1-10
U004167,2024-09-16,US,Mobile,Organic,Pro,51-200
U004168,2024-04-29,US,Desktop,Organic,Free,201-1000
U004169,2024-11-16,China,Mobile,Google Ads,Free,1-10
U004170,2024-05-01,Brazil,Desktop,Google Ads,Free,1000+
U004171,2024-07-21,Germany,Desktop,Organic,Free,1-10
U004172,2025-12-25,China,Desktop,Organic,Free,51-200
U004173,2025-02-18,UK,Mobile,Google Ads,Free,1-10
U004174,2025-04-17,US,Desktop,Social Media,Pro,1-10
U004175,2025-10-29,UK,Mobile,Email,Free,201-1000
U004176,2025-12-29,India,Desktop,Google Ads,Pro,1000+
U004177,2025-05-19,Australia,Desktop,Social Media,Pro,51-200
U004178,2025-09-27,US,Desktop,Organic,Free,201-1000
U004179,2024-11-25,India,Desktop,Social Media,Basic,1-10
U004180,2024-11-09,UK,Desktop,Organic,Pro,51-200
U004181,2025-01-20,India,Desktop,Organic,Pro,11-50
U004182,2025-07-11,US,Desktop,Organic,Pro,11-50
U004183,2025-07-17,UK,Desktop,Google Ads,Pro,201-1000
U004184,2024-11-16,France,Desktop,Social Media,Free,1-10
U004185,2024-06-08,India,Desktop,Organic,Pro,1-10
U004186,2025-06-18,Germany,Desktop,Google Ads,Free,1-10
U004187,2024-06-03,US,Desktop,Social Media,Basic,1-10
U004188,2025-05-16,US,Desktop,Social Media,Free,11-50
U004189,2025-07-23,UK,Mobile,Organic,Pro,11-50
U004190,2025-07-27,France,Desktop,Google Ads,Basic,51-200
U004191,2025-08-26,Australia,Desktop,Email,Free,1-10
U004192,2025-10-29,Germany,Tablet,Organic,Pro,51-200
U004193,2025-03-27,UK,Mobile,Organic,Pro,11-50
U004194,2025-08-13,France,Tablet,Organic,Pro,51-200
U004195,2025-06-10,Germany,Mobile,Organic,Free,1-10
U004196,2024-07-30,India,Desktop,Social Media,Enterprise,201-1000
U004197,2024-02-05,US,Desktop,Google Ads,Basic,11-50
U004198,2024-10-23,Brazil,Mobile,Email,Free,51-200
U004199,2025-02-17,India,Tablet,Organic,Enterprise,11-50
U004200,2025-06-09,France,Mobile,Social Media,Free,11-50
U004201,2025-10-17,Brazil,Mobile,Google Ads,Free,1-10
U004202,2024-08-08,US,Desktop,Social Media,Basic,1-10
U004203,2024-06-01,China,Desktop,Social Media,Pro,11-50
U004204,2025-12-14,France,Tablet,Organic,Free,1-10
U004205,2024-05-13,UK,Mobile,Social Media,Basic,11-50
U004206,2025-03-13,US,Tablet,Social Media,Basic,1000+
U004207,2025-05-21,US,Mobile,Google Ads,Free,1-10
U004208,2025-04-23,Germany,Desktop,Google Ads,Pro,51-200
U004209,2024-04-19,UK,Desktop,Organic,Free,1-10
U004210,2024-03-16,India,Tablet,Organic,Basic,11-50
U004211,2024-05-10,US,Mobile,Email,Free,1-10
U004212,2025-05-21,Canada,Desktop,Social Media,Basic,51-200
U004213,2025-04-25,US,Desktop,Email,Free,1-10
U004214,2024-09-10,US,Desktop,Organic,Free,11-50
U004215,2025-06-21,India,Desktop,Social Media,Pro,11-50
U004216,2025-10-01,India,Mobile,Social Media,Free,1-10
U004217,2024-02-26,US,Desktop,Email,Free,1-10
U004218,2025-03-26,US,Desktop,Organic,Free,1-10
U004219,2025-07-21,US,Mobile,Organic,Free,1-10
U004220,2024-09-26,China,Desktop,Social Media,Pro,11-50
U004221,2024-11-10,Brazil,Mobile,Email,Free,1-10
U004222,2025-06-07,Germany,Desktop,Email,Free,11-50
U004223,2025-11-11,China,Tablet,Email,Free,1-10
U004224,2025-09-26,China,Desktop,Email,Basic,51-200
U004225,2025-05-19,US,Desktop,Organic,Free,1-10
U004226,2025-08-13,Australia,Mobile,Organic,Free,51-200
U004227,2024-12-24,France,Mobile,Organic,Pro,51-200
U004228,2025-06-23,US,Desktop,Social Media,Pro,11-50
U004229,2025-03-05,US,Tablet,Google Ads,Basic,1000+
U004230,2024-08-02,US,Desktop,Email,Free,1-10
U004231,2025-07-28,US,Tablet,Organic,Pro,51-200
U004232,2025-05-02,Brazil,Desktop,Google Ads,Basic,11-50
U004233,2024-12-19,Germany,Desktop,Email,Pro,51-200
U004234,2025-11-17,Brazil,Desktop,Social Media,Enterprise,1000+
U004235,2024-01-30,Brazil,Desktop,Organic,Enterprise,1000+
U004236,2024-11-16,Japan,Desktop,Social Media,Enterprise,1000+
U004237,2024-03-16,China,Desktop,Social Media,Free,201-1000
U004238,2025-09-02,US,Desktop,Google Ads,Pro,51-200
U004239,2025-07-28,UK,Desktop,Social Media,Free,1-10
U004240,2024-11-28,Japan,Desktop,Organic,Enterprise,1000+
U004241,2025-07-13,US,Mobile,Email,Free,1-10
U004242,2025-01-15,US,Mobile,Social Media,Basic,1-10
U004243,2025-08-28,Canada,Mobile,Social Media,Free,1-10
U004244,2025-02-25,China,Tablet,Email,Basic,201-1000
U004245,2025-01-27,US,Mobile,Organic,Free,1-10
U004246,2025-11-29,China,Tablet,Organic,Free,11-50
U004247,2024-09-25,France,Desktop,Google Ads,Pro,51-200
U004248,2024-05-26,UK,Desktop,Organic,Pro,11-50
U004249,2025-05-20,US,Desktop,Google Ads,Free,11-50
U004250,2025-12-16,Australia,Desktop,Organic,Basic,201-1000
U004251,2025-01-02,UK,Mobile,Organic,Free,1-10
U004252,2024-03-22,US,Mobile,Social Media,Basic,11-50
U004253,2024-12-05,India,Desktop,Organic,Enterprise,201-1000
U004254,2025-03-31,Brazil,Mobile,Google Ads,Basic,51-200
U004255,2024-07-07,US,Desktop,Google Ads,Free,1-10
U004256,2025-07-03,US,Desktop,Email,Free,1-10
U004257,2025-12-30,US,Mobile,Google Ads,Pro,201-1000
U004258,2025-02-23,Australia,Tablet,Organic,Free,1-10
U004259,2024-12-16,US,Mobile,Google Ads,Free,1-10
U004260,2025-01-19,India,Mobile,Google Ads,Free,51-200
U004261,2024-05-21,Canada,Desktop,Google Ads,Pro,1000+
U004262,2025-11-03,US,Desktop,Google Ads,Pro,1000+
U004263,2025-01-29,Australia,Desktop,Google Ads,Free,1-10
U004264,2025-01-09,Australia,Mobile,Social Media,Basic,201-1000
U004265,2025-07-04,Canada,Desktop,Google Ads,Basic,51-200
U004266,2025-02-17,US,Desktop,Organic,Free,1-10
U004267,2025-06-27,Japan,Tablet,Organic,Free,11-50
U004268,2024-03-21,Brazil,Mobile,Google Ads,Free,1-10
U004269,2025-09-28,Australia,Mobile,Organic,Free,11-50
U004270,2025-12-02,US,Desktop,Organic,Pro,201-1000
U004271,2025-06-27,Brazil,Desktop,Organic,Free,11-50
U004272,2025-12-09,UK,Desktop,Google Ads,Free,1-10
U004273,2024-06-27,US,Mobile,Social Media,Free,11-50
U004274,2025-03-12,Germany,Desktop,Google Ads,Free,1-10
U004275,2025-05-30,France,Mobile,Social Media,Free,51-200
U004276,2025-05-18,Germany,Tablet,Social Media,Free,11-50
U004277,2025-01-19,India,Desktop,Social Media,Pro,1-10
U004278,2024-12-04,Australia,Desktop,Google Ads,Enterprise,51-200
U004279,2024-06-02,UK,Mobile,Social Media,Basic,11-50
U004280,2025-01-12,Japan,Tablet,Email,Free,1-10
U004281,2024-07-08,UK,Mobile,Email,Basic,51-200
U004282,2025-08-15,UK,Desktop,Google Ads,Free,1-10
U004283,2024-08-19,China,Desktop,Email,Free,11-50
U004284,2024-03-18,Australia,Mobile,Social Media,Free,1-10
U004285,2025-04-30,India,Mobile,Social Media,Free,1-10
U004286,2025-05-26,Brazil,Desktop,Google Ads,Enterprise,1000+
U004287,2025-10-28,US,Desktop,Google Ads,Free,11-50
U004288,2025-05-15,US,Mobile,Email,Free,1-10
U004289,2024-12-09,India,Desktop,Google Ads,Free,201-1000
U004290,2025-09-22,US,Mobile,Email,Free,1-10
U004291,2025-04-22,US,Desktop,Social Media,Pro,201-1000
U004292,2024-04-11,India,Mobile,Google Ads,Free,1-10
U004293,2025-05-08,US,Mobile,Google Ads,Basic,1-10
U004294,2025-11-16,US,Desktop,Google Ads,Pro,11-50
U004295,2025-01-16,India,Mobile,Social Media,Basic,1-10
U004296,2024-11-01,India,Mobile,Google Ads,Free,51-200
U004297,2024-06-19,Canada,Tablet,Email,Free,51-200
U004298,2024-06-27,Japan,Desktop,Organic,Free,1-10
U004299,2025-02-10,Germany,Mobile,Google Ads,Basic,1-10
U004300,2025-05-27,Australia,Mobile,Social Media,Free,51-200
U004301,2024-04-13,Brazil,Desktop,Email,Free,1-10
U004302,2025-12-02,US,Mobile,Social Media,Pro,51-200
U004303,2025-08-27,US,Desktop,Organic,Free,1-10
U004304,2025-05-21,China,Desktop,Social Media,Free,1-10
U004305,2025-10-05,India,Desktop,Google Ads,Free,1-10
U004306,2024-04-12,Brazil,Desktop,Organic,Free,11-50
U004307,2025-03-12,China,Tablet,Google Ads,Free,1-10
U004308,2025-06-16,Japan,Mobile,Email,Pro,201-1000
U004309,2025-10-06,Australia,Desktop,Email,Free,1-10
U004310,2025-09-11,India,Mobile,Organic,Basic,11-50
U004311,2024-10-17,US,Desktop,Email,Free,1-10
U004312,2025-12-02,France,Mobile,Google Ads,Free,11-50
U004313,2024-05-30,US,Desktop,Organic,Enterprise,51-200
U004314,2025-10-30,Brazil,Desktop,Organic,Free,1-10
U004315,2025-12-17,Australia,Desktop,Organic,Enterprise,1000+
U004316,2024-07-21,China,Mobile,Google Ads,Enterprise,51-200
U004317,2025-08-09,India,Desktop,Organic,Basic,11-50
U004318,2024-02-24,Germany,Desktop,Organic,Free,201-1000
U004319,2025-01-22,UK,Desktop,Google Ads,Basic,11-50
U004320,2025-04-07,UK,Desktop,Google Ads,Pro,11-50
U004321,2025-05-18,Japan,Tablet,Google Ads,Free,1-10
U004322,2025-11-30,Brazil,Desktop,Google Ads,Basic,51-200
U004323,2025-07-11,China,Mobile,Organic,Free,1-10
U004324,2025-03-15,US,Desktop,Email,Free,11-50
U004325,2025-09-25,India,Mobile,Organic,Pro,201-1000
U004326,2025-12-07,France,Desktop,Google Ads,Free,1-10
U004327,2024-01-31,Germany,Tablet,Google Ads,Free,11-50
U004328,2025-12-23,India,Desktop,Organic,Pro,11-50
U004329,2024-04-19,Brazil,Mobile,Email,Free,1-10
U004330,2025-09-28,China,Tablet,Social Media,Free,11-50
U004331,2024-10-19,Germany,Mobile,Organic,Free,1-10
U004332,2024-06-07,Canada,Desktop,Email,Free,1-10
U004333,2025-02-15,US,Tablet,Google Ads,Free,11-50
U004334,2025-06-25,Australia,Mobile,Google Ads,Free,11-50
U004335,2025-01-04,US,Desktop,Social Media,Basic,11-50
U004336,2024-03-13,US,Desktop,Google Ads,Pro,201-1000
U004337,2025-05-29,Canada,Desktop,Organic,Enterprise,201-1000
U004338,2025-11-13,US,Desktop,Organic,Free,51-200
U004339,2025-01-06,China,Mobile,Social Media,Basic,51-200
U004340,2024-08-26,France,Mobile,Organic,Pro,11-50
U004341,2025-02-17,Canada,Desktop,Google Ads,Free,1-10
U004342,2024-03-06,Australia,Mobile,Social Media,Pro,51-200
U004343,2025-10-01,US,Desktop,Organic,Enterprise,1000+
U004344,2025-10-04,China,Tablet,Organic,Free,1-10
U004345,2025-05-22,US,Tablet,Google Ads,Free,1-10
U004346,2024-12-15,Germany,Tablet,Google Ads,Free,1-10
U004347,2025-09-20,France,Mobile,Social Media,Free,1-10
U004348,2025-05-01,UK,Desktop,Google Ads,Enterprise,201-1000
U004349,2025-10-04,India,Desktop,Organic,Enterprise,11-50
U004350,2025-06-17,India,Desktop,Google Ads,Free,11-50
U004351,2025-09-12,Japan,Desktop,Organic,Basic,201-1000
U004352,2025-05-28,Australia,Mobile,Social Media,Basic,201-1000
U004353,2025-01-28,US,Desktop,Google Ads,Free,1-10
U004354,2025-12-11,India,Tablet,Email,Free,11-50
U004355,2025-04-23,Canada,Tablet,Social Media,Enterprise,1000+
U004356,2025-06-01,India,Desktop,Google Ads,Free,1-10
U004357,2024-08-30,US,Desktop,Google Ads,Free,1-10
U004358,2025-06-14,India,Desktop,Email,Free,51-200
U004359,2025-05-12,UK,Mobile,Social Media,Free,1-10
U004360,2024-07-29,US,Mobile,Social Media,Free,51-200
U004361,2024-03-19,France,Desktop,Email,Free,1-10
U004362,2025-06-01,India,Desktop,Organic,Basic,1-10
U004363,2025-09-01,Australia,Desktop,Organic,Pro,51-200
U004364,2025-04-12,France,Tablet,Organic,Free,1-10
U004365,2024-09-04,China,Desktop,Google Ads,Free,1-10
U004366,2025-07-08,US,Desktop,Organic,Pro,51-200
U004367,2024-04-12,Germany,Mobile,Email,Basic,11-50
U004368,2025-02-16,US,Mobile,Social Media,Free,1-10
U004369,2024-07-08,Canada,Mobile,Organic,Free,1-10
U004370,2024-07-28,US,Desktop,Social Media,Pro,201-1000
U004371,2024-08-14,US,Mobile,Organic,Free,1-10
U004372,2025-01-09,India,Mobile,Google Ads,Free,11-50
U004373,2024-03-09,US,Desktop,Google Ads,Free,11-50
U004374,2025-01-17,US,Mobile,Social Media,Free,1-10
U004375,2025-04-04,India,Desktop,Organic,Free,1-10
U004376,2025-03-16,US,Desktop,Google Ads,Free,51-200
U004377,2025-01-06,US,Tablet,Google Ads,Basic,51-200
U004378,2025-10-11,UK,Desktop,Google Ads,Pro,11-50
U004379,2024-06-21,China,Tablet,Google Ads,Enterprise,1000+
U004380,2025-03-31,India,Desktop,Organic,Free,1-10
U004381,2024-03-22,Germany,Desktop,Email,Free,1-10
U004382,2024-04-02,India,Mobile,Social Media,Basic,11-50
U004383,2025-05-13,UK,Mobile,Organic,Basic,1-10
U004384,2025-05-08,Australia,Desktop,Google Ads,Free,201-1000
U004385,2025-10-31,US,Mobile,Email,Free,51-200
U004386,2025-05-03,China,Desktop,Google Ads,Free,11-50
U004387,2025-12-12,Canada,Tablet,Organic,Free,1-10
U004388,2024-03-06,France,Desktop,Organic,Free,1-10
U004389,2024-05-02,US,Mobile,Social Media,Enterprise,201-1000
U004390,2024-02-29,US,Desktop,Email,Free,1-10
U004391,2024-07-29,China,Mobile,Organic,Enterprise,51-200
U004392,2025-04-23,US,Mobile,Google Ads,Basic,11-50
U004393,2025-06-26,France,Desktop,Organic,Basic,11-50
U004394,2024-03-02,China,Tablet,Google Ads,Basic,201-1000
U004395,2025-12-05,China,Desktop,Email,Basic,201-1000
U004396,2025-10-13,US,Desktop,Social Media,Free,1-10
U004397,2024-11-01,China,Mobile,Social Media,Free,11-50
U004398,2024-04-09,China,Desktop,Google Ads,Basic,1-10
U004399,2024-07-15,France,Desktop,Social Media,Pro,11-50
U004400,2024-06-02,US,Desktop,Google Ads,Basic,201-1000
U004401,2024-05-29,US,Mobile,Google Ads,Free,11-50
U004402,2025-04-08,UK,Desktop,Organic,Basic,1-10
U004403,2024-09-21,US,Desktop,Google Ads,Basic,11-50
U004404,2024-12-19,India,Mobile,Organic,Free,51-200
U004405,2025-12-26,Canada,Mobile,Email,Free,1-10
U004406,2025-07-18,UK,Tablet,Organic,Pro,11-50
U004407,2025-12-06,France,Mobile,Google Ads,Basic,201-1000
U004408,2024-06-18,US,Mobile,Organic,Basic,11-50
U004409,2025-01-05,US,Desktop,Social Media,Basic,11-50
U004410,2025-05-01,US,Desktop,Social Media,Pro,11-50
U004411,2024-04-08,UK,Mobile,Google Ads,Free,51-200
U004412,2024-01-07,Canada,Tablet,Google Ads,Free,11-50
U004413,2025-07-10,US,Mobile,Email,Enterprise,201-1000
U004414,2025-06-23,Japan,Desktop,Social Media,Free,1-10
U004415,2025-01-26,Germany,Desktop,Google Ads,Free,1-10
U004416,2025-03-21,Australia,Mobile,Google Ads,Free,1-10
U004417,2025-01-29,US,Mobile,Organic,Free,1-10
U004418,2024-02-03,US,Mobile,Social Media,Basic,11-50
U004419,2024-12-02,US,Mobile,Social Media,Free,1-10
U004420,2024-07-21,Germany,Desktop,Social Media,Pro,1000+
U004421,2024-05-03,US,Tablet,Social Media,Free,1-10
U004422,2025-12-10,Canada,Mobile,Google Ads,Free,1-10
U004423,2025-05-29,Japan,Desktop,Organic,Free,1-10
U004424,2025-08-12,Japan,Desktop,Google Ads,Basic,11-50
U004425,2024-11-16,India,Tablet,Email,Basic,1-10
U004426,2025-01-13,US,Mobile,Google Ads,Free,1-10
U004427,2024-09-13,Germany,Desktop,Google Ads,Free,11-50
U004428,2024-05-01,Australia,Desktop,Organic,Enterprise,1000+
U004429,2024-07-23,France,Desktop,Email,Free,11-50
U004430,2025-09-19,Canada,Desktop,Organic,Basic,1-10
U004431,2025-07-14,France,Mobile,Google Ads,Free,1-10
U004432,2025-04-27,US,Mobile,Email,Free,11-50
U004433,2025-03-11,US,Mobile,Google Ads,Free,1-10
U004434,2025-11-23,US,Mobile,Google Ads,Free,1-10
U004435,2024-04-04,UK,Desktop,Social Media,Enterprise,1000+
U004436,2024-10-20,US,Desktop,Organic,Pro,201-1000
U004437,2024-12-13,Germany,Desktop,Google Ads,Pro,201-1000
U004438,2025-09-11,China,Desktop,Organic,Basic,51-200
U004439,2025-12-28,Canada,Desktop,Google Ads,Basic,11-50
U004440,2024-09-16,Brazil,Mobile,Organic,Basic,51-200
U004441,2025-10-29,Australia,Mobile,Email,Basic,11-50
U004442,2025-10-07,US,Mobile,Organic,Free,1000+
U004443,2024-09-02,US,Mobile,Social Media,Free,1-10
U004444,2025-01-18,China,Mobile,Google Ads,Basic,11-50
U004445,2025-01-25,US,Mobile,Social Media,Enterprise,51-200
U004446,2025-12-21,US,Desktop,Social Media,Enterprise,51-200
U004447,2024-07-25,UK,Tablet,Social Media,Basic,11-50
U004448,2025-09-20,US,Desktop,Social Media,Free,1-10
U004449,2024-12-01,India,Desktop,Social Media,Free,1-10
U004450,2025-08-13,Germany,Desktop,Social Media,Enterprise,201-1000
U004451,2025-02-01,India,Tablet,Google Ads,Free,1-10
U004452,2025-05-16,China,Tablet,Organic,Free,1-10
U004453,2025-10-08,UK,Mobile,Email,Basic,11-50
U004454,2025-09-23,US,Mobile,Social Media,Free,11-50
U004455,2025-10-25,US,Desktop,Organic,Pro,11-50
U004456,2024-03-19,UK,Tablet,Social Media,Basic,11-50
U004457,2025-07-23,Brazil,Mobile,Email,Free,1-10
U004458,2024-06-15,Brazil,Tablet,Organic,Free,51-200
U004459,2025-01-29,China,Desktop,Google Ads,Free,11-50
U004460,2025-04-28,US,Desktop,Social Media,Pro,11-50
U004461,2025-01-20,India,Mobile,Organic,Free,51-200
U004462,2025-04-09,India,Desktop,Google Ads,Free,11-50
U004463,2025-12-30,India,Tablet,Social Media,Enterprise,1000+
U004464,2024-06-10,India,Desktop,Organic,Free,1-10
U004465,2025-07-13,India,Tablet,Google Ads,Free,11-50
U004466,2025-01-15,India,Desktop,Google Ads,Free,1-10
U004467,2024-06-08,China,Mobile,Email,Free,11-50
U004468,2024-07-04,US,Desktop,Google Ads,Enterprise,1000+
U004469,2025-12-07,Brazil,Mobile,Google Ads,Free,51-200
U004470,2025-11-01,US,Desktop,Google Ads,Free,1-10
U004471,2025-11-15,US,Tablet,Organic,Pro,201-1000
U004472,2025-12-27,Australia,Mobile,Google Ads,Basic,1-10
U004473,2024-08-19,Australia,Desktop,Google Ads,Free,1-10
U004474,2024-12-17,US,Tablet,Organic,Pro,51-200
U004475,2025-07-09,Germany,Desktop,Social Media,Pro,51-200
U004476,2025-03-17,US,Desktop,Organic,Free,1-10
U004477,2025-01-31,India,Desktop,Google Ads,Basic,11-50
U004478,2024-12-18,France,Mobile,Social Media,Pro,1-10
U004479,2025-05-26,Australia,Desktop,Email,Free,11-50
U004480,2025-05-14,Japan,Desktop,Organic,Pro,201-1000
U004481,2024-07-06,UK,Tablet,Google Ads,Enterprise,1000+
U004482,2025-03-09,Japan,Mobile,Organic,Basic,11-50
U004483,2025-05-01,UK,Desktop,Google Ads,Free,1000+
U004484,2025-05-11,Canada,Mobile,Google Ads,Free,11-50
U004485,2024-08-21,Canada,Tablet,Google Ads,Basic,51-200
U004486,2025-08-20,India,Desktop,Google Ads,Free,11-50
U004487,2024-02-05,UK,Mobile,Email,Basic,1000+
U004488,2024-12-16,US,Desktop,Organic,Basic,51-200
U004489,2025-09-10,US,Mobile,Social Media,Free,1-10
U004490,2025-05-07,France,Desktop,Google Ads,Pro,51-200
U004491,2024-10-04,Germany,Mobile,Social Media,Free,11-50
U004492,2025-07-24,UK,Desktop,Organic,Basic,11-50
U004493,2025-05-09,Germany,Mobile,Google Ads,Free,11-50
U004494,2025-09-18,France,Desktop,Social Media,Basic,11-50
U004495,2025-08-16,US,Desktop,Social Media,Enterprise,201-1000
U004496,2025-06-04,Canada,Desktop,Google Ads,Basic,11-50
U004497,2025-03-20,Canada,Mobile,Social Media,Free,11-50
U004498,2024-06-08,Australia,Desktop,Organic,Free,11-50
U004499,2024-10-04,UK,Desktop,Organic,Pro,11-50
U004500,2025-02-01,US,Desktop,Email,Enterprise,51-200
U004501,2025-05-29,UK,Mobile,Email,Free,1-10
U004502,2025-04-05,UK,Desktop,Google Ads,Pro,1-10
U004503,2024-10-26,US,Mobile,Social Media,Free,1-10
U004504,2024-01-10,Japan,Desktop,Email,Free,11-50
U004505,2025-03-25,Germany,Desktop,Google Ads,Pro,1000+
U004506,2024-10-24,Canada,Mobile,Google Ads,Free,1-10
U004507,2025-08-16,US,Tablet,Google Ads,Free,1-10
U004508,2024-02-03,Japan,Desktop,Social Media,Free,11-50
U004509,2025-05-20,Brazil,Desktop,Social Media,Free,201-1000
U004510,2025-12-03,Brazil,Desktop,Organic,Pro,1000+
U004511,2024-07-19,Canada,Mobile,Organic,Free,1-10
U004512,2025-03-09,China,Desktop,Google Ads,Basic,1-10
U004513,2024-04-25,Canada,Mobile,Email,Free,1-10
U004514,2025-06-14,UK,Desktop,Google Ads,Basic,11-50
U004515,2025-04-29,India,Desktop,Social Media,Free,11-50
U004516,2025-01-23,US,Desktop,Organic,Pro,11-50
U004517,2025-04-10,US,Mobile,Organic,Basic,51-200
U004518,2025-11-10,US,Mobile,Social Media,Enterprise,201-1000
U004519,2024-08-08,US,Desktop,Social Media,Enterprise,1000+
U004520,2024-02-01,US,Tablet,Google Ads,Free,1-10
U004521,2025-10-23,US,Desktop,Organic,Free,1-10
U004522,2025-05-15,US,Mobile,Email,Free,1-10
U004523,2025-11-07,Canada,Desktop,Social Media,Pro,1-10
U004524,2025-05-27,US,Desktop,Google Ads,Free,11-50
U004525,2025-09-26,China,Mobile,Social Media,Free,1-10
U004526,2025-02-08,US,Mobile,Organic,Basic,51-200
U004527,2025-08-24,Canada,Desktop,Google Ads,Enterprise,11-50
U004528,2025-11-18,Canada,Mobile,Google Ads,Pro,11-50
U004529,2025-05-12,Japan,Desktop,Social Media,Free,11-50
U004530,2024-07-25,China,Mobile,Social Media,Free,201-1000
U004531,2024-10-10,US,Desktop,Organic,Free,1-10
U004532,2024-08-10,Australia,Mobile,Google Ads,Free,201-1000
U004533,2024-09-22,Canada,Desktop,Email,Basic,11-50
U004534,2024-11-09,Canada,Desktop,Organic,Pro,51-200
U004535,2025-05-02,Japan,Desktop,Organic,Basic,51-200
U004536,2025-05-22,UK,Desktop,Email,Free,1-10
U004537,2025-02-06,Canada,Desktop,Organic,Basic,1-10
U004538,2025-06-08,US,Desktop,Google Ads,Enterprise,201-1000
U004539,2024-04-14,India,Mobile,Social Media,Free,1-10
U004540,2024-04-21,US,Desktop,Google Ads,Free,1-10
U004541,2024-07-16,Canada,Mobile,Social Media,Basic,1-10
U004542,2025-04-08,US,Mobile,Organic,Basic,51-200
U004543,2024-08-24,US,Tablet,Organic,Enterprise,201-1000
U004544,2024-10-22,India,Tablet,Google Ads,Free,1-10
U004545,2025-01-18,Brazil,Mobile,Google Ads,Free,51-200
U004546,2025-09-27,Japan,Mobile,Google Ads,Free,1-10
U004547,2024-01-20,US,Desktop,Google Ads,Enterprise,1000+
U004548,2025-06-28,US,Mobile,Organic,Basic,201-1000
U004549,2025-07-09,Brazil,Tablet,Organic,Pro,201-1000
U004550,2025-09-20,Australia,Desktop,Google Ads,Free,1-10
U004551,2025-11-28,France,Desktop,Social Media,Pro,51-200
U004552,2024-01-29,Germany,Desktop,Social Media,Basic,11-50
U004553,2024-06-29,Canada,Mobile,Organic,Free,11-50
U004554,2025-11-05,Germany,Desktop,Organic,Free,1-10
U004555,2025-02-28,India,Mobile,Social Media,Basic,11-50
U004556,2025-05-08,Germany,Mobile,Google Ads,Free,1-10
U004557,2025-07-06,Germany,Tablet,Email,Basic,1-10
U004558,2025-07-15,Brazil,Mobile,Email,Free,1-10
U004559,2025-11-28,India,Mobile,Email,Free,51-200
U004560,2025-12-30,UK,Desktop,Email,Basic,1-10
U004561,2025-08-07,US,Desktop,Social Media,Free,1-10
U004562,2024-10-25,US,Desktop,Organic,Basic,11-50
U004563,2025-11-01,India,Desktop,Google Ads,Basic,11-50
U004564,2024-03-07,US,Desktop,Organic,Enterprise,51-200
U004565,2024-09-08,US,Mobile,Organic,Free,1-10
U004566,2025-11-10,Japan,Mobile,Organic,Pro,51-200
U004567,2024-09-29,China,Mobile,Social Media,Basic,51-200
U004568,2024-08-30,Brazil,Desktop,Social Media,Basic,1-10
U004569,2024-06-13,India,Desktop,Organic,Basic,11-50
U004570,2025-10-22,Canada,Mobile,Social Media,Basic,11-50
U004571,2025-03-27,Australia,Desktop,Email,Free,1-10
U004572,2025-07-13,France,Desktop,Google Ads,Enterprise,51-200
U004573,2024-09-15,Japan,Desktop,Email,Basic,11-50
U004574,2025-08-29,UK,Desktop,Organic,Free,201-1000
U004575,2025-08-30,Australia,Desktop,Organic,Enterprise,51-200
U004576,2024-11-14,US,Desktop,Google Ads,Free,1-10
U004577,2025-01-26,US,Desktop,Social Media,Enterprise,201-1000
U004578,2024-08-20,Germany,Mobile,Google Ads,Free,51-200
U004579,2025-12-20,US,Desktop,Google Ads,Pro,1-10
U004580,2025-06-26,Australia,Desktop,Google Ads,Basic,11-50
U004581,2025-11-29,India,Tablet,Email,Free,11-50
U004582,2024-11-07,India,Mobile,Social Media,Free,201-1000
U004583,2025-09-11,Japan,Desktop,Organic,Free,11-50
U004584,2025-09-02,India,Tablet,Google Ads,Free,1-10
U004585,2025-07-22,US,Desktop,Organic,Enterprise,201-1000
U004586,2025-12-15,Japan,Desktop,Organic,Free,1-10
U004587,2025-01-14,China,Tablet,Organic,Basic,11-50
U004588,2024-06-06,Germany,Mobile,Social Media,Pro,201-1000
U004589,2025-07-11,Brazil,Desktop,Organic,Enterprise,1000+
U004590,2025-08-13,US,Mobile,Organic,Free,1-10
U004591,2025-05-14,US,Mobile,Google Ads,Pro,201-1000
U004592,2024-08-18,US,Desktop,Google Ads,Free,51-200
U004593,2025-03-30,UK,Desktop,Google Ads,Pro,1000+
U004594,2024-11-14,France,Desktop,Google Ads,Pro,201-1000
U004595,2025-02-07,France,Tablet,Organic,Free,11-50
U004596,2025-06-25,UK,Desktop,Organic,Free,1-10
U004597,2025-08-21,India,Mobile,Organic,Free,1-10
U004598,2024-09-09,China,Desktop,Google Ads,Free,1-10
U004599,2025-01-22,US,Desktop,Google Ads,Enterprise,201-1000
U004600,2024-10-10,US,Mobile,Organic,Free,1-10
U004601,2024-08-10,Australia,Mobile,Social Media,Pro,51-200
U004602,2025-09-11,Japan,Desktop,Email,Free,11-50
U004603,2025-11-16,Australia,Desktop,Google Ads,Enterprise,201-1000
U004604,2024-12-28,UK,Mobile,Google Ads,Basic,1-10
U004605,2025-08-25,China,Desktop,Organic,Pro,1-10
U004606,2025-11-10,US,Desktop,Organic,Free,1-10
U004607,2025-10-15,US,Mobile,Google Ads,Free,1-10
U004608,2024-07-27,India,Desktop,Google Ads,Free,201-1000
U004609,2025-12-10,UK,Desktop,Google Ads,Free,1-10
U004610,2025-01-01,US,Desktop,Google Ads,Basic,1-10
U004611,2024-12-05,US,Tablet,Google Ads,Basic,1-10
U004612,2024-03-23,US,Desktop,Google Ads,Free,11-50
U004613,2025-03-18,China,Mobile,Organic,Basic,11-50
U004614,2024-05-14,India,Desktop,Social Media,Basic,1-10
U004615,2024-09-23,US,Desktop,Email,Free,51-200
U004616,2024-11-17,US,Desktop,Social Media,Basic,51-200
U004617,2025-09-25,US,Desktop,Social Media,Pro,11-50
U004618,2025-10-30,Japan,Mobile,Google Ads,Free,1-10
U004619,2024-11-06,US,Desktop,Email,Basic,11-50
U004620,2025-10-21,Brazil,Mobile,Social Media,Basic,11-50
U004621,2025-10-21,US,Desktop,Social Media,Pro,201-1000
U004622,2025-09-01,US,Desktop,Google Ads,Free,1-10
U004623,2024-06-22,Canada,Desktop,Google Ads,Pro,51-200
U004624,2025-07-22,China,Mobile,Google Ads,Free,1-10
U004625,2025-12-04,US,Mobile,Social Media,Free,1-10
U004626,2025-07-17,France,Mobile,Social Media,Free,51-200
U004627,2024-11-29,India,Desktop,Google Ads,Pro,11-50
U004628,2025-03-28,France,Mobile,Email,Free,1-10
U004629,2025-06-26,Japan,Desktop,Email,Free,11-50
U004630,2025-04-03,China,Mobile,Organic,Free,1-10
U004631,2024-05-26,Australia,Tablet,Social Media,Free,1-10
U004632,2024-11-14,US,Desktop,Social Media,Free,1-10
U004633,2025-09-22,Japan,Desktop,Email,Free,1-10
U004634,2025-10-23,Germany,Mobile,Google Ads,Basic,11-50
U004635,2024-06-13,US,Mobile,Social Media,Pro,11-50
U004636,2025-12-08,US,Desktop,Organic,Enterprise,11-50
U004637,2024-11-27,US,Tablet,Google Ads,Basic,11-50
U004638,2025-07-05,Japan,Mobile,Organic,Free,1-10
U004639,2025-08-25,India,Desktop,Google Ads,Free,201-1000
U004640,2025-09-27,India,Desktop,Google Ads,Basic,11-50
U004641,2025-12-05,US,Mobile,Social Media,Free,11-50
U004642,2024-11-14,Germany,Desktop,Social Media,Pro,201-1000
U004643,2025-10-21,Canada,Desktop,Email,Enterprise,51-200
U004644,2024-06-07,UK,Mobile,Organic,Pro,201-1000
U004645,2025-07-30,Japan,Mobile,Organic,Free,11-50
U004646,2025-08-20,Brazil,Mobile,Email,Free,1-10
U004647,2025-07-14,Brazil,Desktop,Google Ads,Pro,1000+
U004648,2024-09-26,India,Mobile,Google Ads,Basic,1-10
U004649,2025-10-29,Canada,Tablet,Organic,Free,1-10
U004650,2024-07-14,UK,Desktop,Organic,Pro,201-1000
U004651,2024-03-12,Canada,Mobile,Organic,Basic,1-10
U004652,2025-08-06,US,Tablet,Organic,Basic,11-50
U004653,2025-03-11,US,Mobile,Google Ads,Free,51-200
U004654,2025-10-16,US,Mobile,Organic,Pro,1000+
U004655,2025-01-06,France,Desktop,Google Ads,Basic,11-50
U004656,2024-07-13,Germany,Desktop,Organic,Free,201-1000
U004657,2025-10-10,US,Mobile,Social Media,Basic,11-50
U004658,2025-04-28,US,Mobile,Email,Free,1-10
U004659,2024-08-02,Canada,Tablet,Organic,Pro,51-200
U004660,2025-08-08,France,Desktop,Social Media,Free,11-50
U004661,2025-04-04,India,Desktop,Social Media,Enterprise,201-1000
U004662,2025-06-01,Japan,Desktop,Organic,Free,1-10
U004663,2025-03-01,Germany,Mobile,Social Media,Basic,11-50
U004664,2025-10-06,UK,Desktop,Social Media,Pro,51-200
U004665,2025-10-06,Canada,Mobile,Google Ads,Free,201-1000
U004666,2025-08-01,US,Desktop,Google Ads,Basic,11-50
U004667,2024-05-10,Germany,Desktop,Social Media,Enterprise,51-200
U004668,2025-10-11,UK,Desktop,Organic,Pro,201-1000
U004669,2025-07-10,India,Mobile,Google Ads,Free,1-10
U004670,2025-07-25,Germany,Mobile,Organic,Free,11-50
U004671,2024-12-22,India,Tablet,Google Ads,Free,1-10
U004672,2025-11-01,US,Mobile,Google Ads,Free,1-10
U004673,2025-08-10,India,Desktop,Organic,Enterprise,11-50
U004674,2024-05-18,US,Desktop,Google Ads,Pro,1-10
U004675,2025-01-24,US,Tablet,Email,Pro,51-200
U004676,2025-11-05,US,Mobile,Google Ads,Free,1-10
U004677,2024-03-04,Brazil,Desktop,Social Media,Pro,201-1000
U004678,2025-12-13,Germany,Mobile,Google Ads,Free,1-10
U004679,2025-07-15,Japan,Desktop,Email,Basic,1-10
U004680,2025-06-17,China,Desktop,Social Media,Basic,51-200
U004681,2024-10-11,China,Desktop,Google Ads,Free,11-50
U004682,2024-09-23,Germany,Mobile,Organic,Basic,51-200
U004683,2025-12-03,UK,Desktop,Organic,Free,11-50
U004684,2024-11-03,UK,Desktop,Google Ads,Basic,1-10
U004685,2025-09-07,Japan,Desktop,Google Ads,Basic,11-50
U004686,2025-01-13,India,Desktop,Google Ads,Pro,51-200
U004687,2024-06-15,France,Desktop,Email,Enterprise,201-1000
U004688,2024-01-16,Canada,Desktop,Organic,Basic,201-1000
U004689,2025-04-25,US,Desktop,Organic,Basic,11-50
U004690,2025-12-20,US,Tablet,Email,Basic,11-50
U004691,2024-12-27,Japan,Desktop,Organic,Basic,11-50
U004692,2024-12-18,UK,Desktop,Google Ads,Free,1-10
U004693,2024-12-08,US,Desktop,Social Media,Enterprise,201-1000
U004694,2025-04-10,Canada,Mobile,Organic,Free,1-10
U004695,2025-02-16,US,Mobile,Organic,Free,1-10
U004696,2025-11-01,Canada,Desktop,Social Media,Free,1-10
U004697,2025-03-31,China,Mobile,Email,Free,11-50
U004698,2025-04-01,Brazil,Mobile,Google Ads,Free,1-10
U004699,2024-06-14,US,Mobile,Google Ads,Free,1-10
U004700,2025-12-23,US,Desktop,Social Media,Basic,51-200
U004701,2024-09-24,India,Desktop,Organic,Free,51-200
U004702,2024-04-05,US,Mobile,Organic,Free,1-10
U004703,2025-07-06,UK,Mobile,Social Media,Basic,51-200
U004704,2025-05-27,UK,Mobile,Organic,Free,1-10
U004705,2025-01-29,US,Desktop,Organic,Free,1-10
U004706,2025-02-03,US,Desktop,Social Media,Basic,51-200
U004707,2025-09-12,Brazil,Mobile,Social Media,Free,51-200
U004708,2024-08-08,US,Mobile,Organic,Free,1-10
U004709,2025-10-01,US,Desktop,Google Ads,Free,1-10
U004710,2025-06-27,Japan,Desktop,Social Media,Pro,1-10
U004711,2025-02-01,Australia,Desktop,Organic,Pro,11-50
U004712,2025-02-27,UK,Mobile,Email,Basic,51-200
U004713,2024-09-30,US,Mobile,Organic,Free,1-10
U004714,2025-08-25,India,Mobile,Email,Free,1-10
U004715,2025-04-05,Canada,Mobile,Organic,Free,1-10
U004716,2024-11-20,Brazil,Desktop,Email,Basic,51-200
U004717,2025-05-27,Japan,Mobile,Organic,Free,1-10
U004718,2025-12-29,UK,Tablet,Google Ads,Free,11-50
U004719,2025-02-12,India,Tablet,Social Media,Free,51-200
U004720,2025-11-22,US,Mobile,Google Ads,Basic,1-10
U004721,2024-12-09,China,Desktop,Social Media,Enterprise,1000+
U004722,2024-03-13,China,Mobile,Organic,Pro,51-200
U004723,2024-08-15,Australia,Mobile,Google Ads,Free,1-10
U004724,2025-01-31,US,Mobile,Organic,Free,1-10
U004725,2024-08-29,US,Desktop,Email,Pro,51-200
U004726,2024-01-01,India,Tablet,Organic,Basic,11-50
U004727,2025-11-19,China,Desktop,Social Media,Basic,11-50
U004728,2025-10-14,France,Desktop,Google Ads,Pro,11-50
U004729,2025-08-20,US,Desktop,Social Media,Pro,51-200
U004730,2024-07-13,US,Mobile,Organic,Enterprise,51-200
U004731,2024-05-26,India,Desktop,Google Ads,Basic,11-50
U004732,2024-03-29,UK,Desktop,Google Ads,Basic,11-50
U004733,2025-08-10,Canada,Mobile,Email,Free,11-50
U004734,2025-11-26,Germany,Mobile,Social Media,Pro,1-10
U004735,2025-02-09,France,Mobile,Social Media,Basic,1-10
U004736,2024-05-25,India,Desktop,Social Media,Pro,11-50
U004737,2025-04-04,Brazil,Mobile,Organic,Enterprise,51-200
U004738,2024-12-12,UK,Desktop,Google Ads,Basic,1-10
U004739,2024-12-31,France,Desktop,Social Media,Basic,11-50
U004740,2025-06-11,US,Desktop,Social Media,Pro,201-1000
U004741,2025-08-07,India,Mobile,Social Media,Basic,11-50
U004742,2024-05-16,US,Desktop,Google Ads,Free,1-10
U004743,2024-02-18,Germany,Desktop,Email,Free,1-10
U004744,2025-12-29,UK,Desktop,Google Ads,Pro,1000+
U004745,2024-09-09,US,Desktop,Social Media,Basic,1-10
U004746,2024-03-12,Australia,Tablet,Google Ads,Basic,11-50
U004747,2024-08-02,US,Tablet,Google Ads,Free,51-200
U004748,2024-02-23,Brazil,Desktop,Organic,Enterprise,201-1000
U004749,2025-01-12,Australia,Desktop,Organic,Free,1-10
U004750,2025-09-22,US,Desktop,Organic,Free,1-10
U004751,2024-12-06,China,Mobile,Social Media,Free,1-10
U004752,2025-02-18,US,Desktop,Google Ads,Basic,11-50
U004753,2025-07-13,US,Desktop,Social Media,Free,11-50
U004754,2025-04-02,Germany,Desktop,Social Media,Free,11-50
U004755,2025-10-23,Australia,Desktop,Email,Basic,1-10
U004756,2025-10-25,US,Desktop,Google Ads,Free,11-50
U004757,2024-01-15,India,Desktop,Google Ads,Basic,51-200
U004758,2025-09-08,India,Desktop,Organic,Pro,11-50
U004759,2025-03-01,Canada,Desktop,Organic,Pro,11-50
U004760,2025-12-26,US,Tablet,Organic,Free,11-50
U004761,2025-03-16,China,Desktop,Organic,Basic,11-50
U004762,2025-12-25,China,Desktop,Organic,Basic,1-10
U004763,2025-08-27,China,Tablet,Google Ads,Pro,1-10
U004764,2024-09-23,Australia,Mobile,Organic,Pro,201-1000
U004765,2025-04-21,France,Desktop,Organic,Free,1-10
U004766,2025-12-28,US,Mobile,Organic,Free,1-10
U004767,2025-10-21,Germany,Desktop,Google Ads,Free,11-50
U004768,2024-05-02,UK,Mobile,Google Ads,Free,11-50
U004769,2025-07-31,UK,Tablet,Google Ads,Basic,11-50
U004770,2024-12-09,Germany,Desktop,Organic,Pro,51-200
U004771,2024-01-11,UK,Desktop,Social Media,Free,1-10
U004772,2025-01-21,Germany,Desktop,Organic,Pro,51-200
U004773,2024-09-11,Australia,Mobile,Organic,Pro,1000+
U004774,2025-09-30,US,Mobile,Email,Free,1-10
U004775,2024-12-03,Canada,Mobile,Email,Free,1-10
U004776,2025-10-05,India,Desktop,Google Ads,Basic,1-10
U004777,2024-01-01,Japan,Desktop,Email,Free,11-50
U004778,2024-11-10,France,Mobile,Google Ads,Basic,11-50
U004779,2024-09-17,UK,Desktop,Organic,Basic,1-10
U004780,2024-09-10,Germany,Desktop,Email,Free,1-10
U004781,2024-03-29,Germany,Desktop,Organic,Basic,1-10
U004782,2024-07-31,UK,Mobile,Google Ads,Free,1-10
U004783,2025-05-02,Canada,Mobile,Organic,Basic,201-1000
U004784,2024-10-28,France,Mobile,Social Media,Free,11-50
U004785,2025-01-30,US,Desktop,Google Ads,Basic,1-10
U004786,2025-01-01,US,Tablet,Social Media,Free,1-10
U004787,2025-10-30,Germany,Mobile,Organic,Free,1-10
U004788,2025-11-14,US,Desktop,Social Media,Pro,201-1000
U004789,2025-03-23,Japan,Desktop,Social Media,Free,1-10
U004790,2024-11-28,US,Desktop,Email,Free,1000+
U004791,2024-05-12,India,Tablet,Google Ads,Basic,51-200
U004792,2025-12-09,US,Desktop,Social Media,Pro,51-200
U004793,2024-03-20,UK,Desktop,Organic,Free,11-50
U004794,2024-11-02,China,Desktop,Google Ads,Basic,51-200
U004795,2024-11-03,India,Mobile,Organic,Free,1-10
U004796,2024-11-20,Australia,Desktop,Organic,Free,1-10
U004797,2024-07-09,Canada,Desktop,Social Media,Basic,11-50
U004798,2025-09-11,UK,Desktop,Email,Free,1-10
U004799,2024-05-28,US,Desktop,Organic,Enterprise,51-200
U004800,2025-06-19,France,Desktop,Organic,Free,1-10
U004801,2024-05-30,Canada,Desktop,Social Media,Pro,11-50
U004802,2024-04-01,France,Mobile,Organic,Pro,1-10
U004803,2025-11-16,US,Mobile,Google Ads,Enterprise,1000+
U004804,2024-08-02,Australia,Mobile,Social Media,Free,11-50
U004805,2025-10-02,US,Desktop,Social Media,Enterprise,201-1000
U004806,2025-04-25,China,Mobile,Organic,Enterprise,201-1000
U004807,2024-04-10,Canada,Desktop,Organic,Free,11-50
U004808,2025-12-10,US,Desktop,Google Ads,Basic,1000+
U004809,2024-09-22,Canada,Tablet,Email,Free,1-10
U004810,2025-10-22,UK,Mobile,Organic,Basic,51-200
U004811,2024-07-13,Australia,Mobile,Organic,Basic,11-50
U004812,2025-10-19,US,Mobile,Organic,Free,51-200
U004813,2024-01-19,Australia,Tablet,Google Ads,Basic,51-200
U004814,2025-04-04,US,Mobile,Google Ads,Free,51-200
U004815,2025-09-04,China,Mobile,Social Media,Pro,1-10
U004816,2025-11-29,India,Mobile,Google Ads,Free,1-10
U004817,2025-11-16,Germany,Desktop,Google Ads,Basic,1-10
U004818,2025-10-01,US,Desktop,Email,Free,1-10
U004819,2025-11-06,China,Mobile,Organic,Free,1-10
U004820,2024-08-11,US,Desktop,Organic,Pro,11-50
U004821,2024-10-22,India,Desktop,Organic,Free,11-50
U004822,2024-10-26,US,Desktop,Email,Free,1-10
U004823,2025-01-02,Australia,Desktop,Google Ads,Enterprise,1000+
U004824,2025-01-13,US,Tablet,Google Ads,Free,1-10
U004825,2025-04-25,US,Mobile,Organic,Pro,51-200
U004826,2024-07-05,US,Desktop,Organic,Free,11-50
U004827,2025-07-22,Germany,Tablet,Organic,Free,11-50
U004828,2024-07-12,US,Tablet,Google Ads,Free,1-10
U004829,2024-11-12,India,Desktop,Organic,Enterprise,1000+
U004830,2025-03-30,Canada,Tablet,Organic,Free,1-10
U004831,2025-09-18,China,Desktop,Google Ads,Enterprise,1000+
U004832,2025-08-18,India,Desktop,Organic,Enterprise,1000+
U004833,2025-06-26,US,Desktop,Social Media,Basic,11-50
U004834,2024-07-01,China,Mobile,Organic,Basic,201-1000
U004835,2025-04-27,US,Desktop,Google Ads,Pro,201-1000
U004836,2024-04-21,Brazil,Mobile,Google Ads,Free,201-1000
U004837,2025-01-02,US,Mobile,Email,Free,51-200
U004838,2025-01-28,Germany,Desktop,Social Media,Basic,51-200
U004839,2024-02-24,UK,Desktop,Email,Basic,11-50
U004840,2024-10-14,Canada,Desktop,Email,Basic,1-10
U004841,2025-12-10,US,Desktop,Google Ads,Free,51-200
U004842,2025-12-09,India,Mobile,Email,Free,11-50
U004843,2024-12-14,US,Mobile,Social Media,Pro,11-50
U004844,2024-02-28,China,Mobile,Social Media,Free,1-10
U004845,2024-07-23,Canada,Desktop,Organic,Pro,51-200
U004846,2025-01-13,Germany,Mobile,Google Ads,Free,1-10
U004847,2025-12-06,India,Mobile,Google Ads,Basic,1-10
U004848,2024-06-17,Canada,Tablet,Google Ads,Pro,11-50
U004849,2025-09-01,India,Mobile,Organic,Free,11-50
U004850,2024-05-14,India,Mobile,Social Media,Free,1-10
U004851,2025-12-22,India,Desktop,Organic,Basic,11-50
U004852,2025-01-05,China,Mobile,Google Ads,Free,11-50
U004853,2025-09-07,US,Tablet,Organic,Free,11-50
U004854,2024-12-07,France,Desktop,Email,Basic,1-10
U004855,2025-06-15,Germany,Desktop,Organic,Free,1-10
U004856,2024-08-04,US,Desktop,Organic,Basic,11-50
U004857,2024-06-21,Brazil,Mobile,Email,Free,11-50
U004858,2025-12-01,UK,Desktop,Social Media,Pro,11-50
U004859,2025-11-21,US,Desktop,Organic,Free,1-10
U004860,2025-11-05,Japan,Mobile,Social Media,Basic,51-200
U004861,2025-06-14,Canada,Mobile,Organic,Basic,201-1000
U004862,2025-09-25,Canada,Desktop,Email,Free,1-10
U004863,2024-03-30,Australia,Desktop,Google Ads,Free,1-10
U004864,2024-12-01,Canada,Desktop,Organic,Free,1-10
U004865,2024-11-15,US,Desktop,Google Ads,Pro,11-50
U004866,2025-06-20,UK,Desktop,Organic,Pro,11-50
U004867,2024-12-17,France,Desktop,Google Ads,Basic,11-50
U004868,2024-06-24,UK,Mobile,Email,Free,1-10
U004869,2025-05-27,Japan,Mobile,Email,Free,1-10
U004870,2025-09-28,Japan,Desktop,Social Media,Pro,201-1000
U004871,2025-01-05,UK,Desktop,Social Media,Basic,11-50
U004872,2024-06-07,Canada,Mobile,Organic,Free,1-10
U004873,2024-08-08,India,Desktop,Google Ads,Basic,1000+
U004874,2024-09-14,Germany,Desktop,Social Media,Pro,51-200
U004875,2024-11-04,Australia,Mobile,Social Media,Free,51-200
U004876,2025-06-24,India,Mobile,Email,Free,1-10
U004877,2025-05-30,US,Desktop,Organic,Pro,11-50
U004878,2025-07-25,India,Mobile,Organic,Basic,11-50
U004879,2024-12-22,France,Mobile,Organic,Basic,11-50
U004880,2025-10-03,Brazil,Tablet,Organic,Basic,1-10
U004881,2024-08-15,Brazil,Desktop,Organic,Free,11-50
U004882,2025-03-07,China,Mobile,Social Media,Free,1-10
U004883,2025-09-21,US,Desktop,Social Media,Pro,51-200
U004884,2024-07-24,Canada,Mobile,Organic,Free,1-10
U004885,2024-05-15,Canada,Mobile,Google Ads,Basic,11-50
U004886,2025-11-03,US,Desktop,Organic,Pro,51-200
U004887,2024-12-07,US,Mobile,Google Ads,Free,201-1000
U004888,2025-07-18,Australia,Desktop,Social Media,Basic,11-50
U004889,2024-02-05,Canada,Desktop,Social Media,Basic,1000+
U004890,2025-07-21,Canada,Desktop,Email,Free,1-10
U004891,2024-11-17,Canada,Mobile,Organic,Free,11-50
U004892,2024-03-15,India,Desktop,Social Media,Enterprise,201-1000
U004893,2025-06-04,Japan,Mobile,Email,Free,11-50
U004894,2024-09-16,India,Mobile,Google Ads,Basic,51-200
U004895,2025-01-09,US,Mobile,Organic,Free,11-50
U004896,2024-04-13,Brazil,Desktop,Social Media,Free,1-10
U004897,2024-06-22,India,Mobile,Google Ads,Free,11-50
U004898,2024-11-02,Japan,Desktop,Email,Basic,1-10
U004899,2024-04-23,India,Mobile,Organic,Free,1-10
U004900,2025-11-17,India,Mobile,Organic,Free,1-10
U004901,2024-01-09,US,Desktop,Social Media,Pro,51-200
U004902,2025-03-17,US,Mobile,Organic,Free,11-50
U004903,2024-05-29,US,Desktop,Organic,Free,1-10
U004904,2024-11-10,US,Desktop,Organic,Basic,1-10
U004905,2025-11-25,Australia,Desktop,Organic,Free,11-50
U004906,2024-07-07,US,Tablet,Organic,Basic,1000+
U004907,2025-12-15,US,Mobile,Email,Free,11-50
U004908,2024-08-17,India,Mobile,Organic,Free,11-50
U004909,2025-08-19,Japan,Tablet,Organic,Pro,51-200
U004910,2025-04-26,US,Desktop,Organic,Enterprise,1000+
U004911,2025-11-04,France,Tablet,Email,Basic,201-1000
U004912,2025-05-01,Brazil,Desktop,Google Ads,Pro,51-200
U004913,2025-04-19,US,Mobile,Google Ads,Free,1-10
U004914,2024-08-07,US,Mobile,Organic,Basic,51-200
U004915,2024-07-11,Australia,Desktop,Google Ads,Basic,201-1000
U004916,2025-11-20,France,Desktop,Social Media,Pro,11-50
U004917,2024-11-26,China,Desktop,Organic,Basic,11-50
U004918,2024-12-29,US,Tablet,Google Ads,Free,11-50
U004919,2025-08-29,Germany,Desktop,Google Ads,Pro,51-200
U004920,2024-12-04,India,Desktop,Google Ads,Pro,51-200
U004921,2025-12-08,US,Mobile,Email,Basic,11-50
U004922,2025-08-17,Germany,Desktop,Email,Free,1-10
U004923,2025-05-28,Japan,Desktop,Organic,Free,1-10
U004924,2025-11-02,UK,Mobile,Social Media,Free,1000+
U004925,2024-03-07,Brazil,Desktop,Organic,Basic,11-50
U004926,2024-09-30,France,Mobile,Email,Free,51-200
U004927,2025-03-04,UK,Desktop,Organic,Basic,51-200
U004928,2024-09-04,France,Desktop,Email,Free,11-50
U004929,2025-08-21,US,Mobile,Social Media,Free,11-50
U004930,2025-11-21,France,Desktop,Social Media,Pro,11-50
U004931,2025-02-04,US,Tablet,Organic,Pro,51-200
U004932,2024-12-07,US,Mobile,Social Media,Free,1-10
U004933,2025-12-13,Japan,Desktop,Email,Free,11-50
U004934,2025-02-19,Germany,Desktop,Organic,Free,1-10
U004935,2025-03-20,Canada,Desktop,Social Media,Free,1-10
U004936,2024-12-14,UK,Desktop,Organic,Pro,11-50
U004937,2025-11-17,US,Desktop,Social Media,Pro,51-200
U004938,2025-05-10,India,Mobile,Organic,Pro,1000+
U004939,2025-08-31,Germany,Desktop,Organic,Basic,201-1000
U004940,2025-09-27,UK,Desktop,Email,Pro,11-50
U004941,2024-12-06,China,Desktop,Social Media,Free,1-10
U004942,2025-02-11,Brazil,Desktop,Organic,Free,1-10
U004943,2025-10-16,Canada,Mobile,Google Ads,Free,1-10
U004944,2024-12-22,Australia,Desktop,Organic,Pro,201-1000
U004945,2025-09-17,US,Desktop,Organic,Free,51-200
U004946,2025-12-02,China,Desktop,Social Media,Free,1-10
U004947,2025-06-12,UK,Tablet,Organic,Basic,1-10
U004948,2025-08-19,China,Desktop,Google Ads,Free,1-10
U004949,2025-09-23,Germany,Mobile,Social Media,Free,1-10
U004950,2025-10-14,Australia,Desktop,Google Ads,Free,11-50
U004951,2025-01-15,China,Mobile,Email,Free,11-50
U004952,2024-03-09,Australia,Mobile,Organic,Basic,51-200
U004953,2025-01-20,France,Desktop,Social Media,Basic,11-50
U004954,2025-07-12,Canada,Mobile,Social Media,Free,1-10
U004955,2025-02-22,France,Mobile,Organic,Free,1-10
U004956,2025-08-24,Germany,Desktop,Google Ads,Pro,1-10
U004957,2024-12-18,US,Desktop,Google Ads,Basic,51-200
U004958,2025-06-19,UK,Mobile,Social Media,Basic,51-200
U004959,2024-07-30,US,Mobile,Social Media,Free,11-50
U004960,2025-08-24,India,Mobile,Organic,Free,1-10
U004961,2025-04-26,India,Mobile,Google Ads,Pro,201-1000
U004962,2024-08-15,India,Mobile,Google Ads,Free,1-10
U004963,2024-10-29,Australia,Mobile,Google Ads,Free,1-10
U004964,2025-08-23,Canada,Mobile,Organic,Free,1-10
U004965,2025-03-16,US,Desktop,Google Ads,Free,1-10
U004966,2024-08-26,UK,Tablet,Social Media,Free,11-50
U004967,2025-12-15,Germany,Desktop,Social Media,Enterprise,201-1000
U004968,2025-08-05,UK,Desktop,Social Media,Enterprise,51-200
U004969,2025-12-10,France,Mobile,Social Media,Free,1-10
U004970,2025-02-06,India,Desktop,Google Ads,Free,1-10
U004971,2025-03-11,India,Desktop,Email,Basic,1-10
U004972,2025-11-11,Canada,Desktop,Organic,Free,1-10
U004973,2025-04-13,France,Mobile,Email,Free,11-50
U004974,2025-07-31,US,Tablet,Social Media,Basic,1-10
U004975,2024-09-26,China,Mobile,Google Ads,Basic,51-200
U004976,2025-02-20,Germany,Desktop,Email,Basic,11-50
U004977,2024-05-29,US,Desktop,Social Media,Pro,11-50
U004978,2024-08-17,US,Desktop,Google Ads,Enterprise,201-1000
U004979,2024-01-02,India,Desktop,Organic,Free,11-50
U004980,2024-02-23,UK,Desktop,Organic,Enterprise,201-1000
U004981,2025-12-20,US,Desktop,Google Ads,Free,1-10
U004982,2024-09-18,China,Desktop,Email,Free,51-200
U004983,2025-07-06,Brazil,Desktop,Email,Free,1-10
U004984,2025-10-11,US,Mobile,Google Ads,Basic,201-1000
U004985,2025-04-29,US,Mobile,Social Media,Free,1-10
U004986,2024-06-28,France,Tablet,Social Media,Pro,201-1000
U004987,2025-08-12,US,Mobile,Email,Free,1-10
U004988,2025-05-29,Australia,Desktop,Social Media,Free,1-10
U004989,2025-08-14,Japan,Mobile,Google Ads,Basic,1-10
U004990,2025-09-04,UK,Desktop,Social Media,Enterprise,51-200
U004991,2025-12-19,US,Mobile,Google Ads,Basic,51-200
U004992,2025-05-13,US,Mobile,Social Media,Free,51-200
U004993,2024-12-06,US,Mobile,Email,Basic,11-50
U004994,2025-06-27,US,Tablet,Google Ads,Basic,11-50
U004995,2024-03-30,Japan,Mobile,Email,Free,1-10
U004996,2025-11-10,US,Mobile,Organic,Free,11-50
U004997,2024-05-25,India,Desktop,Google Ads,Basic,1-10
U004998,2024-11-26,India,Tablet,Google Ads,Pro,1-10
U004999,2025-09-29,US,Desktop,Google Ads,Free,11-50
U005000,2025-05-28,US,Tablet,Email,Free,1-10
U005001,2025-01-14,US,Desktop,Organic,Enterprise,1-10
U005002,2025-03-10,US,Desktop,Organic,Free,1-10
U005003,2025-10-19,China,Mobile,Social Media,Pro,51-200
U005004,2024-12-05,UK,Desktop,Organic,Free,1-10
U005005,2025-10-27,France,Mobile,Email,Free,51-200
U005006,2024-04-21,Germany,Desktop,Organic,Free,1-10
U005007,2025-09-08,Germany,Mobile,Social Media,Pro,1-10
U005008,2025-10-16,India,Mobile,Organic,Basic,51-200
U005009,2024-07-26,China,Mobile,Social Media,Pro,51-200
U005010,2025-02-09,US,Desktop,Social Media,Pro,11-50
U005011,2024-07-10,US,Desktop,Organic,Free,1-10
U005012,2025-07-31,India,Mobile,Social Media,Free,1-10
U005013,2025-04-19,UK,Desktop,Social Media,Basic,11-50
U005014,2025-06-20,Germany,Desktop,Email,Free,1-10
U005015,2024-08-08,Japan,Mobile,Organic,Pro,201-1000
U005016,2024-08-22,India,Desktop,Social Media,Basic,11-50
U005017,2024-02-26,Japan,Desktop,Email,Basic,11-50
U005018,2024-11-21,India,Desktop,Google Ads,Enterprise,1000+
U005019,2025-05-05,China,Desktop,Email,Free,11-50
U005020,2025-10-21,China,Mobile,Email,Basic,11-50
U005021,2025-07-08,India,Desktop,Social Media,Basic,11-50
U005022,2025-02-12,China,Tablet,Google Ads,Basic,1-10
U005023,2025-12-08,Canada,Desktop,Organic,Free,11-50
U005024,2025-08-07,Germany,Desktop,Social Media,Free,11-50
U005025,2025-11-27,Germany,Mobile,Google Ads,Free,1-10
U005026,2025-04-14,Brazil,Desktop,Social Media,Enterprise,1000+
U005027,2024-10-02,India,Mobile,Google Ads,Basic,11-50
U005028,2024-03-11,US,Mobile,Google Ads,Free,1-10
U005029,2025-08-11,Canada,Desktop,Organic,Enterprise,1-10
U005030,2024-05-27,US,Mobile,Email,Free,1-10
U005031,2024-11-06,Brazil,Desktop,Social Media,Enterprise,201-1000
U005032,2025-04-17,Brazil,Desktop,Organic,Free,1-10
U005033,2025-05-07,Australia,Desktop,Email,Free,1-10
U005034,2025-05-30,US,Tablet,Social Media,Basic,1000+
U005035,2024-07-11,India,Desktop,Google Ads,Free,11-50
U005036,2025-01-04,Germany,Mobile,Social Media,Free,1-10
U005037,2025-06-09,UK,Desktop,Social Media,Basic,11-50
U005038,2025-12-17,US,Desktop,Google Ads,Free,1-10
U005039,2025-08-12,India,Desktop,Google Ads,Free,201-1000
U005040,2025-11-23,Germany,Mobile,Social Media,Enterprise,1000+
U005041,2025-08-31,US,Mobile,Organic,Free,11-50
U005042,2025-05-24,Japan,Desktop,Email,Free,1-10
U005043,2024-08-04,China,Mobile,Organic,Basic,1-10
U005044,2025-07-08,Brazil,Desktop,Email,Basic,1-10
U005045,2025-06-12,Canada,Tablet,Social Media,Pro,51-200
U005046,2025-05-31,Germany,Mobile,Google Ads,Basic,1-10
U005047,2025-03-21,Australia,Mobile,Email,Free,11-50
U005048,2025-04-15,Canada,Mobile,Organic,Free,1-10
U005049,2024-12-01,US,Desktop,Google Ads,Pro,1-10
U005050,2025-04-09,US,Mobile,Google Ads,Pro,201-1000
U005051,2024-08-09,Germany,Mobile,Google Ads,Free,1-10
U005052,2025-09-23,Germany,Desktop,Social Media,Free,11-50
U005053,2024-07-29,India,Mobile,Google Ads,Free,1-10
U005054,2024-04-18,India,Desktop,Google Ads,Free,1-10
U005055,2025-02-13,Brazil,Desktop,Google Ads,Pro,1-10
U005056,2025-07-03,India,Desktop,Google Ads,Free,201-1000
U005057,2025-02-14,US,Desktop,Social Media,Free,11-50
U005058,2024-10-16,Canada,Desktop,Email,Free,1-10
U005059,2025-05-04,UK,Mobile,Social Media,Free,1-10
U005060,2024-12-10,Australia,Desktop,Organic,Basic,11-50
U005061,2025-11-28,US,Mobile,Social Media,Free,1-10
U005062,2025-11-23,Australia,Desktop,Organic,Pro,1000+
U005063,2025-03-29,US,Desktop,Organic,Basic,201-1000
U005064,2024-11-26,US,Desktop,Organic,Basic,51-200
U005065,2025-08-17,US,Desktop,Organic,Free,201-1000
U005066,2024-02-20,China,Mobile,Google Ads,Free,1-10
U005067,2025-03-11,Canada,Mobile,Organic,Basic,1-10
U005068,2024-12-02,Germany,Desktop,Organic,Basic,1-10
U005069,2025-11-22,Canada,Desktop,Organic,Pro,1-10
U005070,2024-01-18,India,Mobile,Organic,Basic,201-1000
U005071,2025-04-30,Japan,Desktop,Organic,Pro,1-10
U005072,2025-08-19,France,Desktop,Google Ads,Free,51-200
U005073,2025-03-18,US,Mobile,Email,Free,11-50
U005074,2024-04-18,UK,Desktop,Email,Basic,11-50
U005075,2025-12-18,Canada,Tablet,Email,Free,1-10
U005076,2025-04-08,Canada,Mobile,Organic,Free,1-10
U005077,2025-06-07,Australia,Desktop,Organic,Pro,11-50
U005078,2024-09-13,Canada,Desktop,Organic,Free,1-10
U005079,2025-03-17,US,Mobile,Google Ads,Free,1-10
U005080,2025-02-08,France,Desktop,Organic,Basic,11-50
U005081,2024-04-06,Germany,Tablet,Google Ads,Enterprise,1000+
U005082,2024-05-11,Australia,Mobile,Organic,Pro,51-200
U005083,2025-10-10,Germany,Desktop,Organic,Free,1-10
U005084,2024-09-16,India,Mobile,Email,Free,11-50
U005085,2024-08-07,India,Desktop,Google Ads,Free,1-10
U005086,2025-03-31,UK,Desktop,Google Ads,Free,1-10
U005087,2025-09-03,US,Mobile,Google Ads,Basic,51-200
U005088,2024-03-22,Canada,Mobile,Email,Free,51-200
U005089,2025-05-15,France,Mobile,Google Ads,Free,51-200
U005090,2024-05-25,US,Desktop,Email,Enterprise,51-200
U005091,2024-02-19,Brazil,Mobile,Organic,Pro,51-200
U005092,2024-03-11,Japan,Desktop,Google Ads,Pro,1-10
U005093,2025-10-08,Germany,Mobile,Google Ads,Basic,201-1000
U005094,2024-05-24,US,Mobile,Social Media,Basic,1-10
U005095,2024-03-01,Canada,Mobile,Email,Free,1-10
U005096,2025-02-14,China,Mobile,Email,Free,51-200
U005097,2025-10-14,India,Mobile,Social Media,Free,201-1000
U005098,2024-10-05,Japan,Tablet,Social Media,Free,11-50
U005099,2025-02-03,US,Tablet,Social Media,Pro,11-50
U005100,2024-02-24,Germany,Mobile,Email,Free,1-10
U005101,2025-02-21,US,Tablet,Google Ads,Free,11-50
U005102,2025-05-16,US,Mobile,Organic,Free,1-10
U005103,2025-05-11,China,Mobile,Social Media,Free,1-10
U005104,2024-11-29,Canada,Desktop,Organic,Enterprise,51-200
U005105,2024-11-16,Germany,Desktop,Google Ads,Basic,51-200
U005106,2024-05-12,US,Mobile,Social Media,Basic,11-50
U005107,2024-12-25,Japan,Desktop,Social Media,Basic,51-200
U005108,2024-05-04,Canada,Mobile,Google Ads,Basic,11-50
U005109,2025-09-02,Brazil,Desktop,Organic,Pro,51-200
U005110,2025-12-15,Canada,Desktop,Organic,Basic,201-1000
U005111,2025-12-17,India,Mobile,Social Media,Pro,11-50
U005112,2025-10-25,Brazil,Tablet,Organic,Enterprise,201-1000
U005113,2025-05-30,US,Desktop,Social Media,Enterprise,51-200
U005114,2025-07-28,UK,Mobile,Email,Free,1-10
U005115,2024-10-23,UK,Mobile,Google Ads,Pro,201-1000
U005116,2025-06-17,India,Desktop,Email,Free,11-50
U005117,2025-02-26,Canada,Desktop,Email,Pro,51-200
U005118,2025-03-16,Canada,Desktop,Social Media,Enterprise,51-200
U005119,2025-08-28,US,Desktop,Organic,Enterprise,51-200
U005120,2024-10-21,US,Desktop,Organic,Pro,1000+
U005121,2024-11-18,UK,Desktop,Google Ads,Free,1-10
U005122,2025-11-24,US,Desktop,Google Ads,Free,11-50
U005123,2024-03-15,Japan,Mobile,Organic,Free,1-10
U005124,2025-03-18,Canada,Mobile,Social Media,Basic,201-1000
U005125,2025-11-18,Australia,Mobile,Social Media,Free,51-200
U005126,2025-06-05,Japan,Desktop,Social Media,Basic,1-10
U005127,2025-04-26,France,Mobile,Email,Free,11-50
U005128,2024-09-24,India,Mobile,Social Media,Basic,1-10
U005129,2024-12-08,US,Desktop,Email,Enterprise,51-200
U005130,2025-10-18,India,Tablet,Social Media,Basic,11-50
U005131,2025-05-04,India,Mobile,Google Ads,Basic,11-50
U005132,2025-04-06,Brazil,Mobile,Email,Free,1-10
U005133,2024-05-04,US,Mobile,Email,Basic,11-50
U005134,2024-01-23,UK,Desktop,Organic,Free,1-10
U005135,2025-12-14,UK,Desktop,Organic,Free,1-10
U005136,2025-01-02,Australia,Desktop,Social Media,Enterprise,201-1000
U005137,2025-05-31,Germany,Desktop,Social Media,Pro,51-200
U005138,2024-04-12,Brazil,Desktop,Google Ads,Basic,11-50
U005139,2025-07-17,Brazil,Mobile,Email,Free,11-50
U005140,2025-11-28,US,Desktop,Organic,Basic,51-200
U005141,2025-05-14,India,Tablet,Social Media,Basic,11-50
U005142,2024-06-01,Canada,Mobile,Organic,Free,1-10
U005143,2025-05-18,Germany,Desktop,Email,Free,11-50
U005144,2025-09-02,Australia,Desktop,Email,Free,11-50
U005145,2025-01-23,US,Desktop,Social Media,Basic,11-50
U005146,2025-11-01,US,Tablet,Organic,Basic,11-50
U005147,2025-06-27,Canada,Mobile,Google Ads,Pro,11-50
U005148,2025-11-11,France,Desktop,Google Ads,Basic,1-10
U005149,2025-06-12,Australia,Tablet,Social Media,Pro,51-200
U005150,2024-06-06,China,Mobile,Email,Free,1-10
U005151,2024-11-12,Australia,Desktop,Email,Free,1-10
U005152,2024-08-13,France,Mobile,Google Ads,Free,1-10
U005153,2025-11-16,France,Mobile,Google Ads,Free,1-10
U005154,2025-08-30,India,Desktop,Organic,Basic,11-50
U005155,2025-07-14,UK,Mobile,Google Ads,Free,1-10
U005156,2024-11-05,Australia,Desktop,Social Media,Pro,1000+
U005157,2024-07-28,Germany,Desktop,Social Media,Basic,51-200
U005158,2025-08-28,India,Desktop,Organic,Enterprise,201-1000
U005159,2025-03-10,Germany,Tablet,Organic,Enterprise,51-200
U005160,2024-09-03,India,Mobile,Organic,Free,1-10
U005161,2025-06-08,Germany,Desktop,Social Media,Basic,11-50
U005162,2024-02-24,US,Desktop,Google Ads,Basic,11-50
U005163,2024-11-25,Canada,Desktop,Google Ads,Free,1-10
U005164,2025-03-07,Germany,Mobile,Social Media,Free,1-10
U005165,2024-06-23,India,Desktop,Social Media,Pro,51-200
U005166,2025-12-24,US,Mobile,Google Ads,Pro,51-200
U005167,2024-08-20,US,Tablet,Social Media,Pro,51-200
U005168,2024-06-06,US,Mobile,Email,Free,51-200
U005169,2024-08-15,China,Desktop,Social Media,Basic,1-10
U005170,2025-09-04,US,Desktop,Google Ads,Basic,11-50
U005171,2025-02-05,Canada,Desktop,Organic,Basic,1-10
U005172,2025-05-08,US,Mobile,Google Ads,Free,1-10
U005173,2024-01-30,US,Mobile,Email,Free,1-10
U005174,2024-02-17,US,Mobile,Email,Basic,1-10
U005175,2025-02-19,US,Desktop,Email,Basic,11-50
U005176,2025-09-29,Brazil,Mobile,Organic,Basic,51-200
U005177,2025-11-04,Canada,Desktop,Google Ads,Enterprise,51-200
U005178,2024-04-20,Japan,Desktop,Social Media,Free,1-10
U005179,2025-04-21,US,Mobile,Google Ads,Free,51-200
U005180,2025-11-18,US,Desktop,Organic,Pro,51-200
U005181,2025-01-10,Germany,Mobile,Email,Enterprise,1000+
U005182,2025-10-06,Australia,Mobile,Email,Free,11-50
U005183,2024-06-09,US,Mobile,Social Media,Free,1-10
U005184,2025-11-30,China,Desktop,Organic,Pro,11-50
U005185,2025-08-25,Germany,Desktop,Organic,Free,11-50
U005186,2025-12-03,US,Desktop,Google Ads,Basic,51-200
U005187,2025-07-14,Germany,Desktop,Social Media,Free,1-10
U005188,2024-12-23,US,Tablet,Email,Pro,11-50
U005189,2025-12-01,France,Mobile,Google Ads,Free,1-10
U005190,2024-10-15,US,Desktop,Google Ads,Enterprise,1000+
U005191,2024-11-29,China,Tablet,Google Ads,Free,1-10
U005192,2025-07-28,US,Mobile,Organic,Free,51-200
U005193,2025-09-02,Australia,Desktop,Email,Enterprise,1000+
U005194,2025-11-27,US,Desktop,Google Ads,Free,11-50
U005195,2024-08-16,Canada,Desktop,Email,Free,11-50
U005196,2025-09-19,France,Tablet,Social Media,Free,1-10
U005197,2025-08-18,Australia,Desktop,Google Ads,Pro,1-10
U005198,2024-03-24,Germany,Mobile,Organic,Free,1-10
U005199,2025-01-09,China,Desktop,Google Ads,Free,1-10
U005200,2024-10-21,UK,Mobile,Google Ads,Basic,11-50
U005201,2024-11-08,US,Desktop,Google Ads,Free,11-50
U005202,2025-12-23,Germany,Tablet,Google Ads,Free,1-10
U005203,2025-06-24,US,Tablet,Organic,Pro,201-1000
U005204,2025-08-06,Australia,Desktop,Email,Free,1-10
U005205,2025-12-20,US,Mobile,Email,Free,1-10
U005206,2025-01-02,India,Mobile,Organic,Basic,11-50
U005207,2025-09-21,Japan,Tablet,Email,Pro,1000+
U005208,2025-02-11,India,Desktop,Organic,Free,11-50
U005209,2025-10-27,China,Desktop,Google Ads,Basic,1-10
U005210,2024-07-25,US,Mobile,Social Media,Basic,11-50
U005211,2025-12-06,India,Mobile,Email,Free,51-200
U005212,2024-08-28,US,Desktop,Organic,Free,1-10
U005213,2024-11-25,Australia,Mobile,Social Media,Free,1-10
U005214,2025-08-27,Brazil,Desktop,Social Media,Pro,11-50
U005215,2025-01-14,Australia,Mobile,Social Media,Free,1-10
U005216,2025-06-03,US,Desktop,Google Ads,Pro,51-200
U005217,2025-02-18,US,Desktop,Organic,Pro,1-10
U005218,2025-08-20,US,Desktop,Google Ads,Free,11-50
U005219,2024-09-06,US,Desktop,Email,Free,1-10
U005220,2024-03-18,US,Desktop,Google Ads,Enterprise,201-1000
U005221,2024-11-04,China,Desktop,Email,Free,1-10
U005222,2025-03-10,US,Desktop,Social Media,Basic,11-50
U005223,2024-07-13,India,Desktop,Social Media,Pro,1-10
U005224,2024-12-16,Canada,Mobile,Social Media,Free,11-50
U005225,2025-01-18,China,Desktop,Organic,Free,1-10
U005226,2024-03-17,UK,Desktop,Email,Free,1-10
U005227,2025-05-19,UK,Mobile,Organic,Free,1-10
U005228,2025-11-04,Germany,Tablet,Email,Free,11-50
U005229,2024-06-27,US,Mobile,Organic,Pro,1-10
U005230,2025-05-28,Japan,Desktop,Google Ads,Enterprise,51-200
U005231,2025-07-07,UK,Mobile,Organic,Free,1-10
U005232,2025-02-01,Canada,Tablet,Organic,Free,11-50
U005233,2025-07-28,Brazil,Desktop,Google Ads,Free,1-10
U005234,2025-01-26,Japan,Tablet,Organic,Free,11-50
U005235,2025-03-30,UK,Desktop,Google Ads,Free,11-50
U005236,2024-01-11,US,Desktop,Google Ads,Free,51-200
U005237,2025-07-22,Brazil,Desktop,Organic,Enterprise,201-1000
U005238,2025-07-05,India,Mobile,Email,Free,1-10
U005239,2024-02-22,US,Desktop,Social Media,Basic,51-200
U005240,2024-12-26,US,Desktop,Google Ads,Free,1-10
U005241,2025-12-21,US,Desktop,Social Media,Free,1-10
U005242,2025-02-02,Brazil,Desktop,Google Ads,Enterprise,51-200
U005243,2025-03-29,US,Desktop,Social Media,Free,51-200
U005244,2025-11-17,India,Mobile,Organic,Enterprise,201-1000
U005245,2025-08-06,Germany,Desktop,Social Media,Free,1-10
U005246,2025-05-18,India,Tablet,Social Media,Basic,11-50
U005247,2025-09-19,Canada,Desktop,Social Media,Enterprise,51-200
U005248,2025-10-24,Canada,Desktop,Google Ads,Free,51-200
U005249,2025-02-27,Germany,Desktop,Google Ads,Free,1-10
U005250,2025-03-11,US,Desktop,Organic,Pro,51-200
U005251,2025-01-08,Germany,Desktop,Social Media,Free,1-10
U005252,2025-12-15,Japan,Mobile,Social Media,Basic,51-200
U005253,2025-07-25,India,Mobile,Organic,Free,51-200
U005254,2024-04-16,Japan,Desktop,Organic,Free,11-50
U005255,2025-10-24,US,Desktop,Organic,Free,11-50
U005256,2025-03-15,Japan,Desktop,Email,Pro,11-50
U005257,2024-03-30,US,Mobile,Google Ads,Free,51-200
U005258,2025-04-28,Brazil,Mobile,Organic,Free,11-50
U005259,2025-01-30,UK,Desktop,Organic,Basic,51-200
U005260,2025-10-31,China,Desktop,Google Ads,Free,11-50
U005261,2024-08-15,US,Tablet,Social Media,Free,1-10
U005262,2025-10-04,Germany,Desktop,Google Ads,Free,11-50
U005263,2025-05-03,China,Desktop,Email,Basic,1-10
U005264,2024-03-13,US,Desktop,Google Ads,Basic,11-50
U005265,2025-12-18,France,Mobile,Organic,Free,1-10
U005266,2025-04-05,Japan,Tablet,Google Ads,Free,1-10
U005267,2024-10-28,India,Tablet,Email,Free,201-1000
U005268,2025-03-07,UK,Mobile,Google Ads,Basic,201-1000
U005269,2025-10-21,India,Desktop,Google Ads,Free,51-200
U005270,2024-11-08,India,Desktop,Social Media,Free,11-50
U005271,2024-08-05,Germany,Desktop,Social Media,Free,11-50
U005272,2024-06-04,China,Tablet,Google Ads,Basic,11-50
U005273,2024-11-02,Germany,Mobile,Email,Pro,11-50
U005274,2025-09-10,US,Desktop,Google Ads,Free,51-200
U005275,2025-03-09,US,Desktop,Google Ads,Free,51-200
U005276,2024-09-05,US,Desktop,Organic,Free,11-50
U005277,2024-07-11,UK,Tablet,Organic,Free,51-200
U005278,2024-11-30,Brazil,Desktop,Social Media,Basic,11-50
U005279,2025-12-02,France,Desktop,Organic,Enterprise,201-1000
U005280,2024-12-07,US,Desktop,Google Ads,Free,201-1000
U005281,2025-12-26,Australia,Desktop,Organic,Pro,51-200
U005282,2025-03-18,India,Tablet,Google Ads,Free,11-50
U005283,2024-07-23,Canada,Tablet,Google Ads,Pro,51-200
U005284,2025-11-07,China,Tablet,Social Media,Basic,11-50
U005285,2025-03-01,China,Mobile,Organic,Free,11-50
U005286,2025-08-02,US,Mobile,Google Ads,Pro,51-200
U005287,2025-12-24,US,Mobile,Email,Free,1-10
U005288,2024-03-08,US,Desktop,Google Ads,Basic,11-50
U005289,2024-05-01,China,Mobile,Organic,Pro,51-200
U005290,2025-08-08,UK,Desktop,Organic,Free,51-200
U005291,2024-10-21,Brazil,Mobile,Social Media,Basic,1-10
U005292,2024-07-28,UK,Desktop,Organic,Pro,11-50
U005293,2024-02-23,France,Desktop,Google Ads,Enterprise,51-200
U005294,2024-01-31,US,Mobile,Google Ads,Basic,201-1000
U005295,2025-09-07,US,Tablet,Organic,Free,11-50
U005296,2024-06-10,UK,Desktop,Social Media,Pro,1000+
U005297,2025-03-06,Germany,Desktop,Organic,Pro,51-200
U005298,2025-06-02,UK,Tablet,Email,Free,1-10
U005299,2025-02-07,Brazil,Mobile,Social Media,Pro,201-1000
U005300,2024-02-07,US,Desktop,Google Ads,Free,1-10
U005301,2025-09-11,UK,Mobile,Social Media,Free,1-10
U005302,2024-01-16,France,Desktop,Google Ads,Basic,11-50
U005303,2025-08-31,US,Desktop,Social Media,Enterprise,51-200
U005304,2025-11-08,Australia,Mobile,Social Media,Free,1-10
U005305,2025-02-10,Australia,Desktop,Google Ads,Enterprise,11-50
U005306,2025-04-19,US,Desktop,Google Ads,Enterprise,51-200
U005307,2025-03-12,US,Desktop,Organic,Enterprise,201-1000
U005308,2025-01-10,UK,Desktop,Organic,Enterprise,1000+
U005309,2025-11-05,Brazil,Desktop,Social Media,Enterprise,51-200
U005310,2025-11-09,India,Desktop,Social Media,Pro,11-50
U005311,2024-12-02,Japan,Desktop,Google Ads,Basic,1-10
U005312,2025-06-07,Brazil,Desktop,Email,Free,1-10
U005313,2025-11-25,US,Desktop,Organic,Free,11-50
U005314,2025-12-13,France,Desktop,Organic,Free,51-200
U005315,2025-04-02,China,Mobile,Organic,Free,11-50
U005316,2025-02-24,India,Mobile,Social Media,Free,1-10
U005317,2024-10-18,Canada,Desktop,Social Media,Enterprise,51-200
U005318,2025-12-11,China,Mobile,Google Ads,Basic,1-10
U005319,2024-06-18,US,Tablet,Organic,Free,201-1000
U005320,2025-05-17,Germany,Tablet,Google Ads,Basic,11-50
U005321,2024-10-21,India,Desktop,Email,Free,1-10
U005322,2024-10-18,US,Mobile,Email,Free,1-10
U005323,2025-01-22,Australia,Desktop,Email,Pro,51-200
U005324,2025-12-31,US,Desktop,Google Ads,Free,1-10
U005325,2024-03-14,China,Desktop,Email,Basic,51-200
U005326,2025-05-16,India,Desktop,Organic,Free,1-10
U005327,2024-04-15,US,Desktop,Organic,Basic,11-50
U005328,2024-06-30,Canada,Mobile,Organic,Pro,51-200
U005329,2025-02-15,Canada,Mobile,Google Ads,Free,1-10
U005330,2025-04-03,India,Desktop,Email,Enterprise,201-1000
U005331,2024-10-02,US,Desktop,Organic,Free,11-50
U005332,2024-11-17,US,Desktop,Google Ads,Basic,11-50
U005333,2024-04-20,UK,Desktop,Google Ads,Enterprise,201-1000
U005334,2024-11-07,US,Tablet,Email,Pro,201-1000
U005335,2025-12-15,India,Mobile,Google Ads,Free,1-10
U005336,2025-12-04,Australia,Tablet,Email,Free,1-10
U005337,2024-12-01,India,Mobile,Social Media,Basic,11-50
U005338,2025-05-11,Canada,Desktop,Social Media,Free,11-50
U005339,2025-11-17,Japan,Desktop,Social Media,Basic,1-10
U005340,2024-01-09,Germany,Desktop,Social Media,Pro,51-200
U005341,2025-09-26,Canada,Desktop,Organic,Basic,1-10
U005342,2025-12-06,Germany,Mobile,Google Ads,Free,1-10
U005343,2024-04-25,Canada,Desktop,Google Ads,Basic,51-200
U005344,2024-07-06,US,Desktop,Google Ads,Enterprise,201-1000
U005345,2025-12-12,US,Mobile,Social Media,Basic,51-200
U005346,2025-04-21,Canada,Mobile,Social Media,Basic,11-50
U005347,2024-01-21,India,Desktop,Social Media,Free,1-10
U005348,2024-10-01,Canada,Mobile,Organic,Free,11-50
U005349,2025-02-22,Australia,Desktop,Google Ads,Free,1-10
U005350,2025-07-23,US,Desktop,Organic,Basic,1-10
U005351,2025-08-15,India,Desktop,Organic,Free,1-10
U005352,2025-12-29,UK,Desktop,Google Ads,Basic,1-10
U005353,2024-10-25,Japan,Mobile,Organic,Basic,11-50
U005354,2025-04-21,France,Desktop,Email,Basic,201-1000
U005355,2025-04-18,US,Mobile,Social Media,Free,11-50
U005356,2025-01-22,India,Mobile,Email,Free,51-200
U005357,2024-07-14,China,Desktop,Organic,Pro,1000+
U005358,2025-12-20,US,Mobile,Google Ads,Free,1-10
U005359,2025-10-19,France,Desktop,Social Media,Free,1-10
U005360,2025-03-26,Japan,Desktop,Google Ads,Basic,11-50
U005361,2025-05-31,Australia,Mobile,Social Media,Free,51-200
U005362,2024-09-05,UK,Mobile,Organic,Free,1-10
U005363,2025-04-25,US,Desktop,Email,Free,1-10
U005364,2025-07-24,India,Tablet,Social Media,Free,1-10
U005365,2025-04-06,US,Desktop,Organic,Enterprise,201-1000
U005366,2025-12-27,Australia,Tablet,Social Media,Pro,51-200
U005367,2025-06-05,US,Desktop,Google Ads,Basic,11-50
U005368,2024-12-28,Brazil,Desktop,Organic,Enterprise,1000+
U005369,2025-09-05,India,Desktop,Social Media,Pro,1-10
U005370,2024-07-15,UK,Desktop,Organic,Pro,1000+
U005371,2025-01-07,US,Mobile,Google Ads,Free,1-10
U005372,2024-12-10,Japan,Mobile,Google Ads,Free,51-200
U005373,2025-02-10,India,Desktop,Social Media,Free,1-10
U005374,2025-09-10,US,Desktop,Social Media,Basic,51-200
U005375,2025-03-17,Canada,Desktop,Organic,Free,1-10
U005376,2025-09-17,UK,Desktop,Organic,Free,11-50
U005377,2025-05-15,Germany,Mobile,Organic,Free,51-200
U005378,2024-12-07,India,Mobile,Social Media,Free,1-10
U005379,2025-09-26,US,Tablet,Social Media,Pro,11-50
U005380,2024-09-14,Australia,Desktop,Email,Free,1-10
U005381,2024-09-02,UK,Desktop,Organic,Pro,11-50
U005382,2025-03-30,US,Mobile,Google Ads,Basic,1-10
U005383,2024-10-03,UK,Tablet,Social Media,Basic,11-50
U005384,2024-01-14,Japan,Mobile,Social Media,Free,1-10
U005385,2025-06-27,India,Desktop,Email,Enterprise,201-1000
U005386,2025-04-04,China,Desktop,Organic,Free,51-200
U005387,2025-02-19,US,Mobile,Organic,Basic,11-50
U005388,2025-12-15,US,Mobile,Google Ads,Free,1-10
U005389,2025-05-12,France,Mobile,Social Media,Free,1-10
U005390,2025-10-24,US,Desktop,Organic,Free,1-10
U005391,2024-06-15,Canada,Tablet,Organic,Free,1-10
U005392,2025-05-10,US,Desktop,Social Media,Enterprise,201-1000
U005393,2025-10-26,France,Tablet,Google Ads,Pro,1000+
U005394,2025-05-19,UK,Mobile,Organic,Pro,201-1000
U005395,2025-08-06,Japan,Mobile,Social Media,Free,1-10
U005396,2024-12-29,US,Mobile,Social Media,Free,1-10
U005397,2024-04-26,US,Desktop,Social Media,Free,1-10
U005398,2025-02-27,US,Desktop,Email,Enterprise,1000+
U005399,2025-01-14,US,Desktop,Organic,Free,201-1000
U005400,2025-10-26,UK,Desktop,Email,Free,1-10
U005401,2024-09-19,India,Desktop,Google Ads,Enterprise,201-1000
U005402,2025-12-15,India,Desktop,Google Ads,Basic,11-50
U005403,2025-12-11,Brazil,Mobile,Social Media,Basic,11-50
U005404,2024-09-22,Japan,Desktop,Social Media,Free,1-10
U005405,2024-12-11,Japan,Mobile,Email,Free,11-50
U005406,2025-11-09,Germany,Mobile,Email,Basic,11-50
U005407,2025-12-15,Germany,Desktop,Organic,Basic,11-50
U005408,2025-02-18,Germany,Desktop,Organic,Free,1-10
U005409,2024-11-21,France,Desktop,Social Media,Free,11-50
U005410,2025-04-13,US,Mobile,Email,Free,11-50
U005411,2025-07-20,US,Mobile,Social Media,Basic,11-50
U005412,2024-10-14,Japan,Desktop,Google Ads,Free,11-50
U005413,2025-08-17,US,Mobile,Google Ads,Free,1-10
U005414,2024-03-10,Canada,Desktop,Google Ads,Basic,1-10
U005415,2024-03-07,Canada,Mobile,Google Ads,Basic,1-10
U005416,2025-01-08,US,Desktop,Social Media,Free,1-10
U005417,2024-12-15,US,Mobile,Email,Free,1-10
U005418,2024-11-16,India,Tablet,Google Ads,Free,11-50
U005419,2025-03-21,Japan,Mobile,Google Ads,Free,1-10
U005420,2024-11-20,US,Desktop,Social Media,Enterprise,11-50
U005421,2024-08-04,China,Desktop,Google Ads,Free,11-50
U005422,2024-11-12,India,Mobile,Organic,Basic,11-50
U005423,2025-12-19,UK,Desktop,Organic,Free,1-10
U005424,2025-01-26,US,Desktop,Google Ads,Basic,1-10
U005425,2025-02-18,Brazil,Mobile,Social Media,Basic,1-10
U005426,2025-05-15,US,Desktop,Google Ads,Free,1-10
U005427,2025-12-23,France,Desktop,Organic,Pro,201-1000
U005428,2024-09-17,Germany,Tablet,Google Ads,Basic,1-10
U005429,2025-07-16,India,Desktop,Social Media,Pro,51-200
U005430,2025-08-05,Canada,Desktop,Google Ads,Free,201-1000
U005431,2025-06-03,Canada,Mobile,Organic,Free,11-50
U005432,2024-04-22,UK,Mobile,Google Ads,Basic,11-50
U005433,2025-07-14,US,Desktop,Google Ads,Free,11-50
U005434,2024-03-25,Brazil,Mobile,Organic,Basic,51-200
U005435,2025-05-27,Germany,Mobile,Social Media,Free,1-10
U005436,2025-08-18,US,Desktop,Google Ads,Free,51-200
U005437,2024-08-21,Canada,Desktop,Google Ads,Pro,51-200
U005438,2025-10-12,US,Desktop,Google Ads,Pro,201-1000
U005439,2024-02-12,US,Mobile,Google Ads,Basic,201-1000
U005440,2025-10-14,US,Mobile,Social Media,Pro,51-200
U005441,2025-03-01,Japan,Desktop,Social Media,Pro,51-200
U005442,2024-08-27,China,Mobile,Organic,Free,11-50
U005443,2024-06-09,UK,Mobile,Organic,Enterprise,1000+
U005444,2025-12-09,UK,Desktop,Google Ads,Basic,51-200
U005445,2024-04-04,UK,Mobile,Organic,Basic,1-10
U005446,2024-08-11,China,Desktop,Email,Free,11-50
U005447,2024-12-11,US,Tablet,Google Ads,Pro,201-1000
U005448,2025-06-11,Canada,Mobile,Email,Free,11-50
U005449,2025-04-25,US,Mobile,Email,Free,11-50
U005450,2024-06-01,Australia,Mobile,Social Media,Free,1-10
U005451,2024-10-27,US,Mobile,Google Ads,Free,1-10
U005452,2024-09-15,Brazil,Mobile,Organic,Free,11-50
U005453,2024-08-24,US,Mobile,Organic,Pro,1000+
U005454,2025-01-26,US,Tablet,Google Ads,Basic,1-10
U005455,2025-07-29,Canada,Mobile,Organic,Free,1-10
U005456,2024-08-27,Canada,Desktop,Email,Basic,51-200
U005457,2024-12-25,Germany,Tablet,Google Ads,Free,11-50
U005458,2025-01-12,China,Mobile,Google Ads,Free,11-50
U005459,2025-12-20,India,Mobile,Organic,Free,1-10
U005460,2025-12-09,Canada,Tablet,Google Ads,Pro,201-1000
U005461,2025-09-20,UK,Desktop,Organic,Free,11-50
U005462,2024-09-17,India,Desktop,Google Ads,Free,11-50
U005463,2024-03-29,India,Desktop,Organic,Free,11-50
U005464,2024-11-17,UK,Mobile,Google Ads,Basic,11-50
U005465,2024-10-08,Canada,Mobile,Organic,Basic,1000+
U005466,2025-03-31,US,Tablet,Organic,Free,11-50
U005467,2025-09-08,US,Desktop,Social Media,Free,1-10
U005468,2025-10-21,India,Mobile,Organic,Basic,201-1000
U005469,2025-10-14,Japan,Tablet,Google Ads,Basic,201-1000
U005470,2024-12-20,US,Mobile,Organic,Free,11-50
U005471,2025-07-20,UK,Desktop,Social Media,Enterprise,201-1000
U005472,2024-11-14,Australia,Mobile,Google Ads,Pro,51-200
U005473,2024-03-21,US,Tablet,Organic,Free,1-10
U005474,2025-07-28,China,Tablet,Social Media,Basic,1-10
U005475,2024-01-15,Brazil,Mobile,Google Ads,Free,1-10
U005476,2025-01-25,Germany,Mobile,Organic,Basic,11-50
U005477,2024-11-27,Australia,Desktop,Organic,Basic,1-10
U005478,2025-07-23,China,Desktop,Social Media,Free,51-200
U005479,2025-09-02,Germany,Tablet,Social Media,Pro,51-200
U005480,2024-11-07,India,Desktop,Social Media,Pro,51-200
U005481,2025-09-27,China,Desktop,Social Media,Free,1-10
U005482,2024-10-30,India,Desktop,Google Ads,Free,1-10
U005483,2025-02-20,Canada,Mobile,Organic,Free,51-200
U005484,2025-08-11,UK,Mobile,Social Media,Basic,11-50
U005485,2025-07-23,US,Desktop,Social Media,Pro,51-200
U005486,2025-12-25,US,Tablet,Google Ads,Free,11-50
U005487,2024-09-03,US,Tablet,Email,Free,1-10
U005488,2025-07-05,US,Desktop,Social Media,Pro,51-200
U005489,2025-06-04,Canada,Desktop,Email,Free,1-10
U005490,2025-11-19,China,Mobile,Social Media,Basic,1-10
U005491,2024-07-01,China,Mobile,Organic,Free,1-10
U005492,2025-08-25,Japan,Desktop,Organic,Enterprise,1000+
U005493,2025-05-10,France,Desktop,Social Media,Free,1-10
U005494,2024-10-15,India,Desktop,Social Media,Free,1-10
U005495,2025-03-11,Canada,Desktop,Organic,Free,1-10
U005496,2024-11-30,UK,Desktop,Social Media,Pro,51-200
U005497,2025-05-17,Canada,Mobile,Social Media,Free,1-10
U005498,2025-11-06,China,Mobile,Organic,Free,1-10
U005499,2025-05-10,US,Mobile,Organic,Enterprise,201-1000
U005500,2025-06-17,India,Desktop,Email,Enterprise,51-200
